job_or_cluster_id,job_id,complaint_id,team_id,work_type,work_type_compatible,workers_required,team_worker_capacity,workers_feasible,required_equipment,team_available_equipment,equipment_missing,equipment_feasible,service_duration_hours,shift_hours,hours_feasible,availability_feasible,overall_feasible,reason,depot_status,source
120,120,120,T002,WATER,True,4.0,5.0,True,drain_cleaning_tools,drain_cleaning_tools|truck_5_5_cum_per_10_mt|water_leakage_repair_tools,,True,14.4,9.0,False,True,False,SERVICE_DURATION_EXCEEDS_SINGLE_SHIFT,TO_BE_CONFIGURED,synthetic_prototype
305,305,305,T001,ROAD,True,3.0,6.0,True,joint_cutting_machine|plate_compactor,joint_cutting_machine|plate_compactor,,True,3.8,9.0,True,True,True,FEASIBLE,TO_BE_CONFIGURED,synthetic_prototype
369,369,369,T004,ELECTRICITY,True,4.0,4.0,True,electrical_maintenance_tools,electrical_maintenance_tools,,True,3.0,9.0,True,True,True,FEASIBLE,TO_BE_CONFIGURED,synthetic_prototype
347,347,347,T001,ROAD,True,3.0,6.0,True,joint_cutting_machine|plate_compactor,joint_cutting_machine|plate_compactor,,True,8.1,9.0,True,True,True,FEASIBLE,TO_BE_CONFIGURED,synthetic_prototype
102,102,102,T002,WATER,True,4.0,5.0,True,drain_cleaning_tools,drain_cleaning_tools|truck_5_5_cum_per_10_mt|water_leakage_repair_tools,,True,11.6,9.0,False,True,False,SERVICE_DURATION_EXCEEDS_SINGLE_SHIFT,TO_BE_CONFIGURED,synthetic_prototype
54,54,54,T002,WATER,True,4.0,5.0,True,drain_cleaning_tools,drain_cleaning_tools|truck_5_5_cum_per_10_mt|water_leakage_repair_tools,,True,17.4,9.0,False,True,False,SERVICE_DURATION_EXCEEDS_SINGLE_SHIFT,TO_BE_CONFIGURED,synthetic_prototype
243,243,243,T001,ROAD,True,4.0,6.0,True,joint_cutting_machine|plate_compactor,joint_cutting_machine|plate_compactor,,True,8.9,9.0,True,True,True,FEASIBLE,TO_BE_CONFIGURED,synthetic_prototype
8,8,8,T002,WATER,True,3.0,5.0,True,water_leakage_repair_tools,drain_cleaning_tools|truck_5_5_cum_per_10_mt|water_leakage_repair_tools,,True,5.6,9.0,True,True,True,FEASIBLE,TO_BE_CONFIGURED,synthetic_prototype
414,414,414,T002,WATER,True,4.0,5.0,True,truck_5_5_cum_per_10_mt,drain_cleaning_tools|truck_5_5_cum_per_10_mt|water_leakage_repair_tools,,True,31.4,9.0,False,True,False,SERVICE_DURATION_EXCEEDS_SINGLE_SHIFT,TO_BE_CONFIGURED,synthetic_prototype
339,339,339,T003,GARBAGE,True,4.0,4.0,True,manual_garbage_collection_tools,manual_garbage_collection_tools,,True,11.6,9.0,False,True,False,SERVICE_DURATION_EXCEEDS_SINGLE_SHIFT,TO_BE_CONFIGURED,synthetic_prototype
156,156,156,T002,WATER,True,4.0,5.0,True,water_leakage_repair_tools,drain_cleaning_tools|truck_5_5_cum_per_10_mt|water_leakage_repair_tools,,True,14.2,9.0,False,True,False,SERVICE_DURATION_EXCEEDS_SINGLE_SHIFT,TO_BE_CONFIGURED,synthetic_prototype
110,110,110,T001,ROAD,True,3.0,6.0,True,joint_cutting_machine|plate_compactor,joint_cutting_machine|plate_compactor,,True,4.9,9.0,True,True,True,FEASIBLE,TO_BE_CONFIGURED,synthetic_prototype
471,471,471,T002,WATER,True,4.0,5.0,True,drain_cleaning_tools,drain_cleaning_tools|truck_5_5_cum_per_10_mt|water_leakage_repair_tools,,True,17.9,9.0,False,True,False,SERVICE_DURATION_EXCEEDS_SINGLE_SHIFT,TO_BE_CONFIGURED,synthetic_prototype
9,9,9,T002,WATER,True,4.0,5.0,True,truck_5_5_cum_per_10_mt,drain_cleaning_tools|truck_5_5_cum_per_10_mt|water_leakage_repair_tools,,True,32.3,9.0,False,True,False,SERVICE_DURATION_EXCEEDS_SINGLE_SHIFT,TO_BE_CONFIGURED,synthetic_prototype
195,195,195,T003,GARBAGE,True,4.0,4.0,True,manual_garbage_collection_tools,manual_garbage_collection_tools,,True,15.0,9.0,False,True,False,SERVICE_DURATION_EXCEEDS_SINGLE_SHIFT,TO_BE_CONFIGURED,synthetic_prototype
207,207,207,T003,GARBAGE,True,4.0,4.0,True,manual_garbage_collection_tools,manual_garbage_collection_tools,,True,14.3,9.0,False,True,False,SERVICE_DURATION_EXCEEDS_SINGLE_SHIFT,TO_BE_CONFIGURED,synthetic_prototype
228,228,228,T002,WATER,True,4.0,5.0,True,truck_5_5_cum_per_10_mt,drain_cleaning_tools|truck_5_5_cum_per_10_mt|water_leakage_repair_tools,,True,41.4,9.0,False,True,False,SERVICE_DURATION_EXCEEDS_SINGLE_SHIFT,TO_BE_CONFIGURED,synthetic_prototype
96,96,96,T001,ROAD,True,4.0,6.0,True,joint_cutting_machine|plate_compactor,joint_cutting_machine|plate_compactor,,True,7.1,9.0,True,True,True,FEASIBLE,TO_BE_CONFIGURED,synthetic_prototype
198,198,198,T002,WATER,True,4.0,5.0,True,truck_5_5_cum_per_10_mt,drain_cleaning_tools|truck_5_5_cum_per_10_mt|water_leakage_repair_tools,,True,24.1,9.0,False,True,False,SERVICE_DURATION_EXCEEDS_SINGLE_SHIFT,TO_BE_CONFIGURED,synthetic_prototype
275,275,275,T001,ROAD,True,3.0,6.0,True,joint_cutting_machine|plate_compactor,joint_cutting_machine|plate_compactor,,True,4.6,9.0,True,True,True,FEASIBLE,TO_BE_CONFIGURED,synthetic_prototype
230,230,230,T004,ELECTRICITY,True,3.0,4.0,True,electrical_maintenance_tools,electrical_maintenance_tools,,True,2.0,9.0,True,True,True,FEASIBLE,TO_BE_CONFIGURED,synthetic_prototype
92,92,92,T001,ROAD,True,3.0,6.0,True,joint_cutting_machine|plate_compactor,joint_cutting_machine|plate_compactor,,True,8.5,9.0,True,True,True,FEASIBLE,TO_BE_CONFIGURED,synthetic_prototype
273,273,273,T001,ROAD,True,4.0,6.0,True,joint_cutting_machine|plate_compactor,joint_cutting_machine|plate_compactor,,True,14.9,9.0,False,True,False,SERVICE_DURATION_EXCEEDS_SINGLE_SHIFT,TO_BE_CONFIGURED,synthetic_prototype
439,439,439,T002,WATER,True,2.0,5.0,True,water_leakage_repair_tools,drain_cleaning_tools|truck_5_5_cum_per_10_mt|water_leakage_repair_tools,,True,2.6,9.0,True,True,True,FEASIBLE,TO_BE_CONFIGURED,synthetic_prototype
459,459,459,T004,ELECTRICITY,True,4.0,4.0,True,electrical_maintenance_tools,electrical_maintenance_tools,,True,3.0,9.0,True,True,True,FEASIBLE,TO_BE_CONFIGURED,synthetic_prototype
324,324,324,T002,WATER,True,4.0,5.0,True,truck_5_5_cum_per_10_mt,drain_cleaning_tools|truck_5_5_cum_per_10_mt|water_leakage_repair_tools,,True,34.8,9.0,False,True,False,SERVICE_DURATION_EXCEEDS_SINGLE_SHIFT,TO_BE_CONFIGURED,synthetic_prototype
444,444,444,T003,GARBAGE,True,4.0,4.0,True,manual_garbage_collection_tools,manual_garbage_collection_tools,,True,12.8,9.0,False,True,False,SERVICE_DURATION_EXCEEDS_SINGLE_SHIFT,TO_BE_CONFIGURED,synthetic_prototype
360,360,360,T004,ELECTRICITY,True,4.0,4.0,True,electrical_maintenance_tools,electrical_maintenance_tools,,True,3.0,9.0,True,True,True,FEASIBLE,TO_BE_CONFIGURED,synthetic_prototype
249,249,249,T004,ELECTRICITY,True,4.0,4.0,True,electrical_maintenance_tools,electrical_maintenance_tools,,True,3.0,9.0,True,True,True,FEASIBLE,TO_BE_CONFIGURED,synthetic_prototype
134,134,134,T002,WATER,True,3.0,5.0,True,water_leakage_repair_tools,drain_cleaning_tools|truck_5_5_cum_per_10_mt|water_leakage_repair_tools,,True,6.9,9.0,True,True,True,FEASIBLE,TO_BE_CONFIGURED,synthetic_prototype
17,17,17,T003,GARBAGE,True,3.0,4.0,True,manual_garbage_collection_tools,manual_garbage_collection_tools,,True,7.1,9.0,True,True,True,FEASIBLE,TO_BE_CONFIGURED,synthetic_prototype
453,453,453,T003,GARBAGE,True,4.0,4.0,True,manual_garbage_collection_tools,manual_garbage_collection_tools,,True,12.3,9.0,False,True,False,SERVICE_DURATION_EXCEEDS_SINGLE_SHIFT,TO_BE_CONFIGURED,synthetic_prototype
105,105,105,T001,ROAD,True,4.0,6.0,True,joint_cutting_machine|plate_compactor,joint_cutting_machine|plate_compactor,,True,21.8,9.0,False,True,False,SERVICE_DURATION_EXCEEDS_SINGLE_SHIFT,TO_BE_CONFIGURED,synthetic_prototype
174,174,174,T004,ELECTRICITY,True,4.0,4.0,True,electrical_maintenance_tools,electrical_maintenance_tools,,True,3.0,9.0,True,True,True,FEASIBLE,TO_BE_CONFIGURED,synthetic_prototype
87,87,87,T001,ROAD,True,4.0,6.0,True,joint_cutting_machine|plate_compactor,joint_cutting_machine|plate_compactor,,True,6.4,9.0,True,True,True,FEASIBLE,TO_BE_CONFIGURED,synthetic_prototype
341,341,341,T002,WATER,True,3.0,5.0,True,water_leakage_repair_tools,drain_cleaning_tools|truck_5_5_cum_per_10_mt|water_leakage_repair_tools,,True,7.4,9.0,True,True,True,FEASIBLE,TO_BE_CONFIGURED,synthetic_prototype
351,351,351,T004,ELECTRICITY,True,4.0,4.0,True,electrical_maintenance_tools,electrical_maintenance_tools,,True,3.0,9.0,True,True,True,FEASIBLE,TO_BE_CONFIGURED,synthetic_prototype
215,215,215,T002,WATER,True,3.0,5.0,True,water_leakage_repair_tools,drain_cleaning_tools|truck_5_5_cum_per_10_mt|water_leakage_repair_tools,,True,4.7,9.0,True,True,True,FEASIBLE,TO_BE_CONFIGURED,synthetic_prototype
240,240,240,T002,WATER,True,4.0,5.0,True,truck_5_5_cum_per_10_mt,drain_cleaning_tools|truck_5_5_cum_per_10_mt|water_leakage_repair_tools,,True,40.3,9.0,False,True,False,SERVICE_DURATION_EXCEEDS_SINGLE_SHIFT,TO_BE_CONFIGURED,synthetic_prototype
168,168,168,T002,WATER,True,4.0,5.0,True,drain_cleaning_tools,drain_cleaning_tools|truck_5_5_cum_per_10_mt|water_leakage_repair_tools,,True,16.1,9.0,False,True,False,SERVICE_DURATION_EXCEEDS_SINGLE_SHIFT,TO_BE_CONFIGURED,synthetic_prototype
278,278,278,T002,WATER,True,3.0,5.0,True,drain_cleaning_tools,drain_cleaning_tools|truck_5_5_cum_per_10_mt|water_leakage_repair_tools,,True,9.0,9.0,True,True,True,FEASIBLE,TO_BE_CONFIGURED,synthetic_prototype
315,315,315,T002,WATER,True,4.0,5.0,True,drain_cleaning_tools,drain_cleaning_tools|truck_5_5_cum_per_10_mt|water_leakage_repair_tools,,True,13.6,9.0,False,True,False,SERVICE_DURATION_EXCEEDS_SINGLE_SHIFT,TO_BE_CONFIGURED,synthetic_prototype
330,330,330,T002,WATER,True,4.0,5.0,True,truck_5_5_cum_per_10_mt,drain_cleaning_tools|truck_5_5_cum_per_10_mt|water_leakage_repair_tools,,True,42.0,9.0,False,True,False,SERVICE_DURATION_EXCEEDS_SINGLE_SHIFT,TO_BE_CONFIGURED,synthetic_prototype
201,201,201,T002,WATER,True,4.0,5.0,True,water_leakage_repair_tools,drain_cleaning_tools|truck_5_5_cum_per_10_mt|water_leakage_repair_tools,,True,11.0,9.0,False,True,False,SERVICE_DURATION_EXCEEDS_SINGLE_SHIFT,TO_BE_CONFIGURED,synthetic_prototype
36,36,36,T001,ROAD,True,4.0,6.0,True,joint_cutting_machine|plate_compactor,joint_cutting_machine|plate_compactor,,True,16.3,9.0,False,True,False,SERVICE_DURATION_EXCEEDS_SINGLE_SHIFT,TO_BE_CONFIGURED,synthetic_prototype
15,15,15,T002,WATER,True,4.0,5.0,True,water_leakage_repair_tools,drain_cleaning_tools|truck_5_5_cum_per_10_mt|water_leakage_repair_tools,,True,17.7,9.0,False,True,False,SERVICE_DURATION_EXCEEDS_SINGLE_SHIFT,TO_BE_CONFIGURED,synthetic_prototype
473,473,473,T002,WATER,True,3.0,5.0,True,water_leakage_repair_tools,drain_cleaning_tools|truck_5_5_cum_per_10_mt|water_leakage_repair_tools,,True,6.2,9.0,True,True,True,FEASIBLE,TO_BE_CONFIGURED,synthetic_prototype
287,287,287,T003,GARBAGE,True,3.0,4.0,True,manual_garbage_collection_tools,manual_garbage_collection_tools,,True,7.3,9.0,True,True,True,FEASIBLE,TO_BE_CONFIGURED,synthetic_prototype
84,84,84,T001,ROAD,True,4.0,6.0,True,joint_cutting_machine|plate_compactor,joint_cutting_machine|plate_compactor,,True,8.2,9.0,True,True,True,FEASIBLE,TO_BE_CONFIGURED,synthetic_prototype
135,135,135,T002,WATER,True,4.0,5.0,True,drain_cleaning_tools,drain_cleaning_tools|truck_5_5_cum_per_10_mt|water_leakage_repair_tools,,True,15.5,9.0,False,True,False,SERVICE_DURATION_EXCEEDS_SINGLE_SHIFT,TO_BE_CONFIGURED,synthetic_prototype
302,302,302,T002,WATER,True,3.0,5.0,True,water_leakage_repair_tools,drain_cleaning_tools|truck_5_5_cum_per_10_mt|water_leakage_repair_tools,,True,9.3,9.0,False,True,False,SERVICE_DURATION_EXCEEDS_SINGLE_SHIFT,TO_BE_CONFIGURED,synthetic_prototype
222,222,222,T004,ELECTRICITY,True,4.0,4.0,True,electrical_maintenance_tools,electrical_maintenance_tools,,True,3.0,9.0,True,True,True,FEASIBLE,TO_BE_CONFIGURED,synthetic_prototype
138,138,138,T001,ROAD,True,4.0,6.0,True,joint_cutting_machine|plate_compactor,joint_cutting_machine|plate_compactor,,True,14.9,9.0,False,True,False,SERVICE_DURATION_EXCEEDS_SINGLE_SHIFT,TO_BE_CONFIGURED,synthetic_prototype
406,406,406,T002,WATER,True,2.0,5.0,True,truck_5_5_cum_per_10_mt,drain_cleaning_tools|truck_5_5_cum_per_10_mt|water_leakage_repair_tools,,True,5.6,9.0,True,True,True,FEASIBLE,TO_BE_CONFIGURED,synthetic_prototype
378,378,378,T002,WATER,True,4.0,5.0,True,drain_cleaning_tools,drain_cleaning_tools|truck_5_5_cum_per_10_mt|water_leakage_repair_tools,,True,10.7,9.0,False,True,False,SERVICE_DURATION_EXCEEDS_SINGLE_SHIFT,TO_BE_CONFIGURED,synthetic_prototype
290,290,290,T003,GARBAGE,True,3.0,4.0,True,manual_garbage_collection_tools,manual_garbage_collection_tools,,True,7.2,9.0,True,True,True,FEASIBLE,TO_BE_CONFIGURED,synthetic_prototype
50,50,50,T001,ROAD,True,3.0,6.0,True,joint_cutting_machine|plate_compactor,joint_cutting_machine|plate_compactor,,True,4.2,9.0,True,True,True,FEASIBLE,TO_BE_CONFIGURED,synthetic_prototype
132,132,132,T001,ROAD,True,4.0,6.0,True,joint_cutting_machine|plate_compactor,joint_cutting_machine|plate_compactor,,True,7.2,9.0,True,True,True,FEASIBLE,TO_BE_CONFIGURED,synthetic_prototype
180,180,180,T002,WATER,True,4.0,5.0,True,drain_cleaning_tools,drain_cleaning_tools|truck_5_5_cum_per_10_mt|water_leakage_repair_tools,,True,11.6,9.0,False,True,False,SERVICE_DURATION_EXCEEDS_SINGLE_SHIFT,TO_BE_CONFIGURED,synthetic_prototype
108,108,108,T002,WATER,True,4.0,5.0,True,truck_5_5_cum_per_10_mt,drain_cleaning_tools|truck_5_5_cum_per_10_mt|water_leakage_repair_tools,,True,25.6,9.0,False,True,False,SERVICE_DURATION_EXCEEDS_SINGLE_SHIFT,TO_BE_CONFIGURED,synthetic_prototype
239,239,239,T002,WATER,True,3.0,5.0,True,drain_cleaning_tools,drain_cleaning_tools|truck_5_5_cum_per_10_mt|water_leakage_repair_tools,,True,5.1,9.0,True,True,True,FEASIBLE,TO_BE_CONFIGURED,synthetic_prototype
66,66,66,T002,WATER,True,4.0,5.0,True,water_leakage_repair_tools,drain_cleaning_tools|truck_5_5_cum_per_10_mt|water_leakage_repair_tools,,True,11.0,9.0,False,True,False,SERVICE_DURATION_EXCEEDS_SINGLE_SHIFT,TO_BE_CONFIGURED,synthetic_prototype
247,247,247,T003,GARBAGE,True,2.0,4.0,True,manual_garbage_collection_tools,manual_garbage_collection_tools,,True,2.7,9.0,True,True,True,FEASIBLE,TO_BE_CONFIGURED,synthetic_prototype
435,435,435,T002,WATER,True,4.0,5.0,True,water_leakage_repair_tools,drain_cleaning_tools|truck_5_5_cum_per_10_mt|water_leakage_repair_tools,,True,17.9,9.0,False,True,False,SERVICE_DURATION_EXCEEDS_SINGLE_SHIFT,TO_BE_CONFIGURED,synthetic_prototype
455,455,455,T001,ROAD,True,3.0,6.0,True,joint_cutting_machine|plate_compactor,joint_cutting_machine|plate_compactor,,True,11.4,9.0,False,True,False,SERVICE_DURATION_EXCEEDS_SINGLE_SHIFT,TO_BE_CONFIGURED,synthetic_prototype
258,258,258,T002,WATER,True,4.0,5.0,True,drain_cleaning_tools,drain_cleaning_tools|truck_5_5_cum_per_10_mt|water_leakage_repair_tools,,True,15.4,9.0,False,True,False,SERVICE_DURATION_EXCEEDS_SINGLE_SHIFT,TO_BE_CONFIGURED,synthetic_prototype
470,470,470,T004,ELECTRICITY,True,3.0,4.0,True,electrical_maintenance_tools,electrical_maintenance_tools,,True,2.0,9.0,True,True,True,FEASIBLE,TO_BE_CONFIGURED,synthetic_prototype
321,321,321,T001,ROAD,True,4.0,6.0,True,joint_cutting_machine|plate_compactor,joint_cutting_machine|plate_compactor,,True,6.8,9.0,True,True,True,FEASIBLE,TO_BE_CONFIGURED,synthetic_prototype
384,384,384,T002,WATER,True,4.0,5.0,True,drain_cleaning_tools,drain_cleaning_tools|truck_5_5_cum_per_10_mt|water_leakage_repair_tools,,True,15.3,9.0,False,True,False,SERVICE_DURATION_EXCEEDS_SINGLE_SHIFT,TO_BE_CONFIGURED,synthetic_prototype
234,234,234,T002,WATER,True,4.0,5.0,True,water_leakage_repair_tools,drain_cleaning_tools|truck_5_5_cum_per_10_mt|water_leakage_repair_tools,,True,13.1,9.0,False,True,False,SERVICE_DURATION_EXCEEDS_SINGLE_SHIFT,TO_BE_CONFIGURED,synthetic_prototype
372,372,372,T004,ELECTRICITY,True,4.0,4.0,True,electrical_maintenance_tools,electrical_maintenance_tools,,True,3.0,9.0,True,True,True,FEASIBLE,TO_BE_CONFIGURED,synthetic_prototype
377,377,377,T001,ROAD,True,3.0,6.0,True,joint_cutting_machine|plate_compactor,joint_cutting_machine|plate_compactor,,True,3.9,9.0,True,True,True,FEASIBLE,TO_BE_CONFIGURED,synthetic_prototype
489,489,489,T003,GARBAGE,True,4.0,4.0,True,manual_garbage_collection_tools,manual_garbage_collection_tools,,True,17.5,9.0,False,True,False,SERVICE_DURATION_EXCEEDS_SINGLE_SHIFT,TO_BE_CONFIGURED,synthetic_prototype
150,150,150,T004,ELECTRICITY,True,4.0,4.0,True,electrical_maintenance_tools,electrical_maintenance_tools,,True,3.0,9.0,True,True,True,FEASIBLE,TO_BE_CONFIGURED,synthetic_prototype
12,12,12,T002,WATER,True,4.0,5.0,True,drain_cleaning_tools,drain_cleaning_tools|truck_5_5_cum_per_10_mt|water_leakage_repair_tools,,True,14.1,9.0,False,True,False,SERVICE_DURATION_EXCEEDS_SINGLE_SHIFT,TO_BE_CONFIGURED,synthetic_prototype
423,423,423,T002,WATER,True,4.0,5.0,True,drain_cleaning_tools,drain_cleaning_tools|truck_5_5_cum_per_10_mt|water_leakage_repair_tools,,True,12.9,9.0,False,True,False,SERVICE_DURATION_EXCEEDS_SINGLE_SHIFT,TO_BE_CONFIGURED,synthetic_prototype
204,204,204,T004,ELECTRICITY,True,4.0,4.0,True,electrical_maintenance_tools,electrical_maintenance_tools,,True,3.0,9.0,True,True,True,FEASIBLE,TO_BE_CONFIGURED,synthetic_prototype
403,403,403,T003,GARBAGE,True,2.0,4.0,True,manual_garbage_collection_tools,manual_garbage_collection_tools,,True,2.4,9.0,True,True,True,FEASIBLE,TO_BE_CONFIGURED,synthetic_prototype
33,33,33,T003,GARBAGE,True,4.0,4.0,True,manual_garbage_collection_tools,manual_garbage_collection_tools,,True,14.8,9.0,False,True,False,SERVICE_DURATION_EXCEEDS_SINGLE_SHIFT,TO_BE_CONFIGURED,synthetic_prototype
264,264,264,T003,GARBAGE,True,4.0,4.0,True,manual_garbage_collection_tools,manual_garbage_collection_tools,,True,15.2,9.0,False,True,False,SERVICE_DURATION_EXCEEDS_SINGLE_SHIFT,TO_BE_CONFIGURED,synthetic_prototype
408,408,408,T001,ROAD,True,4.0,6.0,True,joint_cutting_machine|plate_compactor,joint_cutting_machine|plate_compactor,,True,8.4,9.0,True,True,True,FEASIBLE,TO_BE_CONFIGURED,synthetic_prototype
306,306,306,T002,WATER,True,4.0,5.0,True,truck_5_5_cum_per_10_mt,drain_cleaning_tools|truck_5_5_cum_per_10_mt|water_leakage_repair_tools,,True,31.6,9.0,False,True,False,SERVICE_DURATION_EXCEEDS_SINGLE_SHIFT,TO_BE_CONFIGURED,synthetic_prototype
381,381,381,T001,ROAD,True,4.0,6.0,True,joint_cutting_machine|plate_compactor,joint_cutting_machine|plate_compactor,,True,17.8,9.0,False,True,False,SERVICE_DURATION_EXCEEDS_SINGLE_SHIFT,TO_BE_CONFIGURED,synthetic_prototype
118,118,118,T003,GARBAGE,True,2.0,4.0,True,manual_garbage_collection_tools,manual_garbage_collection_tools,,True,3.1,9.0,True,True,True,FEASIBLE,TO_BE_CONFIGURED,synthetic_prototype
498,498,498,T001,ROAD,True,4.0,6.0,True,joint_cutting_machine|plate_compactor,joint_cutting_machine|plate_compactor,,True,17.8,9.0,False,True,False,SERVICE_DURATION_EXCEEDS_SINGLE_SHIFT,TO_BE_CONFIGURED,synthetic_prototype
236,236,236,T003,GARBAGE,True,3.0,4.0,True,manual_garbage_collection_tools,manual_garbage_collection_tools,,True,7.9,9.0,True,True,True,FEASIBLE,TO_BE_CONFIGURED,synthetic_prototype
27,27,27,T001,ROAD,True,4.0,6.0,True,joint_cutting_machine|plate_compactor,joint_cutting_machine|plate_compactor,,True,7.9,9.0,True,True,True,FEASIBLE,TO_BE_CONFIGURED,synthetic_prototype
427,427,427,T002,WATER,True,2.0,5.0,True,water_leakage_repair_tools,drain_cleaning_tools|truck_5_5_cum_per_10_mt|water_leakage_repair_tools,,True,2.2,9.0,True,True,True,FEASIBLE,TO_BE_CONFIGURED,synthetic_prototype
210,210,210,T004,ELECTRICITY,True,4.0,4.0,True,electrical_maintenance_tools,electrical_maintenance_tools,,True,3.0,9.0,True,True,True,FEASIBLE,TO_BE_CONFIGURED,synthetic_prototype
276,276,276,T002,WATER,True,4.0,5.0,True,drain_cleaning_tools,drain_cleaning_tools|truck_5_5_cum_per_10_mt|water_leakage_repair_tools,,True,13.3,9.0,False,True,False,SERVICE_DURATION_EXCEEDS_SINGLE_SHIFT,TO_BE_CONFIGURED,synthetic_prototype
39,39,39,T002,WATER,True,4.0,5.0,True,drain_cleaning_tools,drain_cleaning_tools|truck_5_5_cum_per_10_mt|water_leakage_repair_tools,,True,12.1,9.0,False,True,False,SERVICE_DURATION_EXCEEDS_SINGLE_SHIFT,TO_BE_CONFIGURED,synthetic_prototype
42,42,42,T001,ROAD,True,4.0,6.0,True,joint_cutting_machine|plate_compactor,joint_cutting_machine|plate_compactor,,True,7.9,9.0,True,True,True,FEASIBLE,TO_BE_CONFIGURED,synthetic_prototype
438,438,438,T002,WATER,True,4.0,5.0,True,water_leakage_repair_tools,drain_cleaning_tools|truck_5_5_cum_per_10_mt|water_leakage_repair_tools,,True,12.1,9.0,False,True,False,SERVICE_DURATION_EXCEEDS_SINGLE_SHIFT,TO_BE_CONFIGURED,synthetic_prototype
357,357,357,T001,ROAD,True,4.0,6.0,True,joint_cutting_machine|plate_compactor,joint_cutting_machine|plate_compactor,,True,14.8,9.0,False,True,False,SERVICE_DURATION_EXCEEDS_SINGLE_SHIFT,TO_BE_CONFIGURED,synthetic_prototype
98,98,98,T003,GARBAGE,True,3.0,4.0,True,manual_garbage_collection_tools,manual_garbage_collection_tools,,True,6.3,9.0,True,True,True,FEASIBLE,TO_BE_CONFIGURED,synthetic_prototype
126,126,126,T003,GARBAGE,True,4.0,4.0,True,manual_garbage_collection_tools,manual_garbage_collection_tools,,True,14.8,9.0,False,True,False,SERVICE_DURATION_EXCEEDS_SINGLE_SHIFT,TO_BE_CONFIGURED,synthetic_prototype
131,131,131,T001,ROAD,True,3.0,6.0,True,joint_cutting_machine|plate_compactor,joint_cutting_machine|plate_compactor,,True,7.9,9.0,True,True,True,FEASIBLE,TO_BE_CONFIGURED,synthetic_prototype
214,214,214,T001,ROAD,True,2.0,6.0,True,joint_cutting_machine|plate_compactor,joint_cutting_machine|plate_compactor,,True,2.0,9.0,True,True,True,FEASIBLE,TO_BE_CONFIGURED,synthetic_prototype
183,183,183,T002,WATER,True,4.0,5.0,True,water_leakage_repair_tools,drain_cleaning_tools|truck_5_5_cum_per_10_mt|water_leakage_repair_tools,,True,11.3,9.0,False,True,False,SERVICE_DURATION_EXCEEDS_SINGLE_SHIFT,TO_BE_CONFIGURED,synthetic_prototype
218,218,218,T002,WATER,True,3.0,5.0,True,truck_5_5_cum_per_10_mt,drain_cleaning_tools|truck_5_5_cum_per_10_mt|water_leakage_repair_tools,,True,13.3,9.0,False,True,False,SERVICE_DURATION_EXCEEDS_SINGLE_SHIFT,TO_BE_CONFIGURED,synthetic_prototype
399,399,399,T002,WATER,True,4.0,5.0,True,water_leakage_repair_tools,drain_cleaning_tools|truck_5_5_cum_per_10_mt|water_leakage_repair_tools,,True,10.8,9.0,False,True,False,SERVICE_DURATION_EXCEEDS_SINGLE_SHIFT,TO_BE_CONFIGURED,synthetic_prototype
303,303,303,T001,ROAD,True,4.0,6.0,True,joint_cutting_machine|plate_compactor,joint_cutting_machine|plate_compactor,,True,6.1,9.0,True,True,True,FEASIBLE,TO_BE_CONFIGURED,synthetic_prototype
72,72,72,T002,WATER,True,4.0,5.0,True,truck_5_5_cum_per_10_mt,drain_cleaning_tools|truck_5_5_cum_per_10_mt|water_leakage_repair_tools,,True,24.5,9.0,False,True,False,SERVICE_DURATION_EXCEEDS_SINGLE_SHIFT,TO_BE_CONFIGURED,synthetic_prototype
309,309,309,T002,WATER,True,4.0,5.0,True,truck_5_5_cum_per_10_mt,drain_cleaning_tools|truck_5_5_cum_per_10_mt|water_leakage_repair_tools,,True,24.3,9.0,False,True,False,SERVICE_DURATION_EXCEEDS_SINGLE_SHIFT,TO_BE_CONFIGURED,synthetic_prototype
477,477,477,T002,WATER,True,4.0,5.0,True,water_leakage_repair_tools,drain_cleaning_tools|truck_5_5_cum_per_10_mt|water_leakage_repair_tools,,True,15.1,9.0,False,True,False,SERVICE_DURATION_EXCEEDS_SINGLE_SHIFT,TO_BE_CONFIGURED,synthetic_prototype
416,416,416,T001,ROAD,True,3.0,6.0,True,joint_cutting_machine|plate_compactor,joint_cutting_machine|plate_compactor,,True,3.9,9.0,True,True,True,FEASIBLE,TO_BE_CONFIGURED,synthetic_prototype
29,29,29,T002,WATER,True,3.0,5.0,True,water_leakage_repair_tools,drain_cleaning_tools|truck_5_5_cum_per_10_mt|water_leakage_repair_tools,,True,7.2,9.0,True,True,True,FEASIBLE,TO_BE_CONFIGURED,synthetic_prototype
171,171,171,T002,WATER,True,4.0,5.0,True,water_leakage_repair_tools,drain_cleaning_tools|truck_5_5_cum_per_10_mt|water_leakage_repair_tools,,True,16.4,9.0,False,True,False,SERVICE_DURATION_EXCEEDS_SINGLE_SHIFT,TO_BE_CONFIGURED,synthetic_prototype
45,45,45,T004,ELECTRICITY,True,4.0,4.0,True,electrical_maintenance_tools,electrical_maintenance_tools,,True,3.0,9.0,True,True,True,FEASIBLE,TO_BE_CONFIGURED,synthetic_prototype
56,56,56,T001,ROAD,True,3.0,6.0,True,joint_cutting_machine|plate_compactor,joint_cutting_machine|plate_compactor,,True,11.8,9.0,False,True,False,SERVICE_DURATION_EXCEEDS_SINGLE_SHIFT,TO_BE_CONFIGURED,synthetic_prototype
67,67,67,T002,WATER,True,2.0,5.0,True,water_leakage_repair_tools,drain_cleaning_tools|truck_5_5_cum_per_10_mt|water_leakage_repair_tools,,True,2.1,9.0,True,True,True,FEASIBLE,TO_BE_CONFIGURED,synthetic_prototype
318,318,318,T002,WATER,True,4.0,5.0,True,water_leakage_repair_tools,drain_cleaning_tools|truck_5_5_cum_per_10_mt|water_leakage_repair_tools,,True,15.7,9.0,False,True,False,SERVICE_DURATION_EXCEEDS_SINGLE_SHIFT,TO_BE_CONFIGURED,synthetic_prototype
431,431,431,T002,WATER,True,3.0,5.0,True,drain_cleaning_tools,drain_cleaning_tools|truck_5_5_cum_per_10_mt|water_leakage_repair_tools,,True,9.3,9.0,False,True,False,SERVICE_DURATION_EXCEEDS_SINGLE_SHIFT,TO_BE_CONFIGURED,synthetic_prototype
111,111,111,T002,WATER,True,4.0,5.0,True,water_leakage_repair_tools,drain_cleaning_tools|truck_5_5_cum_per_10_mt|water_leakage_repair_tools,,True,16.7,9.0,False,True,False,SERVICE_DURATION_EXCEEDS_SINGLE_SHIFT,TO_BE_CONFIGURED,synthetic_prototype
350,350,350,T001,ROAD,True,3.0,6.0,True,joint_cutting_machine|plate_compactor,joint_cutting_machine|plate_compactor,,True,4.8,9.0,True,True,True,FEASIBLE,TO_BE_CONFIGURED,synthetic_prototype
491,491,491,T004,ELECTRICITY,True,3.0,4.0,True,electrical_maintenance_tools,electrical_maintenance_tools,,True,2.0,9.0,True,True,True,FEASIBLE,TO_BE_CONFIGURED,synthetic_prototype
117,117,117,T001,ROAD,True,4.0,6.0,True,joint_cutting_machine|plate_compactor,joint_cutting_machine|plate_compactor,,True,6.7,9.0,True,True,True,FEASIBLE,TO_BE_CONFIGURED,synthetic_prototype
90,90,90,T003,GARBAGE,True,4.0,4.0,True,manual_garbage_collection_tools,manual_garbage_collection_tools,,True,12.0,9.0,False,True,False,SERVICE_DURATION_EXCEEDS_SINGLE_SHIFT,TO_BE_CONFIGURED,synthetic_prototype
107,107,107,T001,ROAD,True,3.0,6.0,True,joint_cutting_machine|plate_compactor,joint_cutting_machine|plate_compactor,,True,7.5,9.0,True,True,True,FEASIBLE,TO_BE_CONFIGURED,synthetic_prototype
388,388,388,T001,ROAD,True,2.0,6.0,True,joint_cutting_machine|plate_compactor,joint_cutting_machine|plate_compactor,,True,2.3,9.0,True,True,True,FEASIBLE,TO_BE_CONFIGURED,synthetic_prototype
417,417,417,T002,WATER,True,4.0,5.0,True,water_leakage_repair_tools,drain_cleaning_tools|truck_5_5_cum_per_10_mt|water_leakage_repair_tools,,True,17.5,9.0,False,True,False,SERVICE_DURATION_EXCEEDS_SINGLE_SHIFT,TO_BE_CONFIGURED,synthetic_prototype
170,170,170,T002,WATER,True,3.0,5.0,True,drain_cleaning_tools,drain_cleaning_tools|truck_5_5_cum_per_10_mt|water_leakage_repair_tools,,True,8.4,9.0,True,True,True,FEASIBLE,TO_BE_CONFIGURED,synthetic_prototype
119,119,119,T004,ELECTRICITY,True,3.0,4.0,True,electrical_maintenance_tools,electrical_maintenance_tools,,True,2.0,9.0,True,True,True,FEASIBLE,TO_BE_CONFIGURED,synthetic_prototype
331,331,331,T002,WATER,True,2.0,5.0,True,truck_5_5_cum_per_10_mt,drain_cleaning_tools|truck_5_5_cum_per_10_mt|water_leakage_repair_tools,,True,7.7,9.0,True,True,True,FEASIBLE,TO_BE_CONFIGURED,synthetic_prototype
405,405,405,T004,ELECTRICITY,True,4.0,4.0,True,electrical_maintenance_tools,electrical_maintenance_tools,,True,3.0,9.0,True,True,True,FEASIBLE,TO_BE_CONFIGURED,synthetic_prototype
116,116,116,T001,ROAD,True,3.0,6.0,True,joint_cutting_machine|plate_compactor,joint_cutting_machine|plate_compactor,,True,10.9,9.0,False,True,False,SERVICE_DURATION_EXCEEDS_SINGLE_SHIFT,TO_BE_CONFIGURED,synthetic_prototype
419,419,419,T003,GARBAGE,True,3.0,4.0,True,manual_garbage_collection_tools,manual_garbage_collection_tools,,True,7.6,9.0,True,True,True,FEASIBLE,TO_BE_CONFIGURED,synthetic_prototype
153,153,153,T004,ELECTRICITY,True,4.0,4.0,True,electrical_maintenance_tools,electrical_maintenance_tools,,True,3.0,9.0,True,True,True,FEASIBLE,TO_BE_CONFIGURED,synthetic_prototype
197,197,197,T004,ELECTRICITY,True,3.0,4.0,True,electrical_maintenance_tools,electrical_maintenance_tools,,True,2.0,9.0,True,True,True,FEASIBLE,TO_BE_CONFIGURED,synthetic_prototype
279,279,279,T003,GARBAGE,True,4.0,4.0,True,manual_garbage_collection_tools,manual_garbage_collection_tools,,True,13.6,9.0,False,True,False,SERVICE_DURATION_EXCEEDS_SINGLE_SHIFT,TO_BE_CONFIGURED,synthetic_prototype
434,434,434,T001,ROAD,True,3.0,6.0,True,joint_cutting_machine|plate_compactor,joint_cutting_machine|plate_compactor,,True,8.2,9.0,True,True,True,FEASIBLE,TO_BE_CONFIGURED,synthetic_prototype
125,125,125,T004,ELECTRICITY,True,3.0,4.0,True,electrical_maintenance_tools,electrical_maintenance_tools,,True,2.0,9.0,True,True,True,FEASIBLE,TO_BE_CONFIGURED,synthetic_prototype
450,450,450,T003,GARBAGE,True,4.0,4.0,True,manual_garbage_collection_tools,manual_garbage_collection_tools,,True,11.2,9.0,False,True,False,SERVICE_DURATION_EXCEEDS_SINGLE_SHIFT,TO_BE_CONFIGURED,synthetic_prototype
451,451,451,T004,ELECTRICITY,True,2.0,4.0,True,electrical_maintenance_tools,electrical_maintenance_tools,,True,2.0,9.0,True,True,True,FEASIBLE,TO_BE_CONFIGURED,synthetic_prototype
57,57,57,T004,ELECTRICITY,True,4.0,4.0,True,electrical_maintenance_tools,electrical_maintenance_tools,,True,3.0,9.0,True,True,True,FEASIBLE,TO_BE_CONFIGURED,synthetic_prototype
242,242,242,T002,WATER,True,3.0,5.0,True,drain_cleaning_tools,drain_cleaning_tools|truck_5_5_cum_per_10_mt|water_leakage_repair_tools,,True,6.2,9.0,True,True,True,FEASIBLE,TO_BE_CONFIGURED,synthetic_prototype
71,71,71,T003,GARBAGE,True,3.0,4.0,True,manual_garbage_collection_tools,manual_garbage_collection_tools,,True,6.1,9.0,True,True,True,FEASIBLE,TO_BE_CONFIGURED,synthetic_prototype
6,6,6,T002,WATER,True,4.0,5.0,True,truck_5_5_cum_per_10_mt,drain_cleaning_tools|truck_5_5_cum_per_10_mt|water_leakage_repair_tools,,True,38.9,9.0,False,True,False,SERVICE_DURATION_EXCEEDS_SINGLE_SHIFT,TO_BE_CONFIGURED,synthetic_prototype
272,272,272,T004,ELECTRICITY,True,3.0,4.0,True,electrical_maintenance_tools,electrical_maintenance_tools,,True,2.0,9.0,True,True,True,FEASIBLE,TO_BE_CONFIGURED,synthetic_prototype
486,486,486,T001,ROAD,True,4.0,6.0,True,joint_cutting_machine|plate_compactor,joint_cutting_machine|plate_compactor,,True,6.5,9.0,True,True,True,FEASIBLE,TO_BE_CONFIGURED,synthetic_prototype
229,229,229,T002,WATER,True,2.0,5.0,True,water_leakage_repair_tools,drain_cleaning_tools|truck_5_5_cum_per_10_mt|water_leakage_repair_tools,,True,2.8,9.0,True,True,True,FEASIBLE,TO_BE_CONFIGURED,synthetic_prototype
173,173,173,T001,ROAD,True,3.0,6.0,True,joint_cutting_machine|plate_compactor,joint_cutting_machine|plate_compactor,,True,7.9,9.0,True,True,True,FEASIBLE,TO_BE_CONFIGURED,synthetic_prototype
208,208,208,T002,WATER,True,2.0,5.0,True,truck_5_5_cum_per_10_mt,drain_cleaning_tools|truck_5_5_cum_per_10_mt|water_leakage_repair_tools,,True,4.9,9.0,True,True,True,FEASIBLE,TO_BE_CONFIGURED,synthetic_prototype
311,311,311,T002,WATER,True,3.0,5.0,True,drain_cleaning_tools,drain_cleaning_tools|truck_5_5_cum_per_10_mt|water_leakage_repair_tools,,True,8.6,9.0,True,True,True,FEASIBLE,TO_BE_CONFIGURED,synthetic_prototype
312,312,312,T001,ROAD,True,4.0,6.0,True,joint_cutting_machine|plate_compactor,joint_cutting_machine|plate_compactor,,True,8.0,9.0,True,True,True,FEASIBLE,TO_BE_CONFIGURED,synthetic_prototype
294,294,294,T003,GARBAGE,True,4.0,4.0,True,manual_garbage_collection_tools,manual_garbage_collection_tools,,True,11.8,9.0,False,True,False,SERVICE_DURATION_EXCEEDS_SINGLE_SHIFT,TO_BE_CONFIGURED,synthetic_prototype
20,20,20,T002,WATER,True,3.0,5.0,True,truck_5_5_cum_per_10_mt,drain_cleaning_tools|truck_5_5_cum_per_10_mt|water_leakage_repair_tools,,True,20.8,9.0,False,True,False,SERVICE_DURATION_EXCEEDS_SINGLE_SHIFT,TO_BE_CONFIGURED,synthetic_prototype
216,216,216,T001,ROAD,True,4.0,6.0,True,joint_cutting_machine|plate_compactor,joint_cutting_machine|plate_compactor,,True,21.6,9.0,False,True,False,SERVICE_DURATION_EXCEEDS_SINGLE_SHIFT,TO_BE_CONFIGURED,synthetic_prototype
147,147,147,T002,WATER,True,4.0,5.0,True,drain_cleaning_tools,drain_cleaning_tools|truck_5_5_cum_per_10_mt|water_leakage_repair_tools,,True,15.0,9.0,False,True,False,SERVICE_DURATION_EXCEEDS_SINGLE_SHIFT,TO_BE_CONFIGURED,synthetic_prototype
209,209,209,T002,WATER,True,3.0,5.0,True,water_leakage_repair_tools,drain_cleaning_tools|truck_5_5_cum_per_10_mt|water_leakage_repair_tools,,True,7.3,9.0,True,True,True,FEASIBLE,TO_BE_CONFIGURED,synthetic_prototype
443,443,443,T003,GARBAGE,True,3.0,4.0,True,manual_garbage_collection_tools,manual_garbage_collection_tools,,True,8.3,9.0,True,True,True,FEASIBLE,TO_BE_CONFIGURED,synthetic_prototype
420,420,420,T002,WATER,True,4.0,5.0,True,water_leakage_repair_tools,drain_cleaning_tools|truck_5_5_cum_per_10_mt|water_leakage_repair_tools,,True,10.7,9.0,False,True,False,SERVICE_DURATION_EXCEEDS_SINGLE_SHIFT,TO_BE_CONFIGURED,synthetic_prototype
336,336,336,T001,ROAD,True,4.0,6.0,True,joint_cutting_machine|plate_compactor,joint_cutting_machine|plate_compactor,,True,13.1,9.0,False,True,False,SERVICE_DURATION_EXCEEDS_SINGLE_SHIFT,TO_BE_CONFIGURED,synthetic_prototype
380,380,380,T004,ELECTRICITY,True,3.0,4.0,True,electrical_maintenance_tools,electrical_maintenance_tools,,True,2.0,9.0,True,True,True,FEASIBLE,TO_BE_CONFIGURED,synthetic_prototype
80,80,80,T001,ROAD,True,3.0,6.0,True,joint_cutting_machine|plate_compactor,joint_cutting_machine|plate_compactor,,True,7.6,9.0,True,True,True,FEASIBLE,TO_BE_CONFIGURED,synthetic_prototype
362,362,362,T002,WATER,True,3.0,5.0,True,drain_cleaning_tools,drain_cleaning_tools|truck_5_5_cum_per_10_mt|water_leakage_repair_tools,,True,8.3,9.0,True,True,True,FEASIBLE,TO_BE_CONFIGURED,synthetic_prototype
325,325,325,T003,GARBAGE,True,2.0,4.0,True,manual_garbage_collection_tools,manual_garbage_collection_tools,,True,2.8,9.0,True,True,True,FEASIBLE,TO_BE_CONFIGURED,synthetic_prototype
60,60,60,T002,WATER,True,4.0,5.0,True,drain_cleaning_tools,drain_cleaning_tools|truck_5_5_cum_per_10_mt|water_leakage_repair_tools,,True,12.8,9.0,False,True,False,SERVICE_DURATION_EXCEEDS_SINGLE_SHIFT,TO_BE_CONFIGURED,synthetic_prototype
442,442,442,T003,GARBAGE,True,2.0,4.0,True,manual_garbage_collection_tools,manual_garbage_collection_tools,,True,2.5,9.0,True,True,True,FEASIBLE,TO_BE_CONFIGURED,synthetic_prototype
75,75,75,T003,GARBAGE,True,4.0,4.0,True,manual_garbage_collection_tools,manual_garbage_collection_tools,,True,13.9,9.0,False,True,False,SERVICE_DURATION_EXCEEDS_SINGLE_SHIFT,TO_BE_CONFIGURED,synthetic_prototype
13,13,13,T002,WATER,True,2.0,5.0,True,drain_cleaning_tools,drain_cleaning_tools|truck_5_5_cum_per_10_mt|water_leakage_repair_tools,,True,2.4,9.0,True,True,True,FEASIBLE,TO_BE_CONFIGURED,synthetic_prototype
179,179,179,T002,WATER,True,3.0,5.0,True,water_leakage_repair_tools,drain_cleaning_tools|truck_5_5_cum_per_10_mt|water_leakage_repair_tools,,True,9.0,9.0,True,True,True,FEASIBLE,TO_BE_CONFIGURED,synthetic_prototype
95,95,95,T004,ELECTRICITY,True,3.0,4.0,True,electrical_maintenance_tools,electrical_maintenance_tools,,True,2.0,9.0,True,True,True,FEASIBLE,TO_BE_CONFIGURED,synthetic_prototype
76,76,76,T001,ROAD,True,2.0,6.0,True,joint_cutting_machine|plate_compactor,joint_cutting_machine|plate_compactor,,True,2.0,9.0,True,True,True,FEASIBLE,TO_BE_CONFIGURED,synthetic_prototype
93,93,93,T002,WATER,True,4.0,5.0,True,water_leakage_repair_tools,drain_cleaning_tools|truck_5_5_cum_per_10_mt|water_leakage_repair_tools,,True,17.3,9.0,False,True,False,SERVICE_DURATION_EXCEEDS_SINGLE_SHIFT,TO_BE_CONFIGURED,synthetic_prototype
113,113,113,T002,WATER,True,3.0,5.0,True,drain_cleaning_tools,drain_cleaning_tools|truck_5_5_cum_per_10_mt|water_leakage_repair_tools,,True,4.7,9.0,True,True,True,FEASIBLE,TO_BE_CONFIGURED,synthetic_prototype
165,165,165,T002,WATER,True,4.0,5.0,True,truck_5_5_cum_per_10_mt,drain_cleaning_tools|truck_5_5_cum_per_10_mt|water_leakage_repair_tools,,True,23.3,9.0,False,True,False,SERVICE_DURATION_EXCEEDS_SINGLE_SHIFT,TO_BE_CONFIGURED,synthetic_prototype
231,231,231,T002,WATER,True,4.0,5.0,True,truck_5_5_cum_per_10_mt,drain_cleaning_tools|truck_5_5_cum_per_10_mt|water_leakage_repair_tools,,True,40.1,9.0,False,True,False,SERVICE_DURATION_EXCEEDS_SINGLE_SHIFT,TO_BE_CONFIGURED,synthetic_prototype
225,225,225,T004,ELECTRICITY,True,4.0,4.0,True,electrical_maintenance_tools,electrical_maintenance_tools,,True,3.0,9.0,True,True,True,FEASIBLE,TO_BE_CONFIGURED,synthetic_prototype
353,353,353,T004,ELECTRICITY,True,3.0,4.0,True,electrical_maintenance_tools,electrical_maintenance_tools,,True,2.0,9.0,True,True,True,FEASIBLE,TO_BE_CONFIGURED,synthetic_prototype
480,480,480,T001,ROAD,True,4.0,6.0,True,joint_cutting_machine|plate_compactor,joint_cutting_machine|plate_compactor,,True,7.2,9.0,True,True,True,FEASIBLE,TO_BE_CONFIGURED,synthetic_prototype
393,393,393,T002,WATER,True,4.0,5.0,True,drain_cleaning_tools,drain_cleaning_tools|truck_5_5_cum_per_10_mt|water_leakage_repair_tools,,True,13.3,9.0,False,True,False,SERVICE_DURATION_EXCEEDS_SINGLE_SHIFT,TO_BE_CONFIGURED,synthetic_prototype
260,260,260,T001,ROAD,True,3.0,6.0,True,joint_cutting_machine|plate_compactor,joint_cutting_machine|plate_compactor,,True,3.8,9.0,True,True,True,FEASIBLE,TO_BE_CONFIGURED,synthetic_prototype
59,59,59,T002,WATER,True,3.0,5.0,True,truck_5_5_cum_per_10_mt,drain_cleaning_tools|truck_5_5_cum_per_10_mt|water_leakage_repair_tools,,True,12.3,9.0,False,True,False,SERVICE_DURATION_EXCEEDS_SINGLE_SHIFT,TO_BE_CONFIGURED,synthetic_prototype
206,206,206,T001,ROAD,True,3.0,6.0,True,joint_cutting_machine|plate_compactor,joint_cutting_machine|plate_compactor,,True,6.0,9.0,True,True,True,FEASIBLE,TO_BE_CONFIGURED,synthetic_prototype
374,374,374,T001,ROAD,True,3.0,6.0,True,joint_cutting_machine|plate_compactor,joint_cutting_machine|plate_compactor,,True,8.0,9.0,True,True,True,FEASIBLE,TO_BE_CONFIGURED,synthetic_prototype
354,354,354,T004,ELECTRICITY,True,4.0,4.0,True,electrical_maintenance_tools,electrical_maintenance_tools,,True,3.0,9.0,True,True,True,FEASIBLE,TO_BE_CONFIGURED,synthetic_prototype
402,402,402,T002,WATER,True,4.0,5.0,True,truck_5_5_cum_per_10_mt,drain_cleaning_tools|truck_5_5_cum_per_10_mt|water_leakage_repair_tools,,True,39.4,9.0,False,True,False,SERVICE_DURATION_EXCEEDS_SINGLE_SHIFT,TO_BE_CONFIGURED,synthetic_prototype
320,320,320,T001,ROAD,True,3.0,6.0,True,joint_cutting_machine|plate_compactor,joint_cutting_machine|plate_compactor,,True,8.7,9.0,True,True,True,FEASIBLE,TO_BE_CONFIGURED,synthetic_prototype
266,266,266,T002,WATER,True,3.0,5.0,True,drain_cleaning_tools,drain_cleaning_tools|truck_5_5_cum_per_10_mt|water_leakage_repair_tools,,True,9.3,9.0,False,True,False,SERVICE_DURATION_EXCEEDS_SINGLE_SHIFT,TO_BE_CONFIGURED,synthetic_prototype
418,418,418,T001,ROAD,True,2.0,6.0,True,joint_cutting_machine|plate_compactor,joint_cutting_machine|plate_compactor,,True,2.0,9.0,True,True,True,FEASIBLE,TO_BE_CONFIGURED,synthetic_prototype
327,327,327,T004,ELECTRICITY,True,4.0,4.0,True,electrical_maintenance_tools,electrical_maintenance_tools,,True,3.0,9.0,True,True,True,FEASIBLE,TO_BE_CONFIGURED,synthetic_prototype
3,3,3,T001,ROAD,True,4.0,6.0,True,joint_cutting_machine|plate_compactor,joint_cutting_machine|plate_compactor,,True,6.7,9.0,True,True,True,FEASIBLE,TO_BE_CONFIGURED,synthetic_prototype
425,425,425,T001,ROAD,True,3.0,6.0,True,joint_cutting_machine|plate_compactor,joint_cutting_machine|plate_compactor,,True,4.1,9.0,True,True,True,FEASIBLE,TO_BE_CONFIGURED,synthetic_prototype
192,192,192,T002,WATER,True,4.0,5.0,True,water_leakage_repair_tools,drain_cleaning_tools|truck_5_5_cum_per_10_mt|water_leakage_repair_tools,,True,13.3,9.0,False,True,False,SERVICE_DURATION_EXCEEDS_SINGLE_SHIFT,TO_BE_CONFIGURED,synthetic_prototype
366,366,366,T002,WATER,True,4.0,5.0,True,truck_5_5_cum_per_10_mt,drain_cleaning_tools|truck_5_5_cum_per_10_mt|water_leakage_repair_tools,,True,24.4,9.0,False,True,False,SERVICE_DURATION_EXCEEDS_SINGLE_SHIFT,TO_BE_CONFIGURED,synthetic_prototype
254,254,254,T002,WATER,True,3.0,5.0,True,water_leakage_repair_tools,drain_cleaning_tools|truck_5_5_cum_per_10_mt|water_leakage_repair_tools,,True,6.4,9.0,True,True,True,FEASIBLE,TO_BE_CONFIGURED,synthetic_prototype
308,308,308,T001,ROAD,True,3.0,6.0,True,joint_cutting_machine|plate_compactor,joint_cutting_machine|plate_compactor,,True,7.1,9.0,True,True,True,FEASIBLE,TO_BE_CONFIGURED,synthetic_prototype
11,11,11,T001,ROAD,True,3.0,6.0,True,joint_cutting_machine|plate_compactor,joint_cutting_machine|plate_compactor,,True,8.7,9.0,True,True,True,FEASIBLE,TO_BE_CONFIGURED,synthetic_prototype
285,285,285,T001,ROAD,True,4.0,6.0,True,joint_cutting_machine|plate_compactor,joint_cutting_machine|plate_compactor,,True,7.7,9.0,True,True,True,FEASIBLE,TO_BE_CONFIGURED,synthetic_prototype
364,364,364,T002,WATER,True,2.0,5.0,True,water_leakage_repair_tools,drain_cleaning_tools|truck_5_5_cum_per_10_mt|water_leakage_repair_tools,,True,3.2,9.0,True,True,True,FEASIBLE,TO_BE_CONFIGURED,synthetic_prototype
297,297,297,T004,ELECTRICITY,True,4.0,4.0,True,electrical_maintenance_tools,electrical_maintenance_tools,,True,3.0,9.0,True,True,True,FEASIBLE,TO_BE_CONFIGURED,synthetic_prototype
496,496,496,T002,WATER,True,2.0,5.0,True,truck_5_5_cum_per_10_mt,drain_cleaning_tools|truck_5_5_cum_per_10_mt|water_leakage_repair_tools,,True,7.2,9.0,True,True,True,FEASIBLE,TO_BE_CONFIGURED,synthetic_prototype
182,182,182,T004,ELECTRICITY,True,3.0,4.0,True,electrical_maintenance_tools,electrical_maintenance_tools,,True,2.0,9.0,True,True,True,FEASIBLE,TO_BE_CONFIGURED,synthetic_prototype
270,270,270,T002,WATER,True,4.0,5.0,True,truck_5_5_cum_per_10_mt,drain_cleaning_tools|truck_5_5_cum_per_10_mt|water_leakage_repair_tools,,True,39.9,9.0,False,True,False,SERVICE_DURATION_EXCEEDS_SINGLE_SHIFT,TO_BE_CONFIGURED,synthetic_prototype
157,157,157,T004,ELECTRICITY,True,2.0,4.0,True,electrical_maintenance_tools,electrical_maintenance_tools,,True,2.0,9.0,True,True,True,FEASIBLE,TO_BE_CONFIGURED,synthetic_prototype
22,22,22,T003,GARBAGE,True,2.0,4.0,True,manual_garbage_collection_tools,manual_garbage_collection_tools,,True,3.4,9.0,True,True,True,FEASIBLE,TO_BE_CONFIGURED,synthetic_prototype
213,213,213,T003,GARBAGE,True,4.0,4.0,True,manual_garbage_collection_tools,manual_garbage_collection_tools,,True,11.6,9.0,False,True,False,SERVICE_DURATION_EXCEEDS_SINGLE_SHIFT,TO_BE_CONFIGURED,synthetic_prototype
411,411,411,T001,ROAD,True,4.0,6.0,True,joint_cutting_machine|plate_compactor,joint_cutting_machine|plate_compactor,,True,6.7,9.0,True,True,True,FEASIBLE,TO_BE_CONFIGURED,synthetic_prototype
387,387,387,T003,GARBAGE,True,4.0,4.0,True,manual_garbage_collection_tools,manual_garbage_collection_tools,,True,13.8,9.0,False,True,False,SERVICE_DURATION_EXCEEDS_SINGLE_SHIFT,TO_BE_CONFIGURED,synthetic_prototype
404,404,404,T002,WATER,True,3.0,5.0,True,drain_cleaning_tools,drain_cleaning_tools|truck_5_5_cum_per_10_mt|water_leakage_repair_tools,,True,4.9,9.0,True,True,True,FEASIBLE,TO_BE_CONFIGURED,synthetic_prototype
267,267,267,T004,ELECTRICITY,True,4.0,4.0,True,electrical_maintenance_tools,electrical_maintenance_tools,,True,3.0,9.0,True,True,True,FEASIBLE,TO_BE_CONFIGURED,synthetic_prototype
69,69,69,T002,WATER,True,4.0,5.0,True,water_leakage_repair_tools,drain_cleaning_tools|truck_5_5_cum_per_10_mt|water_leakage_repair_tools,,True,15.6,9.0,False,True,False,SERVICE_DURATION_EXCEEDS_SINGLE_SHIFT,TO_BE_CONFIGURED,synthetic_prototype
413,413,413,T002,WATER,True,3.0,5.0,True,water_leakage_repair_tools,drain_cleaning_tools|truck_5_5_cum_per_10_mt|water_leakage_repair_tools,,True,8.6,9.0,True,True,True,FEASIBLE,TO_BE_CONFIGURED,synthetic_prototype
363,363,363,T001,ROAD,True,4.0,6.0,True,joint_cutting_machine|plate_compactor,joint_cutting_machine|plate_compactor,,True,8.3,9.0,True,True,True,FEASIBLE,TO_BE_CONFIGURED,synthetic_prototype
151,151,151,T002,WATER,True,2.0,5.0,True,drain_cleaning_tools,drain_cleaning_tools|truck_5_5_cum_per_10_mt|water_leakage_repair_tools,,True,3.1,9.0,True,True,True,FEASIBLE,TO_BE_CONFIGURED,synthetic_prototype
123,123,123,T003,GARBAGE,True,4.0,4.0,True,manual_garbage_collection_tools,manual_garbage_collection_tools,,True,10.9,9.0,False,True,False,SERVICE_DURATION_EXCEEDS_SINGLE_SHIFT,TO_BE_CONFIGURED,synthetic_prototype
186,186,186,T002,WATER,True,4.0,5.0,True,drain_cleaning_tools,drain_cleaning_tools|truck_5_5_cum_per_10_mt|water_leakage_repair_tools,,True,13.1,9.0,False,True,False,SERVICE_DURATION_EXCEEDS_SINGLE_SHIFT,TO_BE_CONFIGURED,synthetic_prototype
397,397,397,T003,GARBAGE,True,2.0,4.0,True,manual_garbage_collection_tools,manual_garbage_collection_tools,,True,2.2,9.0,True,True,True,FEASIBLE,TO_BE_CONFIGURED,synthetic_prototype
246,246,246,T004,ELECTRICITY,True,4.0,4.0,True,electrical_maintenance_tools,electrical_maintenance_tools,,True,3.0,9.0,True,True,True,FEASIBLE,TO_BE_CONFIGURED,synthetic_prototype
307,307,307,T003,GARBAGE,True,2.0,4.0,True,manual_garbage_collection_tools,manual_garbage_collection_tools,,True,3.0,9.0,True,True,True,FEASIBLE,TO_BE_CONFIGURED,synthetic_prototype
482,482,482,T002,WATER,True,3.0,5.0,True,drain_cleaning_tools,drain_cleaning_tools|truck_5_5_cum_per_10_mt|water_leakage_repair_tools,,True,7.1,9.0,True,True,True,FEASIBLE,TO_BE_CONFIGURED,synthetic_prototype
313,313,313,T001,ROAD,True,2.0,6.0,True,joint_cutting_machine|plate_compactor,joint_cutting_machine|plate_compactor,,True,3.9,9.0,True,True,True,FEASIBLE,TO_BE_CONFIGURED,synthetic_prototype
500,500,500,T003,GARBAGE,True,3.0,4.0,True,manual_garbage_collection_tools,manual_garbage_collection_tools,,True,8.5,9.0,True,True,True,FEASIBLE,TO_BE_CONFIGURED,synthetic_prototype
348,348,348,T002,WATER,True,4.0,5.0,True,drain_cleaning_tools,drain_cleaning_tools|truck_5_5_cum_per_10_mt|water_leakage_repair_tools,,True,17.0,9.0,False,True,False,SERVICE_DURATION_EXCEEDS_SINGLE_SHIFT,TO_BE_CONFIGURED,synthetic_prototype
175,175,175,T003,GARBAGE,True,2.0,4.0,True,manual_garbage_collection_tools,manual_garbage_collection_tools,,True,2.7,9.0,True,True,True,FEASIBLE,TO_BE_CONFIGURED,synthetic_prototype
32,32,32,T001,ROAD,True,3.0,6.0,True,joint_cutting_machine|plate_compactor,joint_cutting_machine|plate_compactor,,True,3.6,9.0,True,True,True,FEASIBLE,TO_BE_CONFIGURED,synthetic_prototype
460,460,460,T001,ROAD,True,2.0,6.0,True,joint_cutting_machine|plate_compactor,joint_cutting_machine|plate_compactor,,True,2.0,9.0,True,True,True,FEASIBLE,TO_BE_CONFIGURED,synthetic_prototype
48,48,48,T004,ELECTRICITY,True,4.0,4.0,True,electrical_maintenance_tools,electrical_maintenance_tools,,True,3.0,9.0,True,True,True,FEASIBLE,TO_BE_CONFIGURED,synthetic_prototype
335,335,335,T001,ROAD,True,3.0,6.0,True,joint_cutting_machine|plate_compactor,joint_cutting_machine|plate_compactor,,True,3.7,9.0,True,True,True,FEASIBLE,TO_BE_CONFIGURED,synthetic_prototype
114,114,114,T002,WATER,True,4.0,5.0,True,drain_cleaning_tools,drain_cleaning_tools|truck_5_5_cum_per_10_mt|water_leakage_repair_tools,,True,12.3,9.0,False,True,False,SERVICE_DURATION_EXCEEDS_SINGLE_SHIFT,TO_BE_CONFIGURED,synthetic_prototype
409,409,409,T001,ROAD,True,2.0,6.0,True,joint_cutting_machine|plate_compactor,joint_cutting_machine|plate_compactor,,True,2.3,9.0,True,True,True,FEASIBLE,TO_BE_CONFIGURED,synthetic_prototype
355,355,355,T001,ROAD,True,2.0,6.0,True,joint_cutting_machine|plate_compactor,joint_cutting_machine|plate_compactor,,True,2.9,9.0,True,True,True,FEASIBLE,TO_BE_CONFIGURED,synthetic_prototype
255,255,255,T003,GARBAGE,True,4.0,4.0,True,manual_garbage_collection_tools,manual_garbage_collection_tools,,True,10.9,9.0,False,True,False,SERVICE_DURATION_EXCEEDS_SINGLE_SHIFT,TO_BE_CONFIGURED,synthetic_prototype
342,342,342,T001,ROAD,True,4.0,6.0,True,joint_cutting_machine|plate_compactor,joint_cutting_machine|plate_compactor,,True,14.2,9.0,False,True,False,SERVICE_DURATION_EXCEEDS_SINGLE_SHIFT,TO_BE_CONFIGURED,synthetic_prototype
484,484,484,T002,WATER,True,2.0,5.0,True,water_leakage_repair_tools,drain_cleaning_tools|truck_5_5_cum_per_10_mt|water_leakage_repair_tools,,True,2.9,9.0,True,True,True,FEASIBLE,TO_BE_CONFIGURED,synthetic_prototype
291,291,291,T004,ELECTRICITY,True,4.0,4.0,True,electrical_maintenance_tools,electrical_maintenance_tools,,True,3.0,9.0,True,True,True,FEASIBLE,TO_BE_CONFIGURED,synthetic_prototype
212,212,212,T002,WATER,True,3.0,5.0,True,truck_5_5_cum_per_10_mt,drain_cleaning_tools|truck_5_5_cum_per_10_mt|water_leakage_repair_tools,,True,14.5,9.0,False,True,False,SERVICE_DURATION_EXCEEDS_SINGLE_SHIFT,TO_BE_CONFIGURED,synthetic_prototype
257,257,257,T001,ROAD,True,3.0,6.0,True,joint_cutting_machine|plate_compactor,joint_cutting_machine|plate_compactor,,True,7.9,9.0,True,True,True,FEASIBLE,TO_BE_CONFIGURED,synthetic_prototype
428,428,428,T003,GARBAGE,True,3.0,4.0,True,manual_garbage_collection_tools,manual_garbage_collection_tools,,True,5.8,9.0,True,True,True,FEASIBLE,TO_BE_CONFIGURED,synthetic_prototype
282,282,282,T001,ROAD,True,4.0,6.0,True,joint_cutting_machine|plate_compactor,joint_cutting_machine|plate_compactor,,True,19.7,9.0,False,True,False,SERVICE_DURATION_EXCEEDS_SINGLE_SHIFT,TO_BE_CONFIGURED,synthetic_prototype
251,251,251,T003,GARBAGE,True,3.0,4.0,True,manual_garbage_collection_tools,manual_garbage_collection_tools,,True,6.7,9.0,True,True,True,FEASIBLE,TO_BE_CONFIGURED,synthetic_prototype
462,462,462,T002,WATER,True,4.0,5.0,True,drain_cleaning_tools,drain_cleaning_tools|truck_5_5_cum_per_10_mt|water_leakage_repair_tools,,True,14.9,9.0,False,True,False,SERVICE_DURATION_EXCEEDS_SINGLE_SHIFT,TO_BE_CONFIGURED,synthetic_prototype
395,395,395,T002,WATER,True,3.0,5.0,True,drain_cleaning_tools,drain_cleaning_tools|truck_5_5_cum_per_10_mt|water_leakage_repair_tools,,True,6.4,9.0,True,True,True,FEASIBLE,TO_BE_CONFIGURED,synthetic_prototype
494,494,494,T003,GARBAGE,True,3.0,4.0,True,manual_garbage_collection_tools,manual_garbage_collection_tools,,True,7.6,9.0,True,True,True,FEASIBLE,TO_BE_CONFIGURED,synthetic_prototype
437,437,437,T002,WATER,True,3.0,5.0,True,truck_5_5_cum_per_10_mt,drain_cleaning_tools|truck_5_5_cum_per_10_mt|water_leakage_repair_tools,,True,16.1,9.0,False,True,False,SERVICE_DURATION_EXCEEDS_SINGLE_SHIFT,TO_BE_CONFIGURED,synthetic_prototype
227,227,227,T003,GARBAGE,True,3.0,4.0,True,manual_garbage_collection_tools,manual_garbage_collection_tools,,True,6.5,9.0,True,True,True,FEASIBLE,TO_BE_CONFIGURED,synthetic_prototype
177,177,177,T004,ELECTRICITY,True,4.0,4.0,True,electrical_maintenance_tools,electrical_maintenance_tools,,True,3.0,9.0,True,True,True,FEASIBLE,TO_BE_CONFIGURED,synthetic_prototype
392,392,392,T002,WATER,True,3.0,5.0,True,water_leakage_repair_tools,drain_cleaning_tools|truck_5_5_cum_per_10_mt|water_leakage_repair_tools,,True,7.6,9.0,True,True,True,FEASIBLE,TO_BE_CONFIGURED,synthetic_prototype
263,263,263,T004,ELECTRICITY,True,3.0,4.0,True,electrical_maintenance_tools,electrical_maintenance_tools,,True,2.0,9.0,True,True,True,FEASIBLE,TO_BE_CONFIGURED,synthetic_prototype
281,281,281,T002,WATER,True,3.0,5.0,True,water_leakage_repair_tools,drain_cleaning_tools|truck_5_5_cum_per_10_mt|water_leakage_repair_tools,,True,4.6,9.0,True,True,True,FEASIBLE,TO_BE_CONFIGURED,synthetic_prototype
479,479,479,T002,WATER,True,3.0,5.0,True,truck_5_5_cum_per_10_mt,drain_cleaning_tools|truck_5_5_cum_per_10_mt|water_leakage_repair_tools,,True,21.0,9.0,False,True,False,SERVICE_DURATION_EXCEEDS_SINGLE_SHIFT,TO_BE_CONFIGURED,synthetic_prototype
359,359,359,T002,WATER,True,3.0,5.0,True,drain_cleaning_tools,drain_cleaning_tools|truck_5_5_cum_per_10_mt|water_leakage_repair_tools,,True,5.0,9.0,True,True,True,FEASIBLE,TO_BE_CONFIGURED,synthetic_prototype
142,142,142,T002,WATER,True,2.0,5.0,True,truck_5_5_cum_per_10_mt,drain_cleaning_tools|truck_5_5_cum_per_10_mt|water_leakage_repair_tools,,True,6.4,9.0,True,True,True,FEASIBLE,TO_BE_CONFIGURED,synthetic_prototype
358,358,358,T002,WATER,True,2.0,5.0,True,truck_5_5_cum_per_10_mt,drain_cleaning_tools|truck_5_5_cum_per_10_mt|water_leakage_repair_tools,,True,7.3,9.0,True,True,True,FEASIBLE,TO_BE_CONFIGURED,synthetic_prototype
345,345,345,T001,ROAD,True,4.0,6.0,True,joint_cutting_machine|plate_compactor,joint_cutting_machine|plate_compactor,,True,20.7,9.0,False,True,False,SERVICE_DURATION_EXCEEDS_SINGLE_SHIFT,TO_BE_CONFIGURED,synthetic_prototype
224,224,224,T001,ROAD,True,3.0,6.0,True,joint_cutting_machine|plate_compactor,joint_cutting_machine|plate_compactor,,True,3.6,9.0,True,True,True,FEASIBLE,TO_BE_CONFIGURED,synthetic_prototype
53,53,53,T001,ROAD,True,3.0,6.0,True,joint_cutting_machine|plate_compactor,joint_cutting_machine|plate_compactor,,True,9.7,9.0,False,True,False,SERVICE_DURATION_EXCEEDS_SINGLE_SHIFT,TO_BE_CONFIGURED,synthetic_prototype
159,159,159,T003,GARBAGE,True,4.0,4.0,True,manual_garbage_collection_tools,manual_garbage_collection_tools,,True,13.5,9.0,False,True,False,SERVICE_DURATION_EXCEEDS_SINGLE_SHIFT,TO_BE_CONFIGURED,synthetic_prototype
205,205,205,T001,ROAD,True,2.0,6.0,True,joint_cutting_machine|plate_compactor,joint_cutting_machine|plate_compactor,,True,2.0,9.0,True,True,True,FEASIBLE,TO_BE_CONFIGURED,synthetic_prototype
252,252,252,T001,ROAD,True,4.0,6.0,True,joint_cutting_machine|plate_compactor,joint_cutting_machine|plate_compactor,,True,8.3,9.0,True,True,True,FEASIBLE,TO_BE_CONFIGURED,synthetic_prototype
99,99,99,T001,ROAD,True,4.0,6.0,True,joint_cutting_machine|plate_compactor,joint_cutting_machine|plate_compactor,,True,7.2,9.0,True,True,True,FEASIBLE,TO_BE_CONFIGURED,synthetic_prototype
152,152,152,T001,ROAD,True,3.0,6.0,True,joint_cutting_machine|plate_compactor,joint_cutting_machine|plate_compactor,,True,5.0,9.0,True,True,True,FEASIBLE,TO_BE_CONFIGURED,synthetic_prototype
44,44,44,T003,GARBAGE,True,3.0,4.0,True,manual_garbage_collection_tools,manual_garbage_collection_tools,,True,6.5,9.0,True,True,True,FEASIBLE,TO_BE_CONFIGURED,synthetic_prototype
468,468,468,T003,GARBAGE,True,4.0,4.0,True,manual_garbage_collection_tools,manual_garbage_collection_tools,,True,18.0,9.0,False,True,False,SERVICE_DURATION_EXCEEDS_SINGLE_SHIFT,TO_BE_CONFIGURED,synthetic_prototype
140,140,140,T004,ELECTRICITY,True,3.0,4.0,True,electrical_maintenance_tools,electrical_maintenance_tools,,True,2.0,9.0,True,True,True,FEASIBLE,TO_BE_CONFIGURED,synthetic_prototype
415,415,415,T003,GARBAGE,True,2.0,4.0,True,manual_garbage_collection_tools,manual_garbage_collection_tools,,True,3.2,9.0,True,True,True,FEASIBLE,TO_BE_CONFIGURED,synthetic_prototype
371,371,371,T002,WATER,True,3.0,5.0,True,truck_5_5_cum_per_10_mt,drain_cleaning_tools|truck_5_5_cum_per_10_mt|water_leakage_repair_tools,,True,13.4,9.0,False,True,False,SERVICE_DURATION_EXCEEDS_SINGLE_SHIFT,TO_BE_CONFIGURED,synthetic_prototype
250,250,250,T002,WATER,True,2.0,5.0,True,water_leakage_repair_tools,drain_cleaning_tools|truck_5_5_cum_per_10_mt|water_leakage_repair_tools,,True,2.6,9.0,True,True,True,FEASIBLE,TO_BE_CONFIGURED,synthetic_prototype
188,188,188,T002,WATER,True,3.0,5.0,True,water_leakage_repair_tools,drain_cleaning_tools|truck_5_5_cum_per_10_mt|water_leakage_repair_tools,,True,8.4,9.0,True,True,True,FEASIBLE,TO_BE_CONFIGURED,synthetic_prototype
136,136,136,T001,ROAD,True,2.0,6.0,True,joint_cutting_machine|plate_compactor,joint_cutting_machine|plate_compactor,,True,2.1,9.0,True,True,True,FEASIBLE,TO_BE_CONFIGURED,synthetic_prototype
367,367,367,T002,WATER,True,2.0,5.0,True,truck_5_5_cum_per_10_mt,drain_cleaning_tools|truck_5_5_cum_per_10_mt|water_leakage_repair_tools,,True,3.7,9.0,True,True,True,FEASIBLE,TO_BE_CONFIGURED,synthetic_prototype
178,178,178,T004,ELECTRICITY,True,2.0,4.0,True,electrical_maintenance_tools,electrical_maintenance_tools,,True,2.0,9.0,True,True,True,FEASIBLE,TO_BE_CONFIGURED,synthetic_prototype
365,365,365,T001,ROAD,True,3.0,6.0,True,joint_cutting_machine|plate_compactor,joint_cutting_machine|plate_compactor,,True,4.5,9.0,True,True,True,FEASIBLE,TO_BE_CONFIGURED,synthetic_prototype
329,329,329,T003,GARBAGE,True,3.0,4.0,True,manual_garbage_collection_tools,manual_garbage_collection_tools,,True,8.7,9.0,True,True,True,FEASIBLE,TO_BE_CONFIGURED,synthetic_prototype
61,61,61,T001,ROAD,True,2.0,6.0,True,joint_cutting_machine|plate_compactor,joint_cutting_machine|plate_compactor,,True,3.7,9.0,True,True,True,FEASIBLE,TO_BE_CONFIGURED,synthetic_prototype
268,268,268,T004,ELECTRICITY,True,2.0,4.0,True,electrical_maintenance_tools,electrical_maintenance_tools,,True,2.0,9.0,True,True,True,FEASIBLE,TO_BE_CONFIGURED,synthetic_prototype
461,461,461,T001,ROAD,True,3.0,6.0,True,joint_cutting_machine|plate_compactor,joint_cutting_machine|plate_compactor,,True,4.6,9.0,True,True,True,FEASIBLE,TO_BE_CONFIGURED,synthetic_prototype
26,26,26,T001,ROAD,True,3.0,6.0,True,joint_cutting_machine|plate_compactor,joint_cutting_machine|plate_compactor,,True,4.6,9.0,True,True,True,FEASIBLE,TO_BE_CONFIGURED,synthetic_prototype
196,196,196,T002,WATER,True,2.0,5.0,True,water_leakage_repair_tools,drain_cleaning_tools|truck_5_5_cum_per_10_mt|water_leakage_repair_tools,,True,3.0,9.0,True,True,True,FEASIBLE,TO_BE_CONFIGURED,synthetic_prototype
376,376,376,T001,ROAD,True,2.0,6.0,True,joint_cutting_machine|plate_compactor,joint_cutting_machine|plate_compactor,,True,2.2,9.0,True,True,True,FEASIBLE,TO_BE_CONFIGURED,synthetic_prototype
441,441,441,T001,ROAD,True,4.0,6.0,True,joint_cutting_machine|plate_compactor,joint_cutting_machine|plate_compactor,,True,6.5,9.0,True,True,True,FEASIBLE,TO_BE_CONFIGURED,synthetic_prototype
94,94,94,T003,GARBAGE,True,2.0,4.0,True,manual_garbage_collection_tools,manual_garbage_collection_tools,,True,2.8,9.0,True,True,True,FEASIBLE,TO_BE_CONFIGURED,synthetic_prototype
5,5,5,T004,ELECTRICITY,True,3.0,4.0,True,electrical_maintenance_tools,electrical_maintenance_tools,,True,2.0,9.0,True,True,True,FEASIBLE,TO_BE_CONFIGURED,synthetic_prototype
338,338,338,T001,ROAD,True,3.0,6.0,True,joint_cutting_machine|plate_compactor,joint_cutting_machine|plate_compactor,,True,6.7,9.0,True,True,True,FEASIBLE,TO_BE_CONFIGURED,synthetic_prototype
37,37,37,T002,WATER,True,2.0,5.0,True,drain_cleaning_tools,drain_cleaning_tools|truck_5_5_cum_per_10_mt|water_leakage_repair_tools,,True,3.0,9.0,True,True,True,FEASIBLE,TO_BE_CONFIGURED,synthetic_prototype
187,187,187,T001,ROAD,True,2.0,6.0,True,joint_cutting_machine|plate_compactor,joint_cutting_machine|plate_compactor,,True,3.4,9.0,True,True,True,FEASIBLE,TO_BE_CONFIGURED,synthetic_prototype
492,492,492,T002,WATER,True,4.0,5.0,True,water_leakage_repair_tools,drain_cleaning_tools|truck_5_5_cum_per_10_mt|water_leakage_repair_tools,,True,16.5,9.0,False,True,False,SERVICE_DURATION_EXCEEDS_SINGLE_SHIFT,TO_BE_CONFIGURED,synthetic_prototype
18,18,18,T001,ROAD,True,4.0,6.0,True,joint_cutting_machine|plate_compactor,joint_cutting_machine|plate_compactor,,True,14.8,9.0,False,True,False,SERVICE_DURATION_EXCEEDS_SINGLE_SHIFT,TO_BE_CONFIGURED,synthetic_prototype
253,253,253,T001,ROAD,True,2.0,6.0,True,joint_cutting_machine|plate_compactor,joint_cutting_machine|plate_compactor,,True,3.8,9.0,True,True,True,FEASIBLE,TO_BE_CONFIGURED,synthetic_prototype
469,469,469,T002,WATER,True,2.0,5.0,True,drain_cleaning_tools,drain_cleaning_tools|truck_5_5_cum_per_10_mt|water_leakage_repair_tools,,True,2.4,9.0,True,True,True,FEASIBLE,TO_BE_CONFIGURED,synthetic_prototype
41,41,41,T003,GARBAGE,True,3.0,4.0,True,manual_garbage_collection_tools,manual_garbage_collection_tools,,True,6.4,9.0,True,True,True,FEASIBLE,TO_BE_CONFIGURED,synthetic_prototype
238,238,238,T002,WATER,True,2.0,5.0,True,truck_5_5_cum_per_10_mt,drain_cleaning_tools|truck_5_5_cum_per_10_mt|water_leakage_repair_tools,,True,7.5,9.0,True,True,True,FEASIBLE,TO_BE_CONFIGURED,synthetic_prototype
475,475,475,T004,ELECTRICITY,True,2.0,4.0,True,electrical_maintenance_tools,electrical_maintenance_tools,,True,2.0,9.0,True,True,True,FEASIBLE,TO_BE_CONFIGURED,synthetic_prototype
14,14,14,T001,ROAD,True,3.0,6.0,True,joint_cutting_machine|plate_compactor,joint_cutting_machine|plate_compactor,,True,6.6,9.0,True,True,True,FEASIBLE,TO_BE_CONFIGURED,synthetic_prototype
382,382,382,T003,GARBAGE,True,2.0,4.0,True,manual_garbage_collection_tools,manual_garbage_collection_tools,,True,2.1,9.0,True,True,True,FEASIBLE,TO_BE_CONFIGURED,synthetic_prototype
166,166,166,T004,ELECTRICITY,True,2.0,4.0,True,electrical_maintenance_tools,electrical_maintenance_tools,,True,2.0,9.0,True,True,True,FEASIBLE,TO_BE_CONFIGURED,synthetic_prototype
200,200,200,T001,ROAD,True,3.0,6.0,True,joint_cutting_machine|plate_compactor,joint_cutting_machine|plate_compactor,,True,6.3,9.0,True,True,True,FEASIBLE,TO_BE_CONFIGURED,synthetic_prototype
383,383,383,T004,ELECTRICITY,True,3.0,4.0,True,electrical_maintenance_tools,electrical_maintenance_tools,,True,2.0,9.0,True,True,True,FEASIBLE,TO_BE_CONFIGURED,synthetic_prototype
1,1,1,T002,WATER,True,2.0,5.0,True,truck_5_5_cum_per_10_mt,drain_cleaning_tools|truck_5_5_cum_per_10_mt|water_leakage_repair_tools,,True,4.2,9.0,True,True,True,FEASIBLE,TO_BE_CONFIGURED,synthetic_prototype
55,55,55,T001,ROAD,True,2.0,6.0,True,joint_cutting_machine|plate_compactor,joint_cutting_machine|plate_compactor,,True,2.0,9.0,True,True,True,FEASIBLE,TO_BE_CONFIGURED,synthetic_prototype
47,47,47,T002,WATER,True,3.0,5.0,True,water_leakage_repair_tools,drain_cleaning_tools|truck_5_5_cum_per_10_mt|water_leakage_repair_tools,,True,6.3,9.0,True,True,True,FEASIBLE,TO_BE_CONFIGURED,synthetic_prototype
288,288,288,T002,WATER,True,4.0,5.0,True,water_leakage_repair_tools,drain_cleaning_tools|truck_5_5_cum_per_10_mt|water_leakage_repair_tools,,True,17.5,9.0,False,True,False,SERVICE_DURATION_EXCEEDS_SINGLE_SHIFT,TO_BE_CONFIGURED,synthetic_prototype
485,485,485,T002,WATER,True,3.0,5.0,True,drain_cleaning_tools,drain_cleaning_tools|truck_5_5_cum_per_10_mt|water_leakage_repair_tools,,True,5.2,9.0,True,True,True,FEASIBLE,TO_BE_CONFIGURED,synthetic_prototype
446,446,446,T002,WATER,True,3.0,5.0,True,drain_cleaning_tools,drain_cleaning_tools|truck_5_5_cum_per_10_mt|water_leakage_repair_tools,,True,8.4,9.0,True,True,True,FEASIBLE,TO_BE_CONFIGURED,synthetic_prototype
185,185,185,T001,ROAD,True,3.0,6.0,True,joint_cutting_machine|plate_compactor,joint_cutting_machine|plate_compactor,,True,4.8,9.0,True,True,True,FEASIBLE,TO_BE_CONFIGURED,synthetic_prototype
46,46,46,T002,WATER,True,2.0,5.0,True,truck_5_5_cum_per_10_mt,drain_cleaning_tools|truck_5_5_cum_per_10_mt|water_leakage_repair_tools,,True,7.9,9.0,True,True,True,FEASIBLE,TO_BE_CONFIGURED,synthetic_prototype
52,52,52,T002,WATER,True,2.0,5.0,True,truck_5_5_cum_per_10_mt,drain_cleaning_tools|truck_5_5_cum_per_10_mt|water_leakage_repair_tools,,True,8.4,9.0,True,True,True,FEASIBLE,TO_BE_CONFIGURED,synthetic_prototype
63,63,63,T002,WATER,True,4.0,5.0,True,truck_5_5_cum_per_10_mt,drain_cleaning_tools|truck_5_5_cum_per_10_mt|water_leakage_repair_tools,,True,31.9,9.0,False,True,False,SERVICE_DURATION_EXCEEDS_SINGLE_SHIFT,TO_BE_CONFIGURED,synthetic_prototype
421,421,421,T002,WATER,True,2.0,5.0,True,water_leakage_repair_tools,drain_cleaning_tools|truck_5_5_cum_per_10_mt|water_leakage_repair_tools,,True,3.0,9.0,True,True,True,FEASIBLE,TO_BE_CONFIGURED,synthetic_prototype
202,202,202,T001,ROAD,True,2.0,6.0,True,joint_cutting_machine|plate_compactor,joint_cutting_machine|plate_compactor,,True,2.3,9.0,True,True,True,FEASIBLE,TO_BE_CONFIGURED,synthetic_prototype
466,466,466,T001,ROAD,True,2.0,6.0,True,joint_cutting_machine|plate_compactor,joint_cutting_machine|plate_compactor,,True,4.8,9.0,True,True,True,FEASIBLE,TO_BE_CONFIGURED,synthetic_prototype
396,396,396,T001,ROAD,True,4.0,6.0,True,joint_cutting_machine|plate_compactor,joint_cutting_machine|plate_compactor,,True,6.2,9.0,True,True,True,FEASIBLE,TO_BE_CONFIGURED,synthetic_prototype
412,412,412,T002,WATER,True,2.0,5.0,True,water_leakage_repair_tools,drain_cleaning_tools|truck_5_5_cum_per_10_mt|water_leakage_repair_tools,,True,2.4,9.0,True,True,True,FEASIBLE,TO_BE_CONFIGURED,synthetic_prototype
259,259,259,T001,ROAD,True,2.0,6.0,True,joint_cutting_machine|plate_compactor,joint_cutting_machine|plate_compactor,,True,2.6,9.0,True,True,True,FEASIBLE,TO_BE_CONFIGURED,synthetic_prototype
481,481,481,T001,ROAD,True,2.0,6.0,True,joint_cutting_machine|plate_compactor,joint_cutting_machine|plate_compactor,,True,2.2,9.0,True,True,True,FEASIBLE,TO_BE_CONFIGURED,synthetic_prototype
161,161,161,T001,ROAD,True,3.0,6.0,True,joint_cutting_machine|plate_compactor,joint_cutting_machine|plate_compactor,,True,9.1,9.0,False,True,False,SERVICE_DURATION_EXCEEDS_SINGLE_SHIFT,TO_BE_CONFIGURED,synthetic_prototype
30,30,30,T003,GARBAGE,True,4.0,4.0,True,manual_garbage_collection_tools,manual_garbage_collection_tools,,True,14.5,9.0,False,True,False,SERVICE_DURATION_EXCEEDS_SINGLE_SHIFT,TO_BE_CONFIGURED,synthetic_prototype
456,456,456,T002,WATER,True,4.0,5.0,True,truck_5_5_cum_per_10_mt,drain_cleaning_tools|truck_5_5_cum_per_10_mt|water_leakage_repair_tools,,True,38.0,9.0,False,True,False,SERVICE_DURATION_EXCEEDS_SINGLE_SHIFT,TO_BE_CONFIGURED,synthetic_prototype
127,127,127,T003,GARBAGE,True,2.0,4.0,True,manual_garbage_collection_tools,manual_garbage_collection_tools,,True,2.1,9.0,True,True,True,FEASIBLE,TO_BE_CONFIGURED,synthetic_prototype
337,337,337,T002,WATER,True,2.0,5.0,True,drain_cleaning_tools,drain_cleaning_tools|truck_5_5_cum_per_10_mt|water_leakage_repair_tools,,True,2.3,9.0,True,True,True,FEASIBLE,TO_BE_CONFIGURED,synthetic_prototype
499,499,499,T002,WATER,True,2.0,5.0,True,water_leakage_repair_tools,drain_cleaning_tools|truck_5_5_cum_per_10_mt|water_leakage_repair_tools,,True,2.2,9.0,True,True,True,FEASIBLE,TO_BE_CONFIGURED,synthetic_prototype
163,163,163,T004,ELECTRICITY,True,2.0,4.0,True,electrical_maintenance_tools,electrical_maintenance_tools,,True,2.0,9.0,True,True,True,FEASIBLE,TO_BE_CONFIGURED,synthetic_prototype
65,65,65,T001,ROAD,True,3.0,6.0,True,joint_cutting_machine|plate_compactor,joint_cutting_machine|plate_compactor,,True,4.1,9.0,True,True,True,FEASIBLE,TO_BE_CONFIGURED,synthetic_prototype
73,73,73,T002,WATER,True,2.0,5.0,True,drain_cleaning_tools,drain_cleaning_tools|truck_5_5_cum_per_10_mt|water_leakage_repair_tools,,True,2.4,9.0,True,True,True,FEASIBLE,TO_BE_CONFIGURED,synthetic_prototype
237,237,237,T003,GARBAGE,True,4.0,4.0,True,manual_garbage_collection_tools,manual_garbage_collection_tools,,True,15.2,9.0,False,True,False,SERVICE_DURATION_EXCEEDS_SINGLE_SHIFT,TO_BE_CONFIGURED,synthetic_prototype
74,74,74,T002,WATER,True,3.0,5.0,True,water_leakage_repair_tools,drain_cleaning_tools|truck_5_5_cum_per_10_mt|water_leakage_repair_tools,,True,8.8,9.0,True,True,True,FEASIBLE,TO_BE_CONFIGURED,synthetic_prototype
199,199,199,T004,ELECTRICITY,True,2.0,4.0,True,electrical_maintenance_tools,electrical_maintenance_tools,,True,2.0,9.0,True,True,True,FEASIBLE,TO_BE_CONFIGURED,synthetic_prototype
440,440,440,T001,ROAD,True,3.0,6.0,True,joint_cutting_machine|plate_compactor,joint_cutting_machine|plate_compactor,,True,3.7,9.0,True,True,True,FEASIBLE,TO_BE_CONFIGURED,synthetic_prototype
221,221,221,T002,WATER,True,3.0,5.0,True,truck_5_5_cum_per_10_mt,drain_cleaning_tools|truck_5_5_cum_per_10_mt|water_leakage_repair_tools,,True,12.6,9.0,False,True,False,SERVICE_DURATION_EXCEEDS_SINGLE_SHIFT,TO_BE_CONFIGURED,synthetic_prototype
164,164,164,T001,ROAD,True,3.0,6.0,True,joint_cutting_machine|plate_compactor,joint_cutting_machine|plate_compactor,,True,3.6,9.0,True,True,True,FEASIBLE,TO_BE_CONFIGURED,synthetic_prototype
300,300,300,T002,WATER,True,4.0,5.0,True,water_leakage_repair_tools,drain_cleaning_tools|truck_5_5_cum_per_10_mt|water_leakage_repair_tools,,True,15.0,9.0,False,True,False,SERVICE_DURATION_EXCEEDS_SINGLE_SHIFT,TO_BE_CONFIGURED,synthetic_prototype
115,115,115,T002,WATER,True,2.0,5.0,True,truck_5_5_cum_per_10_mt,drain_cleaning_tools|truck_5_5_cum_per_10_mt|water_leakage_repair_tools,,True,8.0,9.0,True,True,True,FEASIBLE,TO_BE_CONFIGURED,synthetic_prototype
368,368,368,T002,WATER,True,3.0,5.0,True,truck_5_5_cum_per_10_mt,drain_cleaning_tools|truck_5_5_cum_per_10_mt|water_leakage_repair_tools,,True,20.5,9.0,False,True,False,SERVICE_DURATION_EXCEEDS_SINGLE_SHIFT,TO_BE_CONFIGURED,synthetic_prototype
86,86,86,T002,WATER,True,3.0,5.0,True,drain_cleaning_tools,drain_cleaning_tools|truck_5_5_cum_per_10_mt|water_leakage_repair_tools,,True,8.5,9.0,True,True,True,FEASIBLE,TO_BE_CONFIGURED,synthetic_prototype
4,4,4,T002,WATER,True,2.0,5.0,True,truck_5_5_cum_per_10_mt,drain_cleaning_tools|truck_5_5_cum_per_10_mt|water_leakage_repair_tools,,True,4.7,9.0,True,True,True,FEASIBLE,TO_BE_CONFIGURED,synthetic_prototype
2,2,2,T001,ROAD,True,3.0,6.0,True,joint_cutting_machine|plate_compactor,joint_cutting_machine|plate_compactor,,True,4.9,9.0,True,True,True,FEASIBLE,TO_BE_CONFIGURED,synthetic_prototype
430,430,430,T004,ELECTRICITY,True,2.0,4.0,True,electrical_maintenance_tools,electrical_maintenance_tools,,True,2.0,9.0,True,True,True,FEASIBLE,TO_BE_CONFIGURED,synthetic_prototype
25,25,25,T001,ROAD,True,2.0,6.0,True,joint_cutting_machine|plate_compactor,joint_cutting_machine|plate_compactor,,True,3.4,9.0,True,True,True,FEASIBLE,TO_BE_CONFIGURED,synthetic_prototype
295,295,295,T002,WATER,True,2.0,5.0,True,truck_5_5_cum_per_10_mt,drain_cleaning_tools|truck_5_5_cum_per_10_mt|water_leakage_repair_tools,,True,7.8,9.0,True,True,True,FEASIBLE,TO_BE_CONFIGURED,synthetic_prototype
361,361,361,T002,WATER,True,2.0,5.0,True,truck_5_5_cum_per_10_mt,drain_cleaning_tools|truck_5_5_cum_per_10_mt|water_leakage_repair_tools,,True,8.1,9.0,True,True,True,FEASIBLE,TO_BE_CONFIGURED,synthetic_prototype
16,16,16,T002,WATER,True,2.0,5.0,True,water_leakage_repair_tools,drain_cleaning_tools|truck_5_5_cum_per_10_mt|water_leakage_repair_tools,,True,2.5,9.0,True,True,True,FEASIBLE,TO_BE_CONFIGURED,synthetic_prototype
81,81,81,T004,ELECTRICITY,True,4.0,4.0,True,electrical_maintenance_tools,electrical_maintenance_tools,,True,3.0,9.0,True,True,True,FEASIBLE,TO_BE_CONFIGURED,synthetic_prototype
488,488,488,T003,GARBAGE,True,3.0,4.0,True,manual_garbage_collection_tools,manual_garbage_collection_tools,,True,5.1,9.0,True,True,True,FEASIBLE,TO_BE_CONFIGURED,synthetic_prototype
407,407,407,T002,WATER,True,3.0,5.0,True,drain_cleaning_tools,drain_cleaning_tools|truck_5_5_cum_per_10_mt|water_leakage_repair_tools,,True,7.8,9.0,True,True,True,FEASIBLE,TO_BE_CONFIGURED,synthetic_prototype
167,167,167,T001,ROAD,True,3.0,6.0,True,joint_cutting_machine|plate_compactor,joint_cutting_machine|plate_compactor,,True,7.4,9.0,True,True,True,FEASIBLE,TO_BE_CONFIGURED,synthetic_prototype
472,472,472,T002,WATER,True,2.0,5.0,True,truck_5_5_cum_per_10_mt,drain_cleaning_tools|truck_5_5_cum_per_10_mt|water_leakage_repair_tools,,True,7.9,9.0,True,True,True,FEASIBLE,TO_BE_CONFIGURED,synthetic_prototype
316,316,316,T001,ROAD,True,2.0,6.0,True,joint_cutting_machine|plate_compactor,joint_cutting_machine|plate_compactor,,True,2.0,9.0,True,True,True,FEASIBLE,TO_BE_CONFIGURED,synthetic_prototype
256,256,256,T002,WATER,True,2.0,5.0,True,water_leakage_repair_tools,drain_cleaning_tools|truck_5_5_cum_per_10_mt|water_leakage_repair_tools,,True,2.7,9.0,True,True,True,FEASIBLE,TO_BE_CONFIGURED,synthetic_prototype
422,422,422,T002,WATER,True,3.0,5.0,True,truck_5_5_cum_per_10_mt,drain_cleaning_tools|truck_5_5_cum_per_10_mt|water_leakage_repair_tools,,True,14.3,9.0,False,True,False,SERVICE_DURATION_EXCEEDS_SINGLE_SHIFT,TO_BE_CONFIGURED,synthetic_prototype
181,181,181,T001,ROAD,True,2.0,6.0,True,joint_cutting_machine|plate_compactor,joint_cutting_machine|plate_compactor,,True,2.1,9.0,True,True,True,FEASIBLE,TO_BE_CONFIGURED,synthetic_prototype
314,314,314,T001,ROAD,True,3.0,6.0,True,joint_cutting_machine|plate_compactor,joint_cutting_machine|plate_compactor,,True,3.8,9.0,True,True,True,FEASIBLE,TO_BE_CONFIGURED,synthetic_prototype
40,40,40,T001,ROAD,True,2.0,6.0,True,joint_cutting_machine|plate_compactor,joint_cutting_machine|plate_compactor,,True,2.0,9.0,True,True,True,FEASIBLE,TO_BE_CONFIGURED,synthetic_prototype
148,148,148,T002,WATER,True,2.0,5.0,True,truck_5_5_cum_per_10_mt,drain_cleaning_tools|truck_5_5_cum_per_10_mt|water_leakage_repair_tools,,True,5.5,9.0,True,True,True,FEASIBLE,TO_BE_CONFIGURED,synthetic_prototype
100,100,100,T004,ELECTRICITY,True,2.0,4.0,True,electrical_maintenance_tools,electrical_maintenance_tools,,True,2.0,9.0,True,True,True,FEASIBLE,TO_BE_CONFIGURED,synthetic_prototype
436,436,436,T002,WATER,True,2.0,5.0,True,truck_5_5_cum_per_10_mt,drain_cleaning_tools|truck_5_5_cum_per_10_mt|water_leakage_repair_tools,,True,5.4,9.0,True,True,True,FEASIBLE,TO_BE_CONFIGURED,synthetic_prototype
122,122,122,T002,WATER,True,3.0,5.0,True,water_leakage_repair_tools,drain_cleaning_tools|truck_5_5_cum_per_10_mt|water_leakage_repair_tools,,True,7.0,9.0,True,True,True,FEASIBLE,TO_BE_CONFIGURED,synthetic_prototype
155,155,155,T004,ELECTRICITY,True,3.0,4.0,True,electrical_maintenance_tools,electrical_maintenance_tools,,True,2.0,9.0,True,True,True,FEASIBLE,TO_BE_CONFIGURED,synthetic_prototype
137,137,137,T004,ELECTRICITY,True,3.0,4.0,True,electrical_maintenance_tools,electrical_maintenance_tools,,True,2.0,9.0,True,True,True,FEASIBLE,TO_BE_CONFIGURED,synthetic_prototype
43,43,43,T002,WATER,True,2.0,5.0,True,truck_5_5_cum_per_10_mt,drain_cleaning_tools|truck_5_5_cum_per_10_mt|water_leakage_repair_tools,,True,3.7,9.0,True,True,True,FEASIBLE,TO_BE_CONFIGURED,synthetic_prototype
112,112,112,T002,WATER,True,2.0,5.0,True,drain_cleaning_tools,drain_cleaning_tools|truck_5_5_cum_per_10_mt|water_leakage_repair_tools,,True,2.7,9.0,True,True,True,FEASIBLE,TO_BE_CONFIGURED,synthetic_prototype
310,310,310,T003,GARBAGE,True,2.0,4.0,True,manual_garbage_collection_tools,manual_garbage_collection_tools,,True,2.8,9.0,True,True,True,FEASIBLE,TO_BE_CONFIGURED,synthetic_prototype
286,286,286,T002,WATER,True,2.0,5.0,True,drain_cleaning_tools,drain_cleaning_tools|truck_5_5_cum_per_10_mt|water_leakage_repair_tools,,True,2.7,9.0,True,True,True,FEASIBLE,TO_BE_CONFIGURED,synthetic_prototype
304,304,304,T001,ROAD,True,2.0,6.0,True,joint_cutting_machine|plate_compactor,joint_cutting_machine|plate_compactor,,True,2.8,9.0,True,True,True,FEASIBLE,TO_BE_CONFIGURED,synthetic_prototype
19,19,19,T002,WATER,True,2.0,5.0,True,drain_cleaning_tools,drain_cleaning_tools|truck_5_5_cum_per_10_mt|water_leakage_repair_tools,,True,3.0,9.0,True,True,True,FEASIBLE,TO_BE_CONFIGURED,synthetic_prototype
143,143,143,T003,GARBAGE,True,3.0,4.0,True,manual_garbage_collection_tools,manual_garbage_collection_tools,,True,9.0,9.0,True,True,True,FEASIBLE,TO_BE_CONFIGURED,synthetic_prototype
194,194,194,T001,ROAD,True,3.0,6.0,True,joint_cutting_machine|plate_compactor,joint_cutting_machine|plate_compactor,,True,10.9,9.0,False,True,False,SERVICE_DURATION_EXCEEDS_SINGLE_SHIFT,TO_BE_CONFIGURED,synthetic_prototype
241,241,241,T002,WATER,True,2.0,5.0,True,drain_cleaning_tools,drain_cleaning_tools|truck_5_5_cum_per_10_mt|water_leakage_repair_tools,,True,3.0,9.0,True,True,True,FEASIBLE,TO_BE_CONFIGURED,synthetic_prototype
97,97,97,T002,WATER,True,2.0,5.0,True,truck_5_5_cum_per_10_mt,drain_cleaning_tools|truck_5_5_cum_per_10_mt|water_leakage_repair_tools,,True,4.5,9.0,True,True,True,FEASIBLE,TO_BE_CONFIGURED,synthetic_prototype
449,449,449,T003,GARBAGE,True,3.0,4.0,True,manual_garbage_collection_tools,manual_garbage_collection_tools,,True,5.5,9.0,True,True,True,FEASIBLE,TO_BE_CONFIGURED,synthetic_prototype
326,326,326,T002,WATER,True,3.0,5.0,True,drain_cleaning_tools,drain_cleaning_tools|truck_5_5_cum_per_10_mt|water_leakage_repair_tools,,True,5.0,9.0,True,True,True,FEASIBLE,TO_BE_CONFIGURED,synthetic_prototype
223,223,223,T004,ELECTRICITY,True,2.0,4.0,True,electrical_maintenance_tools,electrical_maintenance_tools,,True,2.0,9.0,True,True,True,FEASIBLE,TO_BE_CONFIGURED,synthetic_prototype
203,203,203,T002,WATER,True,3.0,5.0,True,water_leakage_repair_tools,drain_cleaning_tools|truck_5_5_cum_per_10_mt|water_leakage_repair_tools,,True,5.0,9.0,True,True,True,FEASIBLE,TO_BE_CONFIGURED,synthetic_prototype
28,28,28,T002,WATER,True,2.0,5.0,True,water_leakage_repair_tools,drain_cleaning_tools|truck_5_5_cum_per_10_mt|water_leakage_repair_tools,,True,2.2,9.0,True,True,True,FEASIBLE,TO_BE_CONFIGURED,synthetic_prototype
319,319,319,T002,WATER,True,2.0,5.0,True,truck_5_5_cum_per_10_mt,drain_cleaning_tools|truck_5_5_cum_per_10_mt|water_leakage_repair_tools,,True,4.4,9.0,True,True,True,FEASIBLE,TO_BE_CONFIGURED,synthetic_prototype
394,394,394,T002,WATER,True,2.0,5.0,True,water_leakage_repair_tools,drain_cleaning_tools|truck_5_5_cum_per_10_mt|water_leakage_repair_tools,,True,3.5,9.0,True,True,True,FEASIBLE,TO_BE_CONFIGURED,synthetic_prototype
452,452,452,T001,ROAD,True,3.0,6.0,True,joint_cutting_machine|plate_compactor,joint_cutting_machine|plate_compactor,,True,8.1,9.0,True,True,True,FEASIBLE,TO_BE_CONFIGURED,synthetic_prototype
344,344,344,T004,ELECTRICITY,True,3.0,4.0,True,electrical_maintenance_tools,electrical_maintenance_tools,,True,2.0,9.0,True,True,True,FEASIBLE,TO_BE_CONFIGURED,synthetic_prototype
91,91,91,T002,WATER,True,2.0,5.0,True,truck_5_5_cum_per_10_mt,drain_cleaning_tools|truck_5_5_cum_per_10_mt|water_leakage_repair_tools,,True,3.9,9.0,True,True,True,FEASIBLE,TO_BE_CONFIGURED,synthetic_prototype
385,385,385,T002,WATER,True,2.0,5.0,True,truck_5_5_cum_per_10_mt,drain_cleaning_tools|truck_5_5_cum_per_10_mt|water_leakage_repair_tools,,True,8.1,9.0,True,True,True,FEASIBLE,TO_BE_CONFIGURED,synthetic_prototype
340,340,340,T004,ELECTRICITY,True,2.0,4.0,True,electrical_maintenance_tools,electrical_maintenance_tools,,True,2.0,9.0,True,True,True,FEASIBLE,TO_BE_CONFIGURED,synthetic_prototype
448,448,448,T003,GARBAGE,True,2.0,4.0,True,manual_garbage_collection_tools,manual_garbage_collection_tools,,True,2.4,9.0,True,True,True,FEASIBLE,TO_BE_CONFIGURED,synthetic_prototype
401,401,401,T002,WATER,True,3.0,5.0,True,truck_5_5_cum_per_10_mt,drain_cleaning_tools|truck_5_5_cum_per_10_mt|water_leakage_repair_tools,,True,15.7,9.0,False,True,False,SERVICE_DURATION_EXCEEDS_SINGLE_SHIFT,TO_BE_CONFIGURED,synthetic_prototype
463,463,463,T001,ROAD,True,2.0,6.0,True,joint_cutting_machine|plate_compactor,joint_cutting_machine|plate_compactor,,True,2.0,9.0,True,True,True,FEASIBLE,TO_BE_CONFIGURED,synthetic_prototype
103,103,103,T002,WATER,True,2.0,5.0,True,water_leakage_repair_tools,drain_cleaning_tools|truck_5_5_cum_per_10_mt|water_leakage_repair_tools,,True,3.5,9.0,True,True,True,FEASIBLE,TO_BE_CONFIGURED,synthetic_prototype
82,82,82,T002,WATER,True,2.0,5.0,True,truck_5_5_cum_per_10_mt,drain_cleaning_tools|truck_5_5_cum_per_10_mt|water_leakage_repair_tools,,True,4.2,9.0,True,True,True,FEASIBLE,TO_BE_CONFIGURED,synthetic_prototype
298,298,298,T001,ROAD,True,2.0,6.0,True,joint_cutting_machine|plate_compactor,joint_cutting_machine|plate_compactor,,True,2.0,9.0,True,True,True,FEASIBLE,TO_BE_CONFIGURED,synthetic_prototype
62,62,62,T002,WATER,True,3.0,5.0,True,truck_5_5_cum_per_10_mt,drain_cleaning_tools|truck_5_5_cum_per_10_mt|water_leakage_repair_tools,,True,21.1,9.0,False,True,False,SERVICE_DURATION_EXCEEDS_SINGLE_SHIFT,TO_BE_CONFIGURED,synthetic_prototype
322,322,322,T004,ELECTRICITY,True,2.0,4.0,True,electrical_maintenance_tools,electrical_maintenance_tools,,True,2.0,9.0,True,True,True,FEASIBLE,TO_BE_CONFIGURED,synthetic_prototype
293,293,293,T003,GARBAGE,True,3.0,4.0,True,manual_garbage_collection_tools,manual_garbage_collection_tools,,True,6.9,9.0,True,True,True,FEASIBLE,TO_BE_CONFIGURED,synthetic_prototype
389,389,389,T002,WATER,True,3.0,5.0,True,truck_5_5_cum_per_10_mt,drain_cleaning_tools|truck_5_5_cum_per_10_mt|water_leakage_repair_tools,,True,17.9,9.0,False,True,False,SERVICE_DURATION_EXCEEDS_SINGLE_SHIFT,TO_BE_CONFIGURED,synthetic_prototype
373,373,373,T003,GARBAGE,True,2.0,4.0,True,manual_garbage_collection_tools,manual_garbage_collection_tools,,True,2.0,9.0,True,True,True,FEASIBLE,TO_BE_CONFIGURED,synthetic_prototype
128,128,128,T004,ELECTRICITY,True,3.0,4.0,True,electrical_maintenance_tools,electrical_maintenance_tools,,True,2.0,9.0,True,True,True,FEASIBLE,TO_BE_CONFIGURED,synthetic_prototype
49,49,49,T004,ELECTRICITY,True,2.0,4.0,True,electrical_maintenance_tools,electrical_maintenance_tools,,True,2.0,9.0,True,True,True,FEASIBLE,TO_BE_CONFIGURED,synthetic_prototype
244,244,244,T004,ELECTRICITY,True,2.0,4.0,True,electrical_maintenance_tools,electrical_maintenance_tools,,True,2.0,9.0,True,True,True,FEASIBLE,TO_BE_CONFIGURED,synthetic_prototype
130,130,130,T001,ROAD,True,2.0,6.0,True,joint_cutting_machine|plate_compactor,joint_cutting_machine|plate_compactor,,True,2.0,9.0,True,True,True,FEASIBLE,TO_BE_CONFIGURED,synthetic_prototype
89,89,89,T004,ELECTRICITY,True,3.0,4.0,True,electrical_maintenance_tools,electrical_maintenance_tools,,True,2.0,9.0,True,True,True,FEASIBLE,TO_BE_CONFIGURED,synthetic_prototype
190,190,190,T003,GARBAGE,True,2.0,4.0,True,manual_garbage_collection_tools,manual_garbage_collection_tools,,True,2.1,9.0,True,True,True,FEASIBLE,TO_BE_CONFIGURED,synthetic_prototype
145,145,145,T004,ELECTRICITY,True,2.0,4.0,True,electrical_maintenance_tools,electrical_maintenance_tools,,True,2.0,9.0,True,True,True,FEASIBLE,TO_BE_CONFIGURED,synthetic_prototype
169,169,169,T001,ROAD,True,2.0,6.0,True,joint_cutting_machine|plate_compactor,joint_cutting_machine|plate_compactor,,True,2.0,9.0,True,True,True,FEASIBLE,TO_BE_CONFIGURED,synthetic_prototype
233,233,233,T002,WATER,True,3.0,5.0,True,drain_cleaning_tools,drain_cleaning_tools|truck_5_5_cum_per_10_mt|water_leakage_repair_tools,,True,7.9,9.0,True,True,True,FEASIBLE,TO_BE_CONFIGURED,synthetic_prototype
104,104,104,T001,ROAD,True,3.0,6.0,True,joint_cutting_machine|plate_compactor,joint_cutting_machine|plate_compactor,,True,11.8,9.0,False,True,False,SERVICE_DURATION_EXCEEDS_SINGLE_SHIFT,TO_BE_CONFIGURED,synthetic_prototype
493,493,493,T003,GARBAGE,True,2.0,4.0,True,manual_garbage_collection_tools,manual_garbage_collection_tools,,True,3.3,9.0,True,True,True,FEASIBLE,TO_BE_CONFIGURED,synthetic_prototype
410,410,410,T001,ROAD,True,3.0,6.0,True,joint_cutting_machine|plate_compactor,joint_cutting_machine|plate_compactor,,True,6.9,9.0,True,True,True,FEASIBLE,TO_BE_CONFIGURED,synthetic_prototype
458,458,458,T001,ROAD,True,3.0,6.0,True,joint_cutting_machine|plate_compactor,joint_cutting_machine|plate_compactor,,True,6.4,9.0,True,True,True,FEASIBLE,TO_BE_CONFIGURED,synthetic_prototype
38,38,38,T003,GARBAGE,True,3.0,4.0,True,manual_garbage_collection_tools,manual_garbage_collection_tools,,True,7.7,9.0,True,True,True,FEASIBLE,TO_BE_CONFIGURED,synthetic_prototype
487,487,487,T001,ROAD,True,2.0,6.0,True,joint_cutting_machine|plate_compactor,joint_cutting_machine|plate_compactor,,True,2.3,9.0,True,True,True,FEASIBLE,TO_BE_CONFIGURED,synthetic_prototype
296,296,296,T002,WATER,True,3.0,5.0,True,drain_cleaning_tools,drain_cleaning_tools|truck_5_5_cum_per_10_mt|water_leakage_repair_tools,,True,4.9,9.0,True,True,True,FEASIBLE,TO_BE_CONFIGURED,synthetic_prototype
88,88,88,T002,WATER,True,2.0,5.0,True,drain_cleaning_tools,drain_cleaning_tools|truck_5_5_cum_per_10_mt|water_leakage_repair_tools,,True,2.6,9.0,True,True,True,FEASIBLE,TO_BE_CONFIGURED,synthetic_prototype
346,346,346,T001,ROAD,True,2.0,6.0,True,joint_cutting_machine|plate_compactor,joint_cutting_machine|plate_compactor,,True,3.9,9.0,True,True,True,FEASIBLE,TO_BE_CONFIGURED,synthetic_prototype
454,454,454,T004,ELECTRICITY,True,2.0,4.0,True,electrical_maintenance_tools,electrical_maintenance_tools,,True,2.0,9.0,True,True,True,FEASIBLE,TO_BE_CONFIGURED,synthetic_prototype
64,64,64,T003,GARBAGE,True,2.0,4.0,True,manual_garbage_collection_tools,manual_garbage_collection_tools,,True,2.7,9.0,True,True,True,FEASIBLE,TO_BE_CONFIGURED,synthetic_prototype
193,193,193,T003,GARBAGE,True,2.0,4.0,True,manual_garbage_collection_tools,manual_garbage_collection_tools,,True,2.8,9.0,True,True,True,FEASIBLE,TO_BE_CONFIGURED,synthetic_prototype
211,211,211,T002,WATER,True,2.0,5.0,True,truck_5_5_cum_per_10_mt,drain_cleaning_tools|truck_5_5_cum_per_10_mt|water_leakage_repair_tools,,True,6.3,9.0,True,True,True,FEASIBLE,TO_BE_CONFIGURED,synthetic_prototype
284,284,284,T003,GARBAGE,True,3.0,4.0,True,manual_garbage_collection_tools,manual_garbage_collection_tools,,True,4.7,9.0,True,True,True,FEASIBLE,TO_BE_CONFIGURED,synthetic_prototype
146,146,146,T001,ROAD,True,3.0,6.0,True,joint_cutting_machine|plate_compactor,joint_cutting_machine|plate_compactor,,True,3.7,9.0,True,True,True,FEASIBLE,TO_BE_CONFIGURED,synthetic_prototype
457,457,457,T001,ROAD,True,2.0,6.0,True,joint_cutting_machine|plate_compactor,joint_cutting_machine|plate_compactor,,True,4.4,9.0,True,True,True,FEASIBLE,TO_BE_CONFIGURED,synthetic_prototype
478,478,478,T001,ROAD,True,2.0,6.0,True,joint_cutting_machine|plate_compactor,joint_cutting_machine|plate_compactor,,True,4.9,9.0,True,True,True,FEASIBLE,TO_BE_CONFIGURED,synthetic_prototype
343,343,343,T001,ROAD,True,2.0,6.0,True,joint_cutting_machine|plate_compactor,joint_cutting_machine|plate_compactor,,True,3.0,9.0,True,True,True,FEASIBLE,TO_BE_CONFIGURED,synthetic_prototype
124,124,124,T001,ROAD,True,2.0,6.0,True,joint_cutting_machine|plate_compactor,joint_cutting_machine|plate_compactor,,True,4.9,9.0,True,True,True,FEASIBLE,TO_BE_CONFIGURED,synthetic_prototype
106,106,106,T002,WATER,True,2.0,5.0,True,truck_5_5_cum_per_10_mt,drain_cleaning_tools|truck_5_5_cum_per_10_mt|water_leakage_repair_tools,,True,7.1,9.0,True,True,True,FEASIBLE,TO_BE_CONFIGURED,synthetic_prototype
271,271,271,T004,ELECTRICITY,True,2.0,4.0,True,electrical_maintenance_tools,electrical_maintenance_tools,,True,2.0,9.0,True,True,True,FEASIBLE,TO_BE_CONFIGURED,synthetic_prototype
34,34,34,T001,ROAD,True,2.0,6.0,True,joint_cutting_machine|plate_compactor,joint_cutting_machine|plate_compactor,,True,3.8,9.0,True,True,True,FEASIBLE,TO_BE_CONFIGURED,synthetic_prototype
334,334,334,T002,WATER,True,2.0,5.0,True,water_leakage_repair_tools,drain_cleaning_tools|truck_5_5_cum_per_10_mt|water_leakage_repair_tools,,True,3.4,9.0,True,True,True,FEASIBLE,TO_BE_CONFIGURED,synthetic_prototype
328,328,328,T001,ROAD,True,2.0,6.0,True,joint_cutting_machine|plate_compactor,joint_cutting_machine|plate_compactor,,True,2.1,9.0,True,True,True,FEASIBLE,TO_BE_CONFIGURED,synthetic_prototype
70,70,70,T001,ROAD,True,2.0,6.0,True,joint_cutting_machine|plate_compactor,joint_cutting_machine|plate_compactor,,True,2.4,9.0,True,True,True,FEASIBLE,TO_BE_CONFIGURED,synthetic_prototype
172,172,172,T002,WATER,True,2.0,5.0,True,drain_cleaning_tools,drain_cleaning_tools|truck_5_5_cum_per_10_mt|water_leakage_repair_tools,,True,2.5,9.0,True,True,True,FEASIBLE,TO_BE_CONFIGURED,synthetic_prototype
277,277,277,T001,ROAD,True,2.0,6.0,True,joint_cutting_machine|plate_compactor,joint_cutting_machine|plate_compactor,,True,4.8,9.0,True,True,True,FEASIBLE,TO_BE_CONFIGURED,synthetic_prototype
301,301,301,T002,WATER,True,2.0,5.0,True,water_leakage_repair_tools,drain_cleaning_tools|truck_5_5_cum_per_10_mt|water_leakage_repair_tools,,True,2.6,9.0,True,True,True,FEASIBLE,TO_BE_CONFIGURED,synthetic_prototype
370,370,370,T001,ROAD,True,2.0,6.0,True,joint_cutting_machine|plate_compactor,joint_cutting_machine|plate_compactor,,True,2.0,9.0,True,True,True,FEASIBLE,TO_BE_CONFIGURED,synthetic_prototype
217,217,217,T001,ROAD,True,2.0,6.0,True,joint_cutting_machine|plate_compactor,joint_cutting_machine|plate_compactor,,True,2.5,9.0,True,True,True,FEASIBLE,TO_BE_CONFIGURED,synthetic_prototype
154,154,154,T001,ROAD,True,2.0,6.0,True,joint_cutting_machine|plate_compactor,joint_cutting_machine|plate_compactor,,True,3.0,9.0,True,True,True,FEASIBLE,TO_BE_CONFIGURED,synthetic_prototype
31,31,31,T001,ROAD,True,2.0,6.0,True,joint_cutting_machine|plate_compactor,joint_cutting_machine|plate_compactor,,True,2.5,9.0,True,True,True,FEASIBLE,TO_BE_CONFIGURED,synthetic_prototype
391,391,391,T002,WATER,True,2.0,5.0,True,water_leakage_repair_tools,drain_cleaning_tools|truck_5_5_cum_per_10_mt|water_leakage_repair_tools,,True,2.7,9.0,True,True,True,FEASIBLE,TO_BE_CONFIGURED,synthetic_prototype
262,262,262,T002,WATER,True,2.0,5.0,True,drain_cleaning_tools,drain_cleaning_tools|truck_5_5_cum_per_10_mt|water_leakage_repair_tools,,True,2.5,9.0,True,True,True,FEASIBLE,TO_BE_CONFIGURED,synthetic_prototype
184,184,184,T003,GARBAGE,True,2.0,4.0,True,manual_garbage_collection_tools,manual_garbage_collection_tools,,True,2.4,9.0,True,True,True,FEASIBLE,TO_BE_CONFIGURED,synthetic_prototype
400,400,400,T004,ELECTRICITY,True,2.0,4.0,True,electrical_maintenance_tools,electrical_maintenance_tools,,True,2.0,9.0,True,True,True,FEASIBLE,TO_BE_CONFIGURED,synthetic_prototype
283,283,283,T002,WATER,True,2.0,5.0,True,truck_5_5_cum_per_10_mt,drain_cleaning_tools|truck_5_5_cum_per_10_mt|water_leakage_repair_tools,,True,7.1,9.0,True,True,True,FEASIBLE,TO_BE_CONFIGURED,synthetic_prototype
160,160,160,T002,WATER,True,2.0,5.0,True,water_leakage_repair_tools,drain_cleaning_tools|truck_5_5_cum_per_10_mt|water_leakage_repair_tools,,True,2.2,9.0,True,True,True,FEASIBLE,TO_BE_CONFIGURED,synthetic_prototype
280,280,280,T002,WATER,True,2.0,5.0,True,truck_5_5_cum_per_10_mt,drain_cleaning_tools|truck_5_5_cum_per_10_mt|water_leakage_repair_tools,,True,5.0,9.0,True,True,True,FEASIBLE,TO_BE_CONFIGURED,synthetic_prototype
10,10,10,T001,ROAD,True,2.0,6.0,True,joint_cutting_machine|plate_compactor,joint_cutting_machine|plate_compactor,,True,3.9,9.0,True,True,True,FEASIBLE,TO_BE_CONFIGURED,synthetic_prototype
79,79,79,T004,ELECTRICITY,True,2.0,4.0,True,electrical_maintenance_tools,electrical_maintenance_tools,,True,2.0,9.0,True,True,True,FEASIBLE,TO_BE_CONFIGURED,synthetic_prototype
352,352,352,T004,ELECTRICITY,True,2.0,4.0,True,electrical_maintenance_tools,electrical_maintenance_tools,,True,2.0,9.0,True,True,True,FEASIBLE,TO_BE_CONFIGURED,synthetic_prototype
490,490,490,T002,WATER,True,2.0,5.0,True,drain_cleaning_tools,drain_cleaning_tools|truck_5_5_cum_per_10_mt|water_leakage_repair_tools,,True,3.4,9.0,True,True,True,FEASIBLE,TO_BE_CONFIGURED,synthetic_prototype
133,133,133,T002,WATER,True,2.0,5.0,True,truck_5_5_cum_per_10_mt,drain_cleaning_tools|truck_5_5_cum_per_10_mt|water_leakage_repair_tools,,True,6.0,9.0,True,True,True,FEASIBLE,TO_BE_CONFIGURED,synthetic_prototype
226,226,226,T002,WATER,True,2.0,5.0,True,truck_5_5_cum_per_10_mt,drain_cleaning_tools|truck_5_5_cum_per_10_mt|water_leakage_repair_tools,,True,5.9,9.0,True,True,True,FEASIBLE,TO_BE_CONFIGURED,synthetic_prototype
265,265,265,T003,GARBAGE,True,2.0,4.0,True,manual_garbage_collection_tools,manual_garbage_collection_tools,,True,3.2,9.0,True,True,True,FEASIBLE,TO_BE_CONFIGURED,synthetic_prototype
349,349,349,T001,ROAD,True,2.0,6.0,True,joint_cutting_machine|plate_compactor,joint_cutting_machine|plate_compactor,,True,2.0,9.0,True,True,True,FEASIBLE,TO_BE_CONFIGURED,synthetic_prototype
424,424,424,T001,ROAD,True,2.0,6.0,True,joint_cutting_machine|plate_compactor,joint_cutting_machine|plate_compactor,,True,2.1,9.0,True,True,True,FEASIBLE,TO_BE_CONFIGURED,synthetic_prototype
121,121,121,T002,WATER,True,2.0,5.0,True,drain_cleaning_tools,drain_cleaning_tools|truck_5_5_cum_per_10_mt|water_leakage_repair_tools,,True,2.1,9.0,True,True,True,FEASIBLE,TO_BE_CONFIGURED,synthetic_prototype
85,85,85,T004,ELECTRICITY,True,2.0,4.0,True,electrical_maintenance_tools,electrical_maintenance_tools,,True,2.0,9.0,True,True,True,FEASIBLE,TO_BE_CONFIGURED,synthetic_prototype
