group_index,team_id,schedule_date,job_count,service_duration_h,travel_time_h,total_route_time_h,shift_limit_h,calculated_finish_time,start_at_depot,end_at_depot,no_duplicate_job,status
1,T001,2026-09-28,2,8.8,0.324,9.124,9.0,17:07,True,True,True,TRAVEL_TIME_VIOLATION
2,T001,2026-09-29,1,8.7,0.334,9.034,9.0,17:02,True,True,True,TRAVEL_TIME_VIOLATION
3,T001,2026-09-30,1,8.5,0.252,8.752,9.0,16:45,True,True,True,PASS
4,T001,2026-10-01,1,8.4,0.145,8.545,9.0,16:32,True,True,True,PASS
5,T001,2026-10-02,1,8.3,0.234,8.534,9.0,16:32,True,True,True,PASS
6,T001,2026-10-03,3,8.8,0.563,9.363,9.0,17:21,True,True,True,TRAVEL_TIME_VIOLATION
7,T001,2026-10-04,1,8.1,0.289,8.389,9.0,16:23,True,True,True,PASS
8,T001,2026-10-05,4,8.8,0.7,9.5,9.0,17:30,True,True,True,TRAVEL_TIME_VIOLATION
9,T001,2026-10-06,4,8.9,0.696,9.596,9.0,17:35,True,True,True,TRAVEL_TIME_VIOLATION
10,T001,2026-10-07,3,9.0,0.633,9.633,9.0,17:37,True,True,True,TRAVEL_TIME_VIOLATION
11,T001,2026-10-08,4,9.0,0.396,9.396,9.0,17:23,True,True,True,TRAVEL_TIME_VIOLATION
12,T001,2026-10-09,3,9.0,0.608,9.608,9.0,17:36,True,True,True,TRAVEL_TIME_VIOLATION
13,T001,2026-10-10,3,9.0,0.406,9.406,9.0,17:24,True,True,True,TRAVEL_TIME_VIOLATION
14,T001,2026-10-11,4,9.0,0.708,9.708,9.0,17:42,True,True,True,TRAVEL_TIME_VIOLATION
15,T001,2026-10-12,2,7.4,0.392,7.792,9.0,15:47,True,True,True,PASS
16,T001,2026-10-13,2,8.4,0.316,8.716,9.0,16:42,True,True,True,PASS
17,T001,2026-10-14,2,9.0,0.476,9.476,9.0,17:28,True,True,True,TRAVEL_TIME_VIOLATION
18,T001,2026-10-15,2,8.9,0.383,9.283,9.0,17:16,True,True,True,TRAVEL_TIME_VIOLATION
19,T001,2026-10-16,2,8.9,0.325,9.225,9.0,17:13,True,True,True,TRAVEL_TIME_VIOLATION
20,T001,2026-10-17,2,9.0,0.376,9.376,9.0,17:22,True,True,True,TRAVEL_TIME_VIOLATION
21,T001,2026-10-18,2,8.4,0.417,8.817,9.0,16:49,True,True,True,PASS
22,T001,2026-10-19,2,7.8,0.498,8.298,9.0,16:17,True,True,True,PASS
23,T001,2026-10-20,2,7.8,0.533,8.333,9.0,16:19,True,True,True,PASS
24,T001,2026-10-21,2,7.6,0.491,8.091,9.0,16:05,True,True,True,PASS
25,T001,2026-10-22,2,7.6,0.29,7.89,9.0,15:53,True,True,True,PASS
26,T001,2026-10-23,2,7.5,0.386,7.886,9.0,15:53,True,True,True,PASS
27,T001,2026-10-24,2,7.4,0.327,7.727,9.0,15:43,True,True,True,PASS
28,T001,2026-10-25,2,7.3,0.398,7.698,9.0,15:41,True,True,True,PASS
29,T001,2026-10-26,3,7.6,0.542,8.142,9.0,16:08,True,True,True,PASS
30,T001,2026-10-27,3,6.0,0.502,6.502,9.0,14:30,True,True,True,PASS
31,T002,2026-09-28,2,8.7,0.571,9.271,9.0,17:16,True,True,True,TRAVEL_TIME_VIOLATION
32,T002,2026-09-29,1,7.7,0.122,7.822,9.0,15:49,True,True,True,PASS
33,T002,2026-09-30,1,9.0,0.345,9.345,9.0,17:20,True,True,True,TRAVEL_TIME_VIOLATION
34,T002,2026-10-01,1,8.6,0.311,8.911,9.0,16:54,True,True,True,PASS
35,T002,2026-10-02,1,8.6,0.256,8.856,9.0,16:51,True,True,True,PASS
36,T002,2026-10-03,2,7.7,0.534,8.234,9.0,16:14,True,True,True,PASS
37,T002,2026-10-04,1,8.4,0.123,8.523,9.0,16:31,True,True,True,PASS
38,T002,2026-10-05,1,8.5,0.387,8.887,9.0,16:53,True,True,True,PASS
39,T002,2026-10-06,3,6.9,0.618,7.518,9.0,15:31,True,True,True,PASS
40,T002,2026-10-07,2,9.0,0.452,9.452,9.0,17:27,True,True,True,TRAVEL_TIME_VIOLATION
41,T002,2026-10-08,1,8.4,0.403,8.803,9.0,16:48,True,True,True,PASS
42,T002,2026-10-09,2,8.6,0.278,8.878,9.0,16:52,True,True,True,PASS
43,T002,2026-10-10,2,8.7,0.311,9.011,9.0,17:00,True,True,True,TRAVEL_TIME_VIOLATION
44,T002,2026-10-11,3,8.8,0.57,9.37,9.0,17:22,True,True,True,TRAVEL_TIME_VIOLATION
45,T002,2026-10-12,3,8.4,0.486,8.886,9.0,16:53,True,True,True,PASS
46,T002,2026-10-13,2,7.3,0.315,7.615,9.0,15:36,True,True,True,PASS
47,T002,2026-10-14,3,9.0,0.738,9.738,9.0,17:44,True,True,True,TRAVEL_TIME_VIOLATION
48,T002,2026-10-15,2,8.9,0.457,9.357,9.0,17:21,True,True,True,TRAVEL_TIME_VIOLATION
49,T002,2026-10-16,2,8.9,0.398,9.298,9.0,17:17,True,True,True,TRAVEL_TIME_VIOLATION
50,T002,2026-10-17,2,8.8,0.373,9.173,9.0,17:10,True,True,True,TRAVEL_TIME_VIOLATION
51,T002,2026-10-18,1,8.4,0.151,8.551,9.0,16:33,True,True,True,PASS
52,T002,2026-10-19,2,8.1,0.612,8.712,9.0,16:42,True,True,True,PASS
53,T002,2026-10-20,2,8.9,0.176,9.076,9.0,17:04,True,True,True,TRAVEL_TIME_VIOLATION
54,T002,2026-10-21,3,9.0,0.387,9.387,9.0,17:23,True,True,True,TRAVEL_TIME_VIOLATION
55,T002,2026-10-22,3,9.0,0.342,9.342,9.0,17:20,True,True,True,TRAVEL_TIME_VIOLATION
56,T002,2026-10-23,3,8.9,0.583,9.483,9.0,17:28,True,True,True,TRAVEL_TIME_VIOLATION
57,T002,2026-10-24,3,8.0,0.341,8.341,9.0,16:20,True,True,True,PASS
58,T002,2026-10-25,3,7.5,0.593,8.093,9.0,16:05,True,True,True,PASS
59,T002,2026-10-26,3,6.9,0.495,7.396,9.0,15:23,True,True,True,PASS
60,T002,2026-10-27,1,2.2,0.288,2.489,9.0,10:29,True,True,True,PASS
61,T003,2026-09-28,1,9.0,0.277,9.277,9.0,17:16,True,True,True,TRAVEL_TIME_VIOLATION
62,T003,2026-09-29,1,8.7,0.213,8.913,9.0,16:54,True,True,True,PASS
63,T003,2026-09-30,1,8.5,0.256,8.756,9.0,16:45,True,True,True,PASS
64,T003,2026-10-01,1,8.3,0.047,8.347,9.0,16:20,True,True,True,PASS
65,T003,2026-10-02,1,7.9,0.274,8.174,9.0,16:10,True,True,True,PASS
66,T003,2026-10-03,1,7.7,0.041,7.741,9.0,15:44,True,True,True,PASS
67,T003,2026-10-04,3,7.3,0.347,7.647,9.0,15:38,True,True,True,PASS
68,T003,2026-10-05,3,7.9,0.387,8.287,9.0,16:17,True,True,True,PASS
69,T003,2026-10-06,1,7.6,0.332,7.932,9.0,15:55,True,True,True,PASS
70,T003,2026-10-07,1,7.6,0.12,7.72,9.0,15:43,True,True,True,PASS
71,T003,2026-10-08,1,7.3,0.296,7.596,9.0,15:35,True,True,True,PASS
72,T003,2026-10-09,1,7.2,0.31,7.51,9.0,15:30,True,True,True,PASS
73,T003,2026-10-10,1,7.1,0.253,7.353,9.0,15:21,True,True,True,PASS
74,T003,2026-10-11,2,9.0,0.653,9.653,9.0,17:39,True,True,True,TRAVEL_TIME_VIOLATION
75,T003,2026-10-12,2,8.9,0.404,9.304,9.0,17:18,True,True,True,TRAVEL_TIME_VIOLATION
76,T003,2026-10-13,2,8.6,0.336,8.936,9.0,16:56,True,True,True,PASS
77,T003,2026-10-14,2,8.5,0.544,9.044,9.0,17:02,True,True,True,TRAVEL_TIME_VIOLATION
78,T003,2026-10-15,1,6.4,0.333,6.733,9.0,14:43,True,True,True,PASS
79,T003,2026-10-16,2,9.0,0.376,9.376,9.0,17:22,True,True,True,TRAVEL_TIME_VIOLATION
80,T003,2026-10-17,2,8.9,0.338,9.238,9.0,17:14,True,True,True,TRAVEL_TIME_VIOLATION
81,T003,2026-10-18,2,9.0,0.314,9.314,9.0,17:18,True,True,True,TRAVEL_TIME_VIOLATION
82,T003,2026-10-19,2,8.8,0.489,9.289,9.0,17:17,True,True,True,TRAVEL_TIME_VIOLATION
83,T003,2026-10-20,2,8.3,0.372,8.673,9.0,16:40,True,True,True,PASS
84,T003,2026-10-21,2,7.8,0.553,8.353,9.0,16:21,True,True,True,PASS
85,T003,2026-10-22,3,8.6,0.405,9.005,9.0,17:00,True,True,True,TRAVEL_TIME_VIOLATION
86,T003,2026-10-23,3,8.2,0.373,8.573,9.0,16:34,True,True,True,PASS
87,T004,2026-09-28,3,9.0,0.467,9.467,9.0,17:28,True,True,True,TRAVEL_TIME_VIOLATION
88,T004,2026-09-29,3,9.0,0.439,9.439,9.0,17:26,True,True,True,TRAVEL_TIME_VIOLATION
89,T004,2026-09-30,3,9.0,0.45,9.45,9.0,17:27,True,True,True,TRAVEL_TIME_VIOLATION
90,T004,2026-10-01,3,9.0,0.621,9.621,9.0,17:37,True,True,True,TRAVEL_TIME_VIOLATION
91,T004,2026-10-02,3,9.0,0.394,9.394,9.0,17:23,True,True,True,TRAVEL_TIME_VIOLATION
92,T004,2026-10-03,3,9.0,0.391,9.39,9.0,17:23,True,True,True,TRAVEL_TIME_VIOLATION
93,T004,2026-10-04,3,9.0,0.525,9.525,9.0,17:31,True,True,True,TRAVEL_TIME_VIOLATION
94,T004,2026-10-05,3,9.0,0.388,9.388,9.0,17:23,True,True,True,TRAVEL_TIME_VIOLATION
95,T004,2026-10-06,4,9.0,0.613,9.613,9.0,17:36,True,True,True,TRAVEL_TIME_VIOLATION
96,T004,2026-10-07,4,8.0,0.305,8.305,9.0,16:18,True,True,True,PASS
97,T004,2026-10-08,4,8.0,0.498,8.498,9.0,16:29,True,True,True,PASS
98,T004,2026-10-09,4,8.0,0.346,8.346,9.0,16:20,True,True,True,PASS
99,T004,2026-10-10,4,8.0,0.49,8.49,9.0,16:29,True,True,True,PASS
100,T004,2026-10-11,4,8.0,0.594,8.594,9.0,16:35,True,True,True,PASS
101,T004,2026-10-12,4,8.0,0.649,8.649,9.0,16:38,True,True,True,PASS
102,T004,2026-10-13,4,8.0,0.482,8.482,9.0,16:28,True,True,True,PASS
103,T004,2026-10-14,4,8.0,0.472,8.472,9.0,16:28,True,True,True,PASS
104,T004,2026-10-15,4,8.0,0.668,8.668,9.0,16:40,True,True,True,PASS
105,T004,2026-10-16,3,6.0,0.572,6.572,9.0,14:34,True,True,True,PASS
