team_id,schedule_date,job_count,jobs,service_h,travel_h,total_route_h,distance_km,finish_time,status
T001,2026-09-28,2,152|355,7.9,0.343806,8.243806,10.5022,16:14,PASS
T001,2026-09-29,1,252,8.3,0.233917,8.533917,7.7716,16:32,PASS
T001,2026-09-30,2,217|124,7.4,0.194111,7.594111,6.0392,15:35,PASS
T001,2026-10-01,1,92,8.5,0.251778,8.751778,6.9198,16:45,PASS
T001,2026-10-02,2,321|55,8.8,0.0985,8.8985,3.9333,16:53,PASS
T001,2026-10-03,2,377|65,8.0,0.247,8.247,6.7933,16:14,PASS
T001,2026-10-04,1,408,8.4,0.144722,8.544722,3.6866,16:32,PASS
T001,2026-10-05,2,350|313,8.7,0.281222,8.981222,7.5688,16:58,PASS
T001,2026-10-06,3,61|214|169,7.7,0.128583,7.828583,3.9996,15:49,PASS
T001,2026-10-07,3,316|487|259,6.9,0.163472,7.063472,3.3379,15:03,PASS
T001,2026-10-08,3,305|460|205,7.8,0.2855,8.0855,9.6921,16:05,PASS
T001,2026-10-09,3,388|346|76,8.2,0.353139,8.553139,12.5317,16:33,PASS
T001,2026-10-10,1,32,3.6,0.031778,3.631778,0.8912,11:37,PASS
T001,2026-10-11,3,202|416|136,8.3,0.456944,8.756944,13.4375,16:45,PASS
T001,2026-10-12,2,34|461,8.4,0.371361,8.771361,10.6288,16:46,PASS
T001,2026-10-13,2,10|314,7.7,0.423917,8.123917,11.817,16:07,PASS
T001,2026-10-14,2,26|253,8.4,0.412083,8.812083,12.7468,16:48,PASS
T001,2026-10-15,3,370|70|457,8.8,0.112472,8.912472,3.824,16:54,PASS
T001,2026-10-16,2,466|260,8.6,0.327,8.927,8.9497,16:55,PASS
T001,2026-10-17,3,481|50|298,8.4,0.441194,8.841194,15.0649,16:50,PASS
T001,2026-10-18,3,343|154|349,8.0,0.452472,8.452472,12.9539,16:27,PASS
T001,2026-10-19,3,418|304|335,8.5,0.452806,8.952806,14.5637,16:57,PASS
T001,2026-10-20,2,164|110,8.5,0.308306,8.808306,13.6874,16:48,PASS
T001,2026-10-21,3,328|25|376,7.7,0.3725,8.0725,15.0042,16:04,PASS
T001,2026-10-22,2,365|146,8.2,0.325667,8.525667,12.1987,16:31,PASS
T001,2026-10-23,2,185|440,8.5,0.377722,8.877722,10.4875,16:52,PASS
T001,2026-10-24,1,347,8.1,0.28875,8.38875,9.0802,16:23,PASS
T001,2026-10-25,4,409|424|130|463,8.4,0.426417,8.826417,14.5683,16:49,PASS
T001,2026-10-26,2,31|277,7.3,0.249917,7.549917,9.101,15:32,PASS
T001,2026-10-27,3,181|425|40,8.2,0.20025,8.40025,5.1144,16:24,PASS
T002,2026-09-28,2,280|490,8.4,0.421583,8.821583,14.1959,16:49,PASS
T002,2026-09-29,1,331,7.7,0.1225,7.8225,3.2258,15:49,PASS
T002,2026-09-30,2,484|319,7.3,0.448861,7.748861,14.0139,15:44,PASS
T002,2026-10-01,1,413,8.6,0.31075,8.91075,12.3113,16:54,PASS
T002,2026-10-02,1,311,8.6,0.256056,8.856056,8.1461,16:51,PASS
T002,2026-10-03,2,485|262,7.7,0.533917,8.233917,18.3634,16:14,PASS
T002,2026-10-04,1,188,8.4,0.123,8.523,3.312,16:31,PASS
T002,2026-10-05,1,86,8.5,0.387167,8.887167,12.0152,16:53,PASS
T002,2026-10-06,3,391|67|121,6.9,0.618083,7.518083,22.9887,15:31,PASS
T002,2026-10-07,2,8|112,8.3,0.376611,8.676611,13.358,16:40,PASS
T002,2026-10-08,1,52,8.4,0.402833,8.802833,13.5727,16:48,PASS
T002,2026-10-09,2,226|286,8.6,0.277917,8.877917,8.5024,16:52,PASS
T002,2026-10-10,2,394|359,8.5,0.224333,8.724333,5.7321,16:43,PASS
T002,2026-10-11,2,82|1,8.4,0.548167,8.948167,18.9397,16:56,PASS
T002,2026-10-12,3,103|13|16,8.4,0.48575,8.88575,19.576,16:53,PASS
T002,2026-10-13,2,208|412,7.3,0.315333,7.615333,9.7751,15:36,PASS
T002,2026-10-14,2,281|43,8.3,0.41325,8.71325,11.9358,16:42,PASS
T002,2026-10-15,2,367|113,8.4,0.433222,8.833222,15.4433,16:49,PASS
T002,2026-10-16,2,215|256,7.4,0.313222,7.713222,10.8926,15:42,PASS
T002,2026-10-17,2,301|404,7.5,0.523028,8.023028,14.495,16:01,PASS
T002,2026-10-18,1,170,8.4,0.151444,8.551444,6.051,16:33,PASS
T002,2026-10-19,2,4|334,8.1,0.611611,8.711611,17.1769,16:42,PASS
T002,2026-10-20,2,19|97,7.5,0.073639,7.573639,2.4356,15:34,PASS
T002,2026-10-21,3,28|364|151,8.5,0.310556,8.810556,8.8861,16:48,PASS
T002,2026-10-22,3,196|499|421,8.2,0.459333,8.659333,19.0173,16:39,PASS
T002,2026-10-23,2,37|241,6.0,0.330528,6.330528,9.4309,14:19,PASS
T002,2026-10-24,3,250|439|229,8.0,0.339111,8.339111,10.2425,16:20,PASS
T002,2026-10-25,3,88|469|172,7.5,0.592667,8.092667,20.9615,16:05,PASS
T002,2026-10-26,3,427|337|73,6.9,0.4955,7.3955,19.1185,15:23,PASS
T002,2026-10-27,2,91|160,6.1,0.288972,6.388972,9.2753,14:23,PASS
T003,2026-09-28,3,493|415|373,8.5,0.464639,8.964639,14.7811,16:57,PASS
T003,2026-09-29,1,329,8.7,0.213167,8.913167,8.3596,16:54,PASS
T003,2026-09-30,1,500,8.5,0.256306,8.756306,7.4459,16:45,PASS
T003,2026-10-01,1,443,8.3,0.046667,8.346667,1.2684,16:20,PASS
T003,2026-10-02,1,236,7.9,0.274389,8.174389,7.9578,16:10,PASS
T003,2026-10-03,1,38,7.7,0.041444,7.741444,1.6518,15:44,PASS
T003,2026-10-04,3,442|403|184,7.3,0.344056,7.644056,11.0335,15:38,PASS
T003,2026-10-05,3,448|22|127,7.9,0.387,8.287,15.0659,16:17,PASS
T003,2026-10-06,1,494,7.6,0.332444,7.932444,14.4164,15:55,PASS
T003,2026-10-07,1,419,7.6,0.120333,7.720333,2.6392,15:43,PASS
T003,2026-10-08,1,287,7.3,0.295528,7.595528,9.5714,15:35,PASS
T003,2026-10-09,1,290,7.2,0.310417,7.510417,13.6229,15:30,PASS
T003,2026-10-10,1,17,7.1,0.253444,7.353444,6.865,15:21,PASS
T003,2026-10-11,1,293,6.9,0.409528,7.309528,12.3254,15:18,PASS
T003,2026-10-12,1,251,6.7,0.310417,7.010417,13.6229,15:00,PASS
T003,2026-10-13,2,382|44,8.6,0.335611,8.935611,14.589,16:56,PASS
T003,2026-10-14,1,227,6.5,0.370056,6.870056,11.6786,14:52,PASS
T003,2026-10-15,1,41,6.4,0.333056,6.733056,9.8212,14:43,PASS
T003,2026-10-16,2,190|98,8.4,0.439889,8.839889,19.6615,16:50,PASS
T003,2026-10-17,2,397|71,8.3,0.406806,8.706806,14.8715,16:42,PASS
T003,2026-10-18,2,428|94,8.6,0.30525,8.90525,9.4432,16:54,PASS
T003,2026-10-19,2,193|449,8.3,0.584194,8.884194,18.6116,16:53,PASS
T003,2026-10-20,2,265|488,8.3,0.370861,8.670861,15.2715,16:40,PASS
T003,2026-10-21,2,118|284,7.8,0.553111,8.353111,19.698,16:21,PASS
T003,2026-10-22,3,307|310|64,8.5,0.413,8.913,15.3234,16:54,PASS
T003,2026-10-23,3,247|175|325,8.2,0.373278,8.573278,17.057,16:34,PASS
T004,2026-09-28,2,405|372,6.0,0.362222,6.362222,9.7947,14:21,PASS
T004,2026-09-29,2,369|459,6.0,0.369639,6.369639,15.9823,14:22,PASS
T004,2026-09-30,2,249|222,6.0,0.317694,6.317694,13.8561,14:19,PASS
T004,2026-10-01,3,340|174|327,8.0,0.435056,8.435056,11.4261,16:26,PASS
T004,2026-10-02,2,153|354,6.0,0.260611,6.260611,8.0814,14:15,PASS
T004,2026-10-03,2,351|57,6.0,0.319111,6.319111,10.1869,14:19,PASS
T004,2026-10-04,2,204|45,6.0,0.157833,6.157833,4.0876,14:09,PASS
T004,2026-10-05,2,360|150,6.0,0.310306,6.310306,10.6737,14:18,PASS
T004,2026-10-06,3,225|210|100,8.0,0.537361,8.537361,18.7869,16:32,PASS
T004,2026-10-07,4,322|451|49|230,8.0,0.305444,8.305444,9.2905,16:18,PASS
T004,2026-10-08,4,163|272|491|263,8.0,0.498222,8.498222,19.4981,16:29,PASS
T004,2026-10-09,4,157|470|344|89,8.0,0.346333,8.346333,12.0382,16:20,PASS
T004,2026-10-10,4,125|353|352|430,8.0,0.48775,8.48775,15.3672,16:29,PASS
T004,2026-10-11,4,79|199|244|85,8.0,0.594083,8.594083,23.4679,16:35,PASS
T004,2026-10-12,4,400|223|178|95,8.0,0.649167,8.649167,22.5603,16:38,PASS
T004,2026-10-13,4,5|380|475|197,8.0,0.482306,8.482306,18.3837,16:28,PASS
T004,2026-10-14,4,271|454|119|268,8.0,0.47225,8.47225,16.3145,16:28,PASS
T004,2026-10-15,4,128|182|166|140,8.0,0.668222,8.668222,20.8092,16:40,PASS
T004,2026-10-16,3,145|383|137,6.0,0.572278,6.572278,15.4719,14:34,PASS
T004,2026-10-17,2,297|267,6.0,0.397639,6.397639,12.894,14:23,PASS
T004,2026-10-18,2,48|246,6.0,0.403028,6.403028,15.3084,14:24,PASS
T004,2026-10-19,3,177|155|291,8.0,0.367611,8.367611,11.7156,16:22,PASS
T004,2026-10-20,1,81,3.0,0.425944,3.425944,12.5908,11:25,PASS
