action_plan_id,schedule_date,team_id,job_count,jobs,priority_sum,priority_avg,priority_max,priority_min,workers_required,equipment,prototype_team_equipment,start_time,end_time,service_time_h,travel_time_h,total_route_time_h,distance_km,estimated_cost,route,status
AP-2026-09-28-T001-001,2026-09-28,T001,2,152|355,78.72,39.36,40.15,38.57,,,,2026-09-28 08:09,16:14,7.9,0.343806,8.243806,10.5022,4765.55,DEPOT → 152 → 355 → DEPOT,READY_FOR_ACTION_PLAN
AP-2026-09-29-T001-002,2026-09-29,T001,1,252,38.6,38.6,38.6,38.6,,,,2026-09-29 08:07,16:32,8.3,0.233917,8.533917,7.7716,4082.65,DEPOT → 252 → DEPOT,READY_FOR_ACTION_PLAN
AP-2026-09-30-T001-003,2026-09-30,T001,2,217|124,57.57,28.785,29.41,28.16,,,,2026-09-30 08:04,15:35,7.4,0.194111,7.594111,6.0392,4310.8,DEPOT → 217 → 124 → DEPOT,READY_FOR_ACTION_PLAN
AP-2026-10-01-T001-004,2026-10-01,T001,1,92,55.0,55.0,55.0,55.0,,,,2026-10-01 08:08,16:45,8.5,0.251778,8.751778,6.9198,3489.38,DEPOT → 92 → DEPOT,READY_FOR_ACTION_PLAN
AP-2026-10-02-T001-005,2026-10-02,T001,2,321|55,85.82,42.91,49.3,36.52,,,,2026-10-02 08:02,16:53,8.8,0.0985,8.8985,3.9333,5553.4,DEPOT → 321 → 55 → DEPOT,READY_FOR_ACTION_PLAN
AP-2026-10-03-T001-006,2026-10-03,T001,2,377|65,84.45,42.225,49.08,35.37,,,,2026-10-03 08:07,16:14,8.0,0.247,8.247,6.7933,5009.99,DEPOT → 377 → 65 → DEPOT,READY_FOR_ACTION_PLAN
AP-2026-10-04-T001-007,2026-10-04,T001,1,408,48.56,48.56,48.56,48.56,,,,2026-10-04 08:04,16:32,8.4,0.144722,8.544722,3.6866,4112.2,DEPOT → 408 → DEPOT,READY_FOR_ACTION_PLAN
AP-2026-10-05-T001-008,2026-10-05,T001,2,350|313,87.78,43.89,46.52,41.26,,,,2026-10-05 08:06,16:58,8.7,0.281222,8.981222,7.5688,4863.8,DEPOT → 350 → 313 → DEPOT,READY_FOR_ACTION_PLAN
AP-2026-10-06-T001-009,2026-10-06,T001,3,61|214|169,117.18,39.06,47.42,31.64,,,,2026-10-06 08:02,15:49,7.7,0.128583,7.828583,3.9996,5983.4,DEPOT → 61 → 214 → 169 → DEPOT,READY_FOR_ACTION_PLAN
AP-2026-10-07-T001-010,2026-10-07,T001,3,316|487|259,100.92,33.64,35.77,31.07,,,,2026-10-07 08:03,15:03,6.9,0.163472,7.063472,3.3379,5869.8,DEPOT → 316 → 487 → 259 → DEPOT,READY_FOR_ACTION_PLAN
AP-2026-10-08-T001-011,2026-10-08,T001,3,305|460|205,143.98,47.993333,64.89,38.62,,,,2026-10-08 08:07,16:05,7.8,0.2855,8.0855,9.6921,6289.25,DEPOT → 305 → 460 → 205 → DEPOT,READY_FOR_ACTION_PLAN
AP-2026-10-09-T001-012,2026-10-09,T001,3,388|346|76,121.15,40.383333,46.27,30.81,,,,2026-10-09 08:08,16:33,8.2,0.353139,8.553139,12.5317,6054.4,DEPOT → 388 → 346 → 76 → DEPOT,READY_FOR_ACTION_PLAN
AP-2026-10-10-T001-013,2026-10-10,T001,1,32,40.85,40.85,40.85,40.85,,,,2026-10-10 08:00,11:37,3.6,0.031778,3.631778,0.8912,2417.5,DEPOT → 32 → DEPOT,READY_FOR_ACTION_PLAN
AP-2026-10-11-T001-014,2026-10-11,T001,3,202|416|136,121.13,40.376667,46.91,35.93,,,,2026-10-11 08:08,16:45,8.3,0.456944,8.756944,13.4375,6367.92,DEPOT → 202 → 416 → 136 → DEPOT,READY_FOR_ACTION_PLAN
AP-2026-10-12-T001-015,2026-10-12,T001,2,34|461,67.38,33.69,38.08,29.3,,,,2026-10-12 08:07,16:46,8.4,0.371361,8.771361,10.6288,4805.85,DEPOT → 34 → 461 → DEPOT,READY_FOR_ACTION_PLAN
AP-2026-10-13-T001-016,2026-10-13,T001,2,10|314,60.34,30.17,33.86,26.48,,,,2026-10-13 08:10,16:07,7.7,0.423917,8.123917,11.817,4645.05,DEPOT → 10 → 314 → DEPOT,READY_FOR_ACTION_PLAN
AP-2026-10-14-T001-017,2026-10-14,T001,2,26|253,75.19,37.595,37.98,37.21,,,,2026-10-14 08:11,16:48,8.4,0.412083,8.812083,12.7468,4805.85,DEPOT → 26 → 253 → DEPOT,READY_FOR_ACTION_PLAN
AP-2026-10-15-T001-018,2026-10-15,T001,3,370|70|457,87.22,29.073333,29.58,28.63,,,,2026-10-15 08:01,16:54,8.8,0.112472,8.912472,3.824,6139.6,DEPOT → 370 → 70 → 457 → DEPOT,READY_FOR_ACTION_PLAN
AP-2026-10-16-T001-019,2026-10-16,T001,2,466|260,79.15,39.575,43.26,35.89,,,,2026-10-16 08:09,16:55,8.6,0.327,8.927,8.9497,4772.85,DEPOT → 466 → 260 → DEPOT,READY_FOR_ACTION_PLAN
AP-2026-10-17-T001-020,2026-10-17,T001,3,481|50|298,119.0,39.666667,50.72,32.53,,,,2026-10-17 08:11,16:50,8.4,0.441194,8.841194,15.0649,6405.15,DEPOT → 481 → 50 → 298 → DEPOT,READY_FOR_ACTION_PLAN
AP-2026-10-18-T001-021,2026-10-18,T001,3,343|154|349,82.96,27.653333,29.48,25.34,,,,2026-10-18 08:09,16:27,8.0,0.452472,8.452472,12.9539,6026.0,DEPOT → 343 → 154 → 349 → DEPOT,READY_FOR_ACTION_PLAN
AP-2026-10-19-T001-022,2026-10-19,T001,3,418|304|335,116.61,38.87,42.85,33.46,,,,2026-10-19 08:08,16:57,8.5,0.452806,8.952806,14.5637,6380.98,DEPOT → 418 → 304 → 335 → DEPOT,READY_FOR_ACTION_PLAN
AP-2026-10-20-T001-023,2026-10-20,T001,2,164|110,92.72,46.36,57.62,35.1,,,,2026-10-20 08:02,16:48,8.5,0.308306,8.808306,13.6874,5119.38,DEPOT → 164 → 110 → DEPOT,READY_FOR_ACTION_PLAN
AP-2026-10-21-T001-024,2026-10-21,T001,3,328|25|376,101.43,33.81,37.8,29.01,,,,2026-10-21 08:10,16:04,7.7,0.3725,8.0725,15.0042,5983.4,DEPOT → 328 → 25 → 376 → DEPOT,READY_FOR_ACTION_PLAN
AP-2026-10-22-T001-025,2026-10-22,T001,2,365|146,67.94,33.97,38.2,29.74,,,,2026-10-22 08:08,16:31,8.2,0.325667,8.525667,12.1987,5053.76,DEPOT → 365 → 146 → DEPOT,READY_FOR_ACTION_PLAN
AP-2026-10-23-T001-026,2026-10-23,T001,2,185|440,71.38,35.69,36.19,35.19,,,,2026-10-23 08:10,16:52,8.5,0.377722,8.877722,10.4875,5119.38,DEPOT → 185 → 440 → DEPOT,READY_FOR_ACTION_PLAN
AP-2026-10-24-T001-027,2026-10-24,T001,1,347,63.28,63.28,63.28,63.28,,,,2026-10-24 08:08,16:23,8.1,0.28875,8.38875,9.0802,3401.88,DEPOT → 347 → DEPOT,READY_FOR_ACTION_PLAN
AP-2026-10-25-T001-028,2026-10-25,T001,4,409|424|130|463,129.58,32.395,40.17,24.82,,,,2026-10-25 08:08,16:49,8.4,0.426417,8.826417,14.5683,7712.8,DEPOT → 409 → 424 → 130 → 463 → DEPOT,READY_FOR_ACTION_PLAN
AP-2026-10-26-T001-029,2026-10-26,T001,2,31|277,56.89,28.445,28.77,28.12,,,,2026-10-26 08:06,15:32,7.3,0.249917,7.549917,9.101,4296.6,DEPOT → 31 → 277 → DEPOT,READY_FOR_ACTION_PLAN
AP-2026-10-27-T001-030,2026-10-27,T001,3,181|425|40,110.54,36.846667,42.81,33.86,,,,2026-10-27 08:05,16:24,8.2,0.20025,8.40025,5.1144,6369.07,DEPOT → 181 → 425 → 40 → DEPOT,READY_FOR_ACTION_PLAN
AP-2026-09-28-T002-031,2026-09-28,T002,2,280|490,52.39,26.195,26.6,25.79,,,,2026-09-28 08:11,16:49,8.4,0.421583,8.821583,14.1959,3282.8,DEPOT → 280 → 490 → DEPOT,READY_FOR_ACTION_PLAN
AP-2026-09-29-T002-032,2026-09-29,T002,1,331,46.12,46.12,46.12,46.12,,,,2026-09-29 08:03,15:49,7.7,0.1225,7.8225,3.2258,2683.4,DEPOT → 331 → DEPOT,READY_FOR_ACTION_PLAN
AP-2026-09-30-T002-033,2026-09-30,T002,2,484|319,73.16,36.58,40.09,33.07,,,,2026-09-30 08:10,15:44,7.3,0.448861,7.748861,14.0139,3126.6,DEPOT → 484 → 319 → DEPOT,READY_FOR_ACTION_PLAN
AP-2026-10-01-T002-034,2026-10-01,T002,1,413,41.59,41.59,41.59,41.59,,,,2026-10-01 08:09,16:54,8.6,0.31075,8.91075,12.3113,2381.25,DEPOT → 413 → DEPOT,READY_FOR_ACTION_PLAN
AP-2026-10-02-T002-035,2026-10-02,T002,1,311,45.3,45.3,45.3,45.3,,,,2026-10-02 08:07,16:51,8.6,0.256056,8.856056,8.1461,2381.25,DEPOT → 311 → DEPOT,READY_FOR_ACTION_PLAN
AP-2026-10-03-T002-036,2026-10-03,T002,2,485|262,64.28,32.14,36.26,28.02,,,,2026-10-03 08:05,16:14,7.7,0.533917,8.233917,18.3634,2492.5,DEPOT → 485 → 262 → DEPOT,READY_FOR_ACTION_PLAN
AP-2026-10-04-T002-037,2026-10-04,T002,1,188,38.31,38.31,38.31,38.31,,,,2026-10-04 08:03,16:31,8.4,0.123,8.523,3.312,2337.5,DEPOT → 188 → DEPOT,READY_FOR_ACTION_PLAN
AP-2026-10-05-T002-038,2026-10-05,T002,1,86,34.88,34.88,34.88,34.88,,,,2026-10-05 08:11,16:53,8.5,0.387167,8.887167,12.0152,2359.38,DEPOT → 86 → DEPOT,READY_FOR_ACTION_PLAN
AP-2026-10-06-T002-039,2026-10-06,T002,3,391|67|121,96.52,32.173333,46.77,21.66,,,,2026-10-06 08:06,15:31,6.9,0.618083,7.518083,22.9887,2479.8,DEPOT → 391 → 67 → 121 → DEPOT,READY_FOR_ACTION_PLAN
AP-2026-10-07-T002-040,2026-10-07,T002,2,8|112,93.26,46.63,59.67,33.59,,,,2026-10-07 08:08,16:40,8.3,0.376611,8.676611,13.358,2608.4,DEPOT → 8 → 112 → DEPOT,READY_FOR_ACTION_PLAN
AP-2026-10-08-T002-041,2026-10-08,T002,1,52,36.14,36.14,36.14,36.14,,,,2026-10-08 08:12,16:48,8.4,0.402833,8.802833,13.5727,2782.8,DEPOT → 52 → DEPOT,READY_FOR_ACTION_PLAN
AP-2026-10-09-T002-042,2026-10-09,T002,2,226|286,58.9,29.45,33.5,25.4,,,,2026-10-09 08:02,16:52,8.6,0.277917,8.877917,8.5024,3311.2,DEPOT → 226 → 286 → DEPOT,READY_FOR_ACTION_PLAN
AP-2026-10-10-T002-043,2026-10-10,T002,2,394|359,71.82,35.91,38.77,33.05,,,,2026-10-10 08:06,16:43,8.5,0.224333,8.724333,5.7321,2590.75,DEPOT → 394 → 359 → DEPOT,READY_FOR_ACTION_PLAN
AP-2026-10-11-T002-044,2026-10-11,T002,2,82|1,69.19,34.595,36.54,32.65,,,,2026-10-11 08:09,16:56,8.4,0.548167,8.948167,18.9397,4372.8,DEPOT → 82 → 1 → DEPOT,READY_FOR_ACTION_PLAN
AP-2026-10-12-T002-045,2026-10-12,T002,3,103|13|16,111.51,37.17,44.23,32.72,,,,2026-10-12 08:07,16:53,8.4,0.48575,8.88575,19.576,2692.8,DEPOT → 103 → 13 → 16 → DEPOT,READY_FOR_ACTION_PLAN
AP-2026-10-13-T002-046,2026-10-13,T002,2,208|412,81.18,40.59,45.4,35.78,,,,2026-10-13 08:08,15:36,7.3,0.315333,7.615333,9.7751,3126.6,DEPOT → 208 → 412 → DEPOT,READY_FOR_ACTION_PLAN
AP-2026-10-14-T002-047,2026-10-14,T002,2,281|43,72.64,36.32,39.03,33.61,,,,2026-10-14 08:10,16:42,8.3,0.41325,8.71325,11.9358,3621.65,DEPOT → 281 → 43 → DEPOT,READY_FOR_ACTION_PLAN
AP-2026-10-15-T002-048,2026-10-15,T002,2,367|113,82.18,41.09,43.93,38.25,,,,2026-10-15 08:12,16:49,8.4,0.433222,8.833222,15.4433,3643.52,DEPOT → 367 → 113 → DEPOT,READY_FOR_ACTION_PLAN
AP-2026-10-16-T002-049,2026-10-16,T002,2,215|256,86.09,43.045,52.13,33.96,,,,2026-10-16 08:09,15:42,7.4,0.313222,7.713222,10.8926,2411.52,DEPOT → 215 → 256 → DEPOT,READY_FOR_ACTION_PLAN
AP-2026-10-17-T002-050,2026-10-17,T002,2,301|404,70.61,35.305,41.88,28.73,,,,2026-10-17 08:10,16:01,7.5,0.523028,8.023028,14.495,2441.08,DEPOT → 301 → 404 → DEPOT,READY_FOR_ACTION_PLAN
AP-2026-10-18-T002-051,2026-10-18,T002,1,170,46.15,46.15,46.15,46.15,,,,2026-10-18 08:04,16:33,8.4,0.151444,8.551444,6.051,2337.5,DEPOT → 170 → DEPOT,READY_FOR_ACTION_PLAN
AP-2026-10-19-T002-052,2026-10-19,T002,2,4|334,63.89,31.945,34.8,29.09,,,,2026-10-19 08:11,16:42,8.1,0.611611,8.711611,17.1769,3240.2,DEPOT → 4 → 334 → DEPOT,READY_FOR_ACTION_PLAN
AP-2026-10-20-T002-053,2026-10-20,T002,2,19|97,66.71,33.355,33.42,33.29,,,,2026-10-20 08:01,15:34,7.5,0.073639,7.573639,2.4356,3155.0,DEPOT → 19 → 97 → DEPOT,READY_FOR_ACTION_PLAN
AP-2026-10-21-T002-054,2026-10-21,T002,3,28|364|151,117.08,39.026667,42.52,33.09,,,,2026-10-21 08:05,16:48,8.5,0.310556,8.810556,8.8861,2707.0,DEPOT → 28 → 364 → 151 → DEPOT,READY_FOR_ACTION_PLAN
AP-2026-10-22-T002-055,2026-10-22,T002,3,196|499|421,109.34,36.446667,37.8,35.58,,,,2026-10-22 08:07,16:39,8.2,0.459333,8.659333,19.0173,2664.4,DEPOT → 196 → 499 → 421 → DEPOT,READY_FOR_ACTION_PLAN
AP-2026-10-23-T002-056,2026-10-23,T002,2,37|241,70.8,35.4,37.51,33.29,,,,2026-10-23 08:08,14:19,6.0,0.330528,6.330528,9.4309,1852.0,DEPOT → 37 → 241 → DEPOT,READY_FOR_ACTION_PLAN
AP-2026-10-24-T002-057,2026-10-24,T002,3,250|439|229,138.7,46.233333,54.85,38.32,,,,2026-10-24 08:08,16:20,8.0,0.339111,8.339111,10.2425,2636.0,DEPOT → 250 → 439 → 229 → DEPOT,READY_FOR_ACTION_PLAN
AP-2026-10-25-T002-058,2026-10-25,T002,3,88|469|172,96.93,32.31,37.07,28.91,,,,2026-10-25 08:07,16:05,7.5,0.592667,8.092667,20.9615,2565.0,DEPOT → 88 → 469 → 172 → DEPOT,READY_FOR_ACTION_PLAN
AP-2026-10-26-T002-059,2026-10-26,T002,3,427|337|73,119.11,39.703333,48.08,35.36,,,,2026-10-26 08:09,15:23,6.9,0.4955,7.3955,19.1185,2479.8,DEPOT → 427 → 337 → 73 → DEPOT,READY_FOR_ACTION_PLAN
AP-2026-10-27-T002-060,2026-10-27,T002,2,91|160,59.56,29.78,32.95,26.61,,,,2026-10-27 08:05,14:23,6.1,0.288972,6.388972,9.2753,2956.2,DEPOT → 91 → 160 → DEPOT,READY_FOR_ACTION_PLAN
AP-2026-09-28-T003-061,2026-09-28,T003,3,493|415|373,101.91,33.97,38.44,31.4,,,,2026-09-28 08:08,16:57,8.5,0.464639,8.964639,14.7811,2707.0,DEPOT → 493 → 415 → 373 → DEPOT,READY_FOR_ACTION_PLAN
AP-2026-09-29-T003-062,2026-09-29,T003,1,329,38.19,38.19,38.19,38.19,,,,2026-09-29 08:06,16:54,8.7,0.213167,8.913167,8.3596,2403.12,DEPOT → 329 → DEPOT,READY_FOR_ACTION_PLAN
AP-2026-09-30-T003-063,2026-09-30,T003,1,500,41.09,41.09,41.09,41.09,,,,2026-09-30 08:07,16:45,8.5,0.256306,8.756306,7.4459,2359.38,DEPOT → 500 → DEPOT,READY_FOR_ACTION_PLAN
AP-2026-10-01-T003-064,2026-10-01,T003,1,443,44.96,44.96,44.96,44.96,,,,2026-10-01 08:01,16:20,8.3,0.046667,8.346667,1.2684,2315.63,DEPOT → 443 → DEPOT,READY_FOR_ACTION_PLAN
AP-2026-10-02-T003-065,2026-10-02,T003,1,236,48.13,48.13,48.13,48.13,,,,2026-10-02 08:08,16:10,7.9,0.274389,8.174389,7.9578,2228.12,DEPOT → 236 → DEPOT,READY_FOR_ACTION_PLAN
AP-2026-10-03-T003-066,2026-10-03,T003,1,38,31.18,31.18,31.18,31.18,,,,2026-10-03 08:01,15:44,7.7,0.041444,7.741444,1.6518,2184.38,DEPOT → 38 → DEPOT,READY_FOR_ACTION_PLAN
AP-2026-10-04-T003-067,2026-10-04,T003,3,442|403|184,120.94,40.313333,48.68,27.88,,,,2026-10-04 08:09,15:38,7.3,0.344056,7.644056,11.0335,2536.6,DEPOT → 442 → 403 → 184 → DEPOT,READY_FOR_ACTION_PLAN
AP-2026-10-05-T003-068,2026-10-05,T003,3,448|22|127,110.62,36.873333,42.03,32.87,,,,2026-10-05 08:00,16:17,7.9,0.387,8.287,15.0659,2621.8,DEPOT → 448 → 22 → 127 → DEPOT,READY_FOR_ACTION_PLAN
AP-2026-10-06-T003-069,2026-10-06,T003,1,494,39.26,39.26,39.26,39.26,,,,2026-10-06 08:10,15:55,7.6,0.332444,7.932444,14.4164,2162.5,DEPOT → 494 → DEPOT,READY_FOR_ACTION_PLAN
AP-2026-10-07-T003-070,2026-10-07,T003,1,419,46.04,46.04,46.04,46.04,,,,2026-10-07 08:03,15:43,7.6,0.120333,7.720333,2.6392,2162.5,DEPOT → 419 → DEPOT,READY_FOR_ACTION_PLAN
AP-2026-10-08-T003-071,2026-10-08,T003,1,287,51.37,51.37,51.37,51.37,,,,2026-10-08 08:09,15:35,7.3,0.295528,7.595528,9.5714,2096.88,DEPOT → 287 → DEPOT,READY_FOR_ACTION_PLAN
AP-2026-10-09-T003-072,2026-10-09,T003,1,290,50.87,50.87,50.87,50.87,,,,2026-10-09 08:10,15:30,7.2,0.310417,7.510417,13.6229,2075.0,DEPOT → 290 → DEPOT,READY_FOR_ACTION_PLAN
AP-2026-10-10-T003-073,2026-10-10,T003,1,17,53.94,53.94,53.94,53.94,,,,2026-10-10 08:08,15:21,7.1,0.253444,7.353444,6.865,2053.12,DEPOT → 17 → DEPOT,READY_FOR_ACTION_PLAN
AP-2026-10-11-T003-074,2026-10-11,T003,1,293,32.26,32.26,32.26,32.26,,,,2026-10-11 08:12,15:18,6.9,0.409528,7.309528,12.3254,2009.38,DEPOT → 293 → DEPOT,READY_FOR_ACTION_PLAN
AP-2026-10-12-T003-075,2026-10-12,T003,1,251,39.91,39.91,39.91,39.91,,,,2026-10-12 08:09,15:00,6.7,0.310417,7.010417,13.6229,1965.62,DEPOT → 251 → DEPOT,READY_FOR_ACTION_PLAN
AP-2026-10-13-T003-076,2026-10-13,T003,2,382|44,75.49,37.745,38.52,36.97,,,,2026-10-13 08:10,16:56,8.6,0.335611,8.935611,14.589,2720.08,DEPOT → 382 → 44 → DEPOT,READY_FOR_ACTION_PLAN
AP-2026-10-14-T003-077,2026-10-14,T003,1,227,39.16,39.16,39.16,39.16,,,,2026-10-14 08:11,14:52,6.5,0.370056,6.870056,11.6786,1921.88,DEPOT → 227 → DEPOT,READY_FOR_ACTION_PLAN
AP-2026-10-15-T003-078,2026-10-15,T003,1,41,37.06,37.06,37.06,37.06,,,,2026-10-15 08:09,14:43,6.4,0.333056,6.733056,9.8212,1900.0,DEPOT → 41 → DEPOT,READY_FOR_ACTION_PLAN
AP-2026-10-16-T003-079,2026-10-16,T003,2,190|98,79.27,39.635,47.49,31.78,,,,2026-10-16 08:11,16:50,8.4,0.439889,8.839889,19.6615,2676.32,DEPOT → 190 → 98 → DEPOT,READY_FOR_ACTION_PLAN
AP-2026-10-17-T003-080,2026-10-17,T003,2,397|71,86.97,43.485,45.62,41.35,,,,2026-10-17 08:10,16:42,8.3,0.406806,8.706806,14.8715,2646.78,DEPOT → 397 → 71 → DEPOT,READY_FOR_ACTION_PLAN
AP-2026-10-18-T003-081,2026-10-18,T003,2,428|94,77.7,38.85,39.98,37.72,,,,2026-10-18 08:05,16:54,8.6,0.30525,8.90525,9.4432,2666.35,DEPOT → 428 → 94 → DEPOT,READY_FOR_ACTION_PLAN
AP-2026-10-19-T003-082,2026-10-19,T003,2,193|449,63.77,31.885,33.26,30.51,,,,2026-10-19 08:07,16:53,8.3,0.584194,8.884194,18.6116,2600.72,DEPOT → 193 → 449 → DEPOT,READY_FOR_ACTION_PLAN
AP-2026-10-20-T003-083,2026-10-20,T003,2,265|488,59.73,29.865,34.36,25.37,,,,2026-10-20 08:10,16:40,8.3,0.370861,8.670861,15.2715,2570.02,DEPOT → 265 → 488 → DEPOT,READY_FOR_ACTION_PLAN
AP-2026-10-21-T003-084,2026-10-21,T003,2,118|284,78.61,39.305,48.45,30.16,,,,2026-10-21 08:08,16:21,7.8,0.553111,8.353111,19.698,2468.32,DEPOT → 118 → 284 → DEPOT,READY_FOR_ACTION_PLAN
AP-2026-10-22-T003-085,2026-10-22,T003,3,307|310|64,105.33,35.11,41.28,30.52,,,,2026-10-22 08:02,16:54,8.5,0.413,8.913,15.3234,2707.0,DEPOT → 307 → 310 → 64 → DEPOT,READY_FOR_ACTION_PLAN
AP-2026-10-23-T003-086,2026-10-23,T003,3,247|175|325,135.14,45.046667,49.77,40.85,,,,2026-10-23 08:08,16:34,8.2,0.373278,8.573278,17.057,2664.4,DEPOT → 247 → 175 → 325 → DEPOT,READY_FOR_ACTION_PLAN
AP-2026-09-28-T004-087,2026-09-28,T004,2,405|372,95.21,47.605,49.16,46.05,,,,2026-09-28 08:10,14:21,6.0,0.362222,6.362222,9.7947,2773.0,DEPOT → 405 → 372 → DEPOT,READY_FOR_ACTION_PLAN
AP-2026-09-29-T004-088,2026-09-29,T004,2,369|459,118.6,59.3,63.89,54.71,,,,2026-09-29 08:08,14:22,6.0,0.369639,6.369639,15.9823,2773.0,DEPOT → 369 → 459 → DEPOT,READY_FOR_ACTION_PLAN
AP-2026-09-30-T004-089,2026-09-30,T004,2,249|222,105.2,52.6,54.24,50.96,,,,2026-09-30 08:08,14:19,6.0,0.317694,6.317694,13.8561,2773.0,DEPOT → 249 → 222 → DEPOT,READY_FOR_ACTION_PLAN
AP-2026-10-01-T004-090,2026-10-01,T004,3,340|174|327,129.19,43.063333,53.43,32.93,,,,2026-10-01 08:03,16:26,8.0,0.435056,8.435056,11.4261,3557.0,DEPOT → 340 → 174 → 327 → DEPOT,READY_FOR_ACTION_PLAN
AP-2026-10-02-T004-091,2026-10-02,T004,2,153|354,89.09,44.545,46.03,43.06,,,,2026-10-02 08:04,14:15,6.0,0.260611,6.260611,8.0814,2773.0,DEPOT → 153 → 354 → DEPOT,READY_FOR_ACTION_PLAN
AP-2026-10-03-T004-092,2026-10-03,T004,2,351|57,98.07,49.035,52.35,45.72,,,,2026-10-03 08:07,14:19,6.0,0.319111,6.319111,10.1869,2773.0,DEPOT → 351 → 57 → DEPOT,READY_FOR_ACTION_PLAN
AP-2026-10-04-T004-093,2026-10-04,T004,2,204|45,95.73,47.865,48.9,46.83,,,,2026-10-04 08:03,14:09,6.0,0.157833,6.157833,4.0876,2773.0,DEPOT → 204 → 45 → DEPOT,READY_FOR_ACTION_PLAN
AP-2026-10-05-T004-094,2026-10-05,T004,2,360|150,103.31,51.655,54.32,48.99,,,,2026-10-05 08:02,14:18,6.0,0.310306,6.310306,10.6737,2773.0,DEPOT → 360 → 150 → DEPOT,READY_FOR_ACTION_PLAN
AP-2026-10-06-T004-095,2026-10-06,T004,3,225|210|100,125.35,41.783333,48.01,33.76,,,,2026-10-06 08:11,16:32,8.0,0.537361,8.537361,18.7869,3557.0,DEPOT → 225 → 210 → 100 → DEPOT,READY_FOR_ACTION_PLAN
AP-2026-10-07-T004-096,2026-10-07,T004,4,322|451|49|230,165.29,41.3225,55.16,31.96,,,,2026-10-07 08:00,16:18,8.0,0.305444,8.305444,9.2905,3289.5,DEPOT → 322 → 451 → 49 → 230 → DEPOT,READY_FOR_ACTION_PLAN
AP-2026-10-08-T004-097,2026-10-08,T004,4,163|272|491|263,166.57,41.6425,46.44,35.51,,,,2026-10-08 08:10,16:29,8.0,0.498222,8.498222,19.4981,3596.5,DEPOT → 163 → 272 → 491 → 263 → DEPOT,READY_FOR_ACTION_PLAN
AP-2026-10-09-T004-098,2026-10-09,T004,4,157|470|344|89,156.21,39.0525,49.35,31.81,,,,2026-10-09 08:03,16:20,8.0,0.346333,8.346333,12.0382,3596.5,DEPOT → 157 → 470 → 344 → 89 → DEPOT,READY_FOR_ACTION_PLAN
AP-2026-10-10-T004-099,2026-10-10,T004,4,125|353|352|430,150.01,37.5025,45.93,25.92,,,,2026-10-10 08:10,16:29,8.0,0.48775,8.48775,15.3672,3443.0,DEPOT → 125 → 353 → 352 → 430 → DEPOT,READY_FOR_ACTION_PLAN
AP-2026-10-11-T004-100,2026-10-11,T004,4,79|199|244|85,114.44,28.61,35.21,21.25,,,,2026-10-11 08:07,16:35,8.0,0.594083,8.594083,23.4679,3136.0,DEPOT → 79 → 199 → 244 → 85 → DEPOT,READY_FOR_ACTION_PLAN
AP-2026-10-12-T004-101,2026-10-12,T004,4,400|223|178|95,143.23,35.8075,44.1,27.78,,,,2026-10-12 08:09,16:38,8.0,0.649167,8.649167,22.5603,3289.5,DEPOT → 400 → 223 → 178 → 95 → DEPOT,READY_FOR_ACTION_PLAN
AP-2026-10-13-T004-102,2026-10-13,T004,4,5|380|475|197,165.42,41.355,46.02,37.04,,,,2026-10-13 08:09,16:28,8.0,0.482306,8.482306,18.3837,3596.5,DEPOT → 5 → 380 → 475 → 197 → DEPOT,READY_FOR_ACTION_PLAN
AP-2026-10-14-T004-103,2026-10-14,T004,4,271|454|119|268,144.14,36.035,46.13,29.32,,,,2026-10-14 08:01,16:28,8.0,0.47225,8.47225,16.3145,3289.5,DEPOT → 271 → 454 → 119 → 268 → DEPOT,READY_FOR_ACTION_PLAN
AP-2026-10-15-T004-104,2026-10-15,T004,4,128|182|166|140,149.63,37.4075,42.18,32.05,,,,2026-10-15 08:11,16:40,8.0,0.668222,8.668222,20.8092,3596.5,DEPOT → 128 → 182 → 166 → 140 → DEPOT,READY_FOR_ACTION_PLAN
AP-2026-10-16-T004-105,2026-10-16,T004,3,145|383|137,102.07,34.023333,36.79,31.66,,,,2026-10-16 08:05,14:34,6.0,0.572278,6.572278,15.4719,2659.0,DEPOT → 145 → 383 → 137 → DEPOT,READY_FOR_ACTION_PLAN
AP-2026-10-17-T004-106,2026-10-17,T004,2,297|267,84.25,42.125,42.39,41.86,,,,2026-10-17 08:08,14:23,6.0,0.397639,6.397639,12.894,2773.0,DEPOT → 297 → 267 → DEPOT,READY_FOR_ACTION_PLAN
AP-2026-10-18-T004-107,2026-10-18,T004,2,48|246,81.62,40.81,41.28,40.34,,,,2026-10-18 08:09,14:24,6.0,0.403028,6.403028,15.3084,2773.0,DEPOT → 48 → 246 → DEPOT,READY_FOR_ACTION_PLAN
AP-2026-10-19-T004-108,2026-10-19,T004,3,177|155|291,112.91,37.636667,40.08,33.68,,,,2026-10-19 08:11,16:22,8.0,0.367611,8.367611,11.7156,3710.5,DEPOT → 177 → 155 → 291 → DEPOT,READY_FOR_ACTION_PLAN
AP-2026-10-20-T004-109,2026-10-20,T004,1,81,34.45,34.45,34.45,34.45,,,,2026-10-20 08:12,11:25,3.0,0.425944,3.425944,12.5908,1386.5,DEPOT → 81 → DEPOT,READY_FOR_ACTION_PLAN
