group_index,team_id,schedule_date,from_node_index,to_node_index,travel_time_s
1,T001,2026-09-28,0,0,0
1,T001,2026-09-28,0,1,482.9
1,T001,2026-09-28,0,2,177.3
1,T001,2026-09-28,1,0,469.2
1,T001,2026-09-28,1,1,0
1,T001,2026-09-28,1,2,507.6
1,T001,2026-09-28,2,0,177.3
1,T001,2026-09-28,2,1,507.4
1,T001,2026-09-28,2,2,0
2,T001,2026-09-29,0,0,0
2,T001,2026-09-29,0,1,631.4
2,T001,2026-09-29,1,0,572.6
2,T001,2026-09-29,1,1,0
3,T001,2026-09-30,0,0,0
3,T001,2026-09-30,0,1,492.4
3,T001,2026-09-30,1,0,414
3,T001,2026-09-30,1,1,0
4,T001,2026-10-01,0,0,0
4,T001,2026-10-01,0,1,261.4
4,T001,2026-10-01,1,0,259.6
4,T001,2026-10-01,1,1,0
5,T001,2026-10-02,0,0,0
5,T001,2026-10-02,0,1,422.3
5,T001,2026-10-02,1,0,419.8
5,T001,2026-10-02,1,1,0
6,T001,2026-10-03,0,0,0
6,T001,2026-10-03,0,1,629.8
6,T001,2026-10-03,0,2,109.4
6,T001,2026-10-03,0,3,735.9
6,T001,2026-10-03,1,0,626.6
6,T001,2026-10-03,1,1,0
6,T001,2026-10-03,1,2,517.2
6,T001,2026-10-03,1,3,655.1
6,T001,2026-10-03,2,0,109.4
6,T001,2026-10-03,2,1,520.4
6,T001,2026-10-03,2,2,0
6,T001,2026-10-03,2,3,626.5
6,T001,2026-10-03,3,0,738.4
6,T001,2026-10-03,3,1,663.8
6,T001,2026-10-03,3,2,629
6,T001,2026-10-03,3,3,0
7,T001,2026-10-04,0,0,0
7,T001,2026-10-04,0,1,509.4
7,T001,2026-10-04,1,0,530.1
7,T001,2026-10-04,1,1,0
8,T001,2026-10-05,0,0,0
8,T001,2026-10-05,0,1,365.5
8,T001,2026-10-05,0,2,511.6
8,T001,2026-10-05,0,3,207.7
8,T001,2026-10-05,0,4,683
8,T001,2026-10-05,1,0,365.9
8,T001,2026-10-05,1,1,0
8,T001,2026-10-05,1,2,422.1
8,T001,2026-10-05,1,3,573.6
8,T001,2026-10-05,1,4,341.5
8,T001,2026-10-05,2,0,457.4
8,T001,2026-10-05,2,1,409.9
8,T001,2026-10-05,2,2,0
8,T001,2026-10-05,2,3,408.1
8,T001,2026-10-05,2,4,751.4
8,T001,2026-10-05,3,0,208.5
8,T001,2026-10-05,3,1,574
8,T001,2026-10-05,3,2,458.1
8,T001,2026-10-05,3,3,0
8,T001,2026-10-05,3,4,891.5
8,T001,2026-10-05,4,0,682.8
8,T001,2026-10-05,4,1,343.9
8,T001,2026-10-05,4,2,766
8,T001,2026-10-05,4,3,890.5
8,T001,2026-10-05,4,4,0
9,T001,2026-10-06,0,0,0
9,T001,2026-10-06,0,1,486.3
9,T001,2026-10-06,0,2,199.3
9,T001,2026-10-06,0,3,323.6
9,T001,2026-10-06,0,4,688
9,T001,2026-10-06,1,0,489.6
9,T001,2026-10-06,1,1,0
9,T001,2026-10-06,1,2,564.7
9,T001,2026-10-06,1,3,551.2
9,T001,2026-10-06,1,4,668.1
9,T001,2026-10-06,2,0,199.2
9,T001,2026-10-06,2,1,554.6
9,T001,2026-10-06,2,2,0
9,T001,2026-10-06,2,3,414.5
9,T001,2026-10-06,2,4,778.9
9,T001,2026-10-06,3,0,322.4
9,T001,2026-10-06,3,1,551.7
9,T001,2026-10-06,3,2,417.6
9,T001,2026-10-06,3,3,0
9,T001,2026-10-06,3,4,652.7
9,T001,2026-10-06,4,0,659.4
9,T001,2026-10-06,4,1,764.5
9,T001,2026-10-06,4,2,858.7
9,T001,2026-10-06,4,3,769.9
9,T001,2026-10-06,4,4,0
10,T001,2026-10-07,0,0,0
10,T001,2026-10-07,0,1,489.7
10,T001,2026-10-07,0,2,540.6
10,T001,2026-10-07,0,3,692.3
10,T001,2026-10-07,1,0,484.4
10,T001,2026-10-07,1,1,0
10,T001,2026-10-07,1,2,346.2
10,T001,2026-10-07,1,3,1001.3
10,T001,2026-10-07,2,0,512.9
10,T001,2026-10-07,2,1,368.9
10,T001,2026-10-07,2,2,0
10,T001,2026-10-07,2,3,754.4
10,T001,2026-10-07,3,0,688.9
10,T001,2026-10-07,3,1,947
10,T001,2026-10-07,3,2,762.7
10,T001,2026-10-07,3,3,0
11,T001,2026-10-08,0,0,0
11,T001,2026-10-08,0,1,607.5
11,T001,2026-10-08,0,2,153.5
11,T001,2026-10-08,0,3,3.7
11,T001,2026-10-08,0,4,395.5
11,T001,2026-10-08,1,0,604.3
11,T001,2026-10-08,1,1,0
11,T001,2026-10-08,1,2,581.9
11,T001,2026-10-08,1,3,608
11,T001,2026-10-08,1,4,451.6
11,T001,2026-10-08,2,0,150.2
11,T001,2026-10-08,2,1,591
11,T001,2026-10-08,2,2,0
11,T001,2026-10-08,2,3,146.5
11,T001,2026-10-08,2,4,242
11,T001,2026-10-08,3,0,3.7
11,T001,2026-10-08,3,1,611.2
11,T001,2026-10-08,3,2,149.8
11,T001,2026-10-08,3,3,0
11,T001,2026-10-08,3,4,391.8
11,T001,2026-10-08,4,0,366.9
11,T001,2026-10-08,4,1,482.7
11,T001,2026-10-08,4,2,216.7
11,T001,2026-10-08,4,3,363.2
11,T001,2026-10-08,4,4,0
12,T001,2026-10-09,0,0,0
12,T001,2026-10-09,0,1,345.8
12,T001,2026-10-09,0,2,537.2
12,T001,2026-10-09,0,3,714.3
12,T001,2026-10-09,1,0,342.4
12,T001,2026-10-09,1,1,0
12,T001,2026-10-09,1,2,617.6
12,T001,2026-10-09,1,3,815.8
12,T001,2026-10-09,2,0,479.6
12,T001,2026-10-09,2,1,568.4
12,T001,2026-10-09,2,2,0
12,T001,2026-10-09,2,3,496.2
12,T001,2026-10-09,3,0,712.9
12,T001,2026-10-09,3,1,813.4
12,T001,2026-10-09,3,2,495
12,T001,2026-10-09,3,3,0
13,T001,2026-10-10,0,0,0
13,T001,2026-10-10,0,1,148.4
13,T001,2026-10-10,0,2,578.9
13,T001,2026-10-10,0,3,591.9
13,T001,2026-10-10,1,0,148.4
13,T001,2026-10-10,1,1,0
13,T001,2026-10-10,1,2,630.9
13,T001,2026-10-10,1,3,443.5
13,T001,2026-10-10,2,0,570.2
13,T001,2026-10-10,2,1,631.7
13,T001,2026-10-10,2,2,0
13,T001,2026-10-10,2,3,291.2
13,T001,2026-10-10,3,0,591.8
13,T001,2026-10-10,3,1,443.4
13,T001,2026-10-10,3,2,282
13,T001,2026-10-10,3,3,0
14,T001,2026-10-11,0,0,0
14,T001,2026-10-11,0,1,505.7
14,T001,2026-10-11,0,2,100.7
14,T001,2026-10-11,0,3,210.1
14,T001,2026-10-11,0,4,568.9
14,T001,2026-10-11,1,0,448.8
14,T001,2026-10-11,1,1,0
14,T001,2026-10-11,1,2,549.5
14,T001,2026-10-11,1,3,554.8
14,T001,2026-10-11,1,4,626.5
14,T001,2026-10-11,2,0,102.9
14,T001,2026-10-11,2,1,608.6
14,T001,2026-10-11,2,2,0
14,T001,2026-10-11,2,3,313
14,T001,2026-10-11,2,4,620.1
14,T001,2026-10-11,3,0,210
14,T001,2026-10-11,3,1,607.4
14,T001,2026-10-11,3,2,310.7
14,T001,2026-10-11,3,3,0
14,T001,2026-10-11,3,4,778.9
14,T001,2026-10-11,4,0,562.3
14,T001,2026-10-11,4,1,639.1
14,T001,2026-10-11,4,2,614.8
14,T001,2026-10-11,4,3,772.4
14,T001,2026-10-11,4,4,0
15,T001,2026-10-12,0,0,0
15,T001,2026-10-12,0,1,278.6
15,T001,2026-10-12,0,2,510.2
15,T001,2026-10-12,1,0,279.4
15,T001,2026-10-12,1,1,0
15,T001,2026-10-12,1,2,674.8
15,T001,2026-10-12,2,0,599.7
15,T001,2026-10-12,2,1,621.3
15,T001,2026-10-12,2,2,0
16,T001,2026-10-13,0,0,0
16,T001,2026-10-13,0,1,167.8
16,T001,2026-10-13,0,2,414.8
16,T001,2026-10-13,1,0,167.8
16,T001,2026-10-13,1,1,0
16,T001,2026-10-13,1,2,582.6
16,T001,2026-10-13,2,0,388.6
16,T001,2026-10-13,2,1,556.4
16,T001,2026-10-13,2,2,0
17,T001,2026-10-14,0,0,0
17,T001,2026-10-14,0,1,657.4
17,T001,2026-10-14,0,2,511.6
17,T001,2026-10-14,1,0,659.2
17,T001,2026-10-14,1,1,0
17,T001,2026-10-14,1,2,457.5
17,T001,2026-10-14,2,0,598.3
17,T001,2026-10-14,2,1,576.2
17,T001,2026-10-14,2,2,0
18,T001,2026-10-15,0,0,0
18,T001,2026-10-15,0,1,451
18,T001,2026-10-15,0,2,421.8
18,T001,2026-10-15,1,0,448.7
18,T001,2026-10-15,1,1,0
18,T001,2026-10-15,1,2,529.1
18,T001,2026-10-15,2,0,398.6
18,T001,2026-10-15,2,1,552.5
18,T001,2026-10-15,2,2,0
19,T001,2026-10-16,0,0,0
19,T001,2026-10-16,0,1,557.6
19,T001,2026-10-16,0,2,219.1
19,T001,2026-10-16,1,0,534.1
19,T001,2026-10-16,1,1,0
19,T001,2026-10-16,1,2,392.9
19,T001,2026-10-16,2,0,213.5
19,T001,2026-10-16,2,1,415.9
19,T001,2026-10-16,2,2,0
20,T001,2026-10-17,0,0,0
20,T001,2026-10-17,0,1,629.7
20,T001,2026-10-17,0,2,126.5
20,T001,2026-10-17,1,0,620.8
20,T001,2026-10-17,1,1,0
20,T001,2026-10-17,1,2,597.2
20,T001,2026-10-17,2,0,126.5
20,T001,2026-10-17,2,1,600.3
20,T001,2026-10-17,2,2,0
21,T001,2026-10-18,0,0,0
21,T001,2026-10-18,0,1,495
21,T001,2026-10-18,0,2,531.9
21,T001,2026-10-18,1,0,495.7
21,T001,2026-10-18,1,1,0
21,T001,2026-10-18,1,2,527.4
21,T001,2026-10-18,2,0,480.5
21,T001,2026-10-18,2,1,577.8
21,T001,2026-10-18,2,2,0
22,T001,2026-10-19,0,0,0
22,T001,2026-10-19,0,1,617.8
22,T001,2026-10-19,0,2,433.7
22,T001,2026-10-19,1,0,619.6
22,T001,2026-10-19,1,1,0
22,T001,2026-10-19,1,2,768.9
22,T001,2026-10-19,2,0,407.5
22,T001,2026-10-19,2,1,789.5
22,T001,2026-10-19,2,2,0
23,T001,2026-10-20,0,0,0
23,T001,2026-10-20,0,1,683.8
23,T001,2026-10-20,0,2,587.5
23,T001,2026-10-20,1,0,681.3
23,T001,2026-10-20,1,1,0
23,T001,2026-10-20,1,2,654.3
23,T001,2026-10-20,2,0,576
23,T001,2026-10-20,2,1,648.7
23,T001,2026-10-20,2,2,0
24,T001,2026-10-21,0,0,0
24,T001,2026-10-21,0,1,207.6
24,T001,2026-10-21,0,2,735.9
24,T001,2026-10-21,1,0,211.7
24,T001,2026-10-21,1,1,0
24,T001,2026-10-21,1,2,822.7
24,T001,2026-10-21,2,0,738.4
24,T001,2026-10-21,2,1,834.4
24,T001,2026-10-21,2,2,0
25,T001,2026-10-22,0,0,0
25,T001,2026-10-22,0,1,459.7
25,T001,2026-10-22,0,2,354.3
25,T001,2026-10-22,1,0,456.5
25,T001,2026-10-22,1,1,0
25,T001,2026-10-22,1,2,233.9
25,T001,2026-10-22,2,0,354.3
25,T001,2026-10-22,2,1,233
25,T001,2026-10-22,2,2,0
26,T001,2026-10-23,0,0,0
26,T001,2026-10-23,0,1,476.8
26,T001,2026-10-23,0,2,478.2
26,T001,2026-10-23,1,0,418.5
26,T001,2026-10-23,1,1,0
26,T001,2026-10-23,1,2,429.4
26,T001,2026-10-23,2,0,482.8
26,T001,2026-10-23,2,1,438.4
26,T001,2026-10-23,2,2,0
27,T001,2026-10-24,0,0,0
27,T001,2026-10-24,0,1,597.1
27,T001,2026-10-24,0,2,145.2
27,T001,2026-10-24,1,0,580.2
27,T001,2026-10-24,1,1,0
27,T001,2026-10-24,1,2,438.3
27,T001,2026-10-24,2,0,141.9
27,T001,2026-10-24,2,1,451.9
27,T001,2026-10-24,2,2,0
28,T001,2026-10-25,0,0,0
28,T001,2026-10-25,0,1,679
28,T001,2026-10-25,0,2,58.7
28,T001,2026-10-25,1,0,680.8
28,T001,2026-10-25,1,1,0
28,T001,2026-10-25,1,2,692.8
28,T001,2026-10-25,2,0,55.7
28,T001,2026-10-25,2,1,693.5
28,T001,2026-10-25,2,2,0
29,T001,2026-10-26,0,0,0
29,T001,2026-10-26,0,1,680.4
29,T001,2026-10-26,0,2,220.4
29,T001,2026-10-26,0,3,572.3
29,T001,2026-10-26,1,0,632.3
29,T001,2026-10-26,1,1,0
29,T001,2026-10-26,1,2,748.6
29,T001,2026-10-26,1,3,412.5
29,T001,2026-10-26,2,0,221.6
29,T001,2026-10-26,2,1,793.7
29,T001,2026-10-26,2,2,0
29,T001,2026-10-26,2,3,793.9
29,T001,2026-10-26,3,0,564.9
29,T001,2026-10-26,3,1,408.5
29,T001,2026-10-26,3,2,785.3
29,T001,2026-10-26,3,3,0
30,T001,2026-10-27,0,0,0
30,T001,2026-10-27,0,1,493
30,T001,2026-10-27,0,2,542.7
30,T001,2026-10-27,0,3,630.7
30,T001,2026-10-27,1,0,489.6
30,T001,2026-10-27,1,1,0
30,T001,2026-10-27,1,2,265.5
30,T001,2026-10-27,1,3,346.9
30,T001,2026-10-27,2,0,485.1
30,T001,2026-10-27,2,1,259.3
30,T001,2026-10-27,2,2,0
30,T001,2026-10-27,2,3,428.1
30,T001,2026-10-27,3,0,627.5
30,T001,2026-10-27,3,1,346.1
30,T001,2026-10-27,3,2,435.1
30,T001,2026-10-27,3,3,0
31,T002,2026-09-28,0,0,0
31,T002,2026-09-28,0,1,668.4
31,T002,2026-09-28,0,2,772.7
31,T002,2026-09-28,1,0,659.6
31,T002,2026-09-28,1,1,0
31,T002,2026-09-28,1,2,750.7
31,T002,2026-09-28,2,0,677.5
31,T002,2026-09-28,2,1,622.6
31,T002,2026-09-28,2,2,0
32,T002,2026-09-29,0,0,0
32,T002,2026-09-29,0,1,224.7
32,T002,2026-09-29,1,0,216.3
32,T002,2026-09-29,1,1,0
33,T002,2026-09-30,0,0,0
33,T002,2026-09-30,0,1,635.9
33,T002,2026-09-30,1,0,605.8
33,T002,2026-09-30,1,1,0
34,T002,2026-10-01,0,0,0
34,T002,2026-10-01,0,1,593.1
34,T002,2026-10-01,1,0,525.6
34,T002,2026-10-01,1,1,0
35,T002,2026-10-02,0,0,0
35,T002,2026-10-02,0,1,465.7
35,T002,2026-10-02,1,0,456.1
35,T002,2026-10-02,1,1,0
36,T002,2026-10-03,0,0,0
36,T002,2026-10-03,0,1,712.7
36,T002,2026-10-03,0,2,301.2
36,T002,2026-10-03,1,0,712.5
36,T002,2026-10-03,1,1,0
36,T002,2026-10-03,1,2,904.1
36,T002,2026-10-03,2,0,295.6
36,T002,2026-10-03,2,1,908.4
36,T002,2026-10-03,2,2,0
37,T002,2026-10-04,0,0,0
37,T002,2026-10-04,0,1,224.2
37,T002,2026-10-04,1,0,218.6
37,T002,2026-10-04,1,1,0
38,T002,2026-10-05,0,0,0
38,T002,2026-10-05,0,1,697.1
38,T002,2026-10-05,1,0,696.7
38,T002,2026-10-05,1,1,0
39,T002,2026-10-06,0,0,0
39,T002,2026-10-06,0,1,410.8
39,T002,2026-10-06,0,2,361.7
39,T002,2026-10-06,0,3,508.3
39,T002,2026-10-06,1,0,434.7
39,T002,2026-10-06,1,1,0
39,T002,2026-10-06,1,2,796.4
39,T002,2026-10-06,1,3,700.8
39,T002,2026-10-06,2,0,367.2
39,T002,2026-10-06,2,1,778
39,T002,2026-10-06,2,2,0
39,T002,2026-10-06,2,3,744.6
39,T002,2026-10-06,3,0,508.8
39,T002,2026-10-06,3,1,709.9
39,T002,2026-10-06,3,2,746.3
39,T002,2026-10-06,3,3,0
40,T002,2026-10-07,0,0,0
40,T002,2026-10-07,0,1,509.6
40,T002,2026-10-07,0,2,667.3
40,T002,2026-10-07,1,0,448.7
40,T002,2026-10-07,1,1,0
40,T002,2026-10-07,1,2,450.9
40,T002,2026-10-07,2,0,667.3
40,T002,2026-10-07,2,1,457.6
40,T002,2026-10-07,2,2,0
41,T002,2026-10-08,0,0,0
41,T002,2026-10-08,0,1,764.9
41,T002,2026-10-08,1,0,685.3
41,T002,2026-10-08,1,1,0
42,T002,2026-10-09,0,0,0
42,T002,2026-10-09,0,1,136.2
42,T002,2026-10-09,0,2,365.7
42,T002,2026-10-09,1,0,136.2
42,T002,2026-10-09,1,1,0
42,T002,2026-10-09,1,2,501.9
42,T002,2026-10-09,2,0,362.4
42,T002,2026-10-09,2,1,498.6
42,T002,2026-10-09,2,2,0
43,T002,2026-10-10,0,0,0
43,T002,2026-10-10,0,1,415.5
43,T002,2026-10-10,0,2,210.1
43,T002,2026-10-10,1,0,392.1
43,T002,2026-10-10,1,1,0
43,T002,2026-10-10,1,2,498.1
43,T002,2026-10-10,2,0,210
43,T002,2026-10-10,2,1,517.2
43,T002,2026-10-10,2,2,0
44,T002,2026-10-11,0,0,0
44,T002,2026-10-11,0,1,45.2
44,T002,2026-10-11,0,2,631.4
44,T002,2026-10-11,0,3,386.9
44,T002,2026-10-11,1,0,47.4
44,T002,2026-10-11,1,1,0
44,T002,2026-10-11,1,2,627.1
44,T002,2026-10-11,1,3,434.3
44,T002,2026-10-11,2,0,626.7
44,T002,2026-10-11,2,1,623.7
44,T002,2026-10-11,2,2,0
44,T002,2026-10-11,2,3,738.4
44,T002,2026-10-11,3,0,363.5
44,T002,2026-10-11,3,1,408.7
44,T002,2026-10-11,3,2,788.7
44,T002,2026-10-11,3,3,0
45,T002,2026-10-12,0,0,0
45,T002,2026-10-12,0,1,614
45,T002,2026-10-12,0,2,550.4
45,T002,2026-10-12,0,3,423.2
45,T002,2026-10-12,1,0,587.5
45,T002,2026-10-12,1,1,0
45,T002,2026-10-12,1,2,442.7
45,T002,2026-10-12,1,3,696.4
45,T002,2026-10-12,2,0,578
45,T002,2026-10-12,2,1,467
45,T002,2026-10-12,2,2,0
45,T002,2026-10-12,2,3,302.9
45,T002,2026-10-12,3,0,422.8
45,T002,2026-10-12,3,1,738
45,T002,2026-10-12,3,2,271
45,T002,2026-10-12,3,3,0
46,T002,2026-10-13,0,0,0
46,T002,2026-10-13,0,1,493.2
46,T002,2026-10-13,0,2,481.1
46,T002,2026-10-13,1,0,466.4
46,T002,2026-10-13,1,1,0
46,T002,2026-10-13,1,2,219.3
46,T002,2026-10-13,2,0,419.5
46,T002,2026-10-13,2,1,187.7
46,T002,2026-10-13,2,2,0
47,T002,2026-10-14,0,0,0
47,T002,2026-10-14,0,1,742.5
47,T002,2026-10-14,0,2,343.6
47,T002,2026-10-14,0,3,626.6
47,T002,2026-10-14,1,0,691.3
47,T002,2026-10-14,1,1,0
47,T002,2026-10-14,1,2,485.8
47,T002,2026-10-14,1,3,1114.2
47,T002,2026-10-14,2,0,343.8
47,T002,2026-10-14,2,1,480.6
47,T002,2026-10-14,2,2,0
47,T002,2026-10-14,2,3,866.3
47,T002,2026-10-14,3,0,623.4
47,T002,2026-10-14,3,1,1060.7
47,T002,2026-10-14,3,2,858.7
47,T002,2026-10-14,3,3,0
48,T002,2026-10-15,0,0,0
48,T002,2026-10-15,0,1,563.7
48,T002,2026-10-15,0,2,796.2
48,T002,2026-10-15,1,0,508.2
48,T002,2026-10-15,1,1,0
48,T002,2026-10-15,1,2,366.1
48,T002,2026-10-15,2,0,737.9
48,T002,2026-10-15,2,1,339.1
48,T002,2026-10-15,2,2,0
49,T002,2026-10-16,0,0,0
49,T002,2026-10-16,0,1,548.2
49,T002,2026-10-16,0,2,565.2
49,T002,2026-10-16,1,0,486.8
49,T002,2026-10-16,1,1,0
49,T002,2026-10-16,1,2,333.2
49,T002,2026-10-16,2,0,552.9
49,T002,2026-10-16,2,1,334.3
49,T002,2026-10-16,2,2,0
50,T002,2026-10-17,0,0,0
50,T002,2026-10-17,0,1,358.1
50,T002,2026-10-17,0,2,313
50,T002,2026-10-17,1,0,358.5
50,T002,2026-10-17,1,1,0
50,T002,2026-10-17,1,2,671.5
50,T002,2026-10-17,2,0,311.8
50,T002,2026-10-17,2,1,669.9
50,T002,2026-10-17,2,2,0
51,T002,2026-10-18,0,0,0
51,T002,2026-10-18,0,1,272.6
51,T002,2026-10-18,1,0,272.6
51,T002,2026-10-18,1,1,0
52,T002,2026-10-19,0,0,0
52,T002,2026-10-19,0,1,663.8
52,T002,2026-10-19,0,2,503.6
52,T002,2026-10-19,1,0,637.5
52,T002,2026-10-19,1,1,0
52,T002,2026-10-19,1,2,1037
52,T002,2026-10-19,2,0,501
52,T002,2026-10-19,2,1,1034.3
52,T002,2026-10-19,2,2,0
53,T002,2026-10-20,0,0,0
53,T002,2026-10-20,0,1,76.6
53,T002,2026-10-20,0,2,239
53,T002,2026-10-20,1,0,76.6
53,T002,2026-10-20,1,1,0
53,T002,2026-10-20,1,2,315.6
53,T002,2026-10-20,2,0,239.8
53,T002,2026-10-20,2,1,316.4
53,T002,2026-10-20,2,2,0
54,T002,2026-10-21,0,0,0
54,T002,2026-10-21,0,1,429.3
54,T002,2026-10-21,0,2,534.9
54,T002,2026-10-21,0,3,562.6
54,T002,2026-10-21,1,0,408.3
54,T002,2026-10-21,1,1,0
54,T002,2026-10-21,1,2,111
54,T002,2026-10-21,1,3,190.9
54,T002,2026-10-21,2,0,503
54,T002,2026-10-21,2,1,114.5
54,T002,2026-10-21,2,2,0
54,T002,2026-10-21,2,3,255.8
54,T002,2026-10-21,3,0,553.7
54,T002,2026-10-21,3,1,191.6
54,T002,2026-10-21,3,2,262.6
54,T002,2026-10-21,3,3,0
55,T002,2026-10-22,0,0,0
55,T002,2026-10-22,0,1,80.7
55,T002,2026-10-22,0,2,467.8
55,T002,2026-10-22,0,3,240.3
55,T002,2026-10-22,1,0,82.9
55,T002,2026-10-22,1,1,0
55,T002,2026-10-22,1,2,550.7
55,T002,2026-10-22,1,3,271.5
55,T002,2026-10-22,2,0,476.4
55,T002,2026-10-22,2,1,557.1
55,T002,2026-10-22,2,2,0
55,T002,2026-10-22,2,3,409.4
55,T002,2026-10-22,3,0,240.3
55,T002,2026-10-22,3,1,272.8
55,T002,2026-10-22,3,2,419.1
55,T002,2026-10-22,3,3,0
56,T002,2026-10-23,0,0,0
56,T002,2026-10-23,0,1,203.6
56,T002,2026-10-23,0,2,539.6
56,T002,2026-10-23,0,3,635.6
56,T002,2026-10-23,1,0,198.7
56,T002,2026-10-23,1,1,0
56,T002,2026-10-23,1,2,477.7
56,T002,2026-10-23,1,3,730.2
56,T002,2026-10-23,2,0,511.7
56,T002,2026-10-23,2,1,451.6
56,T002,2026-10-23,2,2,0
56,T002,2026-10-23,2,3,784.4
56,T002,2026-10-23,3,0,632.4
56,T002,2026-10-23,3,1,727.7
56,T002,2026-10-23,3,2,792.7
56,T002,2026-10-23,3,3,0
57,T002,2026-10-24,0,0,0
57,T002,2026-10-24,0,1,419.3
57,T002,2026-10-24,0,2,539.1
57,T002,2026-10-24,0,3,491.1
57,T002,2026-10-24,1,0,418
57,T002,2026-10-24,1,1,0
57,T002,2026-10-24,1,2,282.3
57,T002,2026-10-24,1,3,234.3
57,T002,2026-10-24,2,0,484.9
57,T002,2026-10-24,2,1,234.4
57,T002,2026-10-24,2,2,0
57,T002,2026-10-24,2,3,84.7
57,T002,2026-10-24,3,0,429.5
57,T002,2026-10-24,3,1,179
57,T002,2026-10-24,3,2,83.8
57,T002,2026-10-24,3,3,0
58,T002,2026-10-25,0,0,0
58,T002,2026-10-25,0,1,422.3
58,T002,2026-10-25,0,2,605.5
58,T002,2026-10-25,0,3,469.9
58,T002,2026-10-25,1,0,419.8
58,T002,2026-10-25,1,1,0
58,T002,2026-10-25,1,2,1025.3
58,T002,2026-10-25,1,3,517.2
58,T002,2026-10-25,2,0,605.6
58,T002,2026-10-25,2,1,1027.9
58,T002,2026-10-25,2,2,0
58,T002,2026-10-25,2,3,590
58,T002,2026-10-25,3,0,456.2
58,T002,2026-10-25,3,1,488.6
58,T002,2026-10-25,3,2,588.5
58,T002,2026-10-25,3,3,0
59,T002,2026-10-26,0,0,0
59,T002,2026-10-26,0,1,637.9
59,T002,2026-10-26,0,2,518.2
59,T002,2026-10-26,0,3,556.3
59,T002,2026-10-26,1,0,619.9
59,T002,2026-10-26,1,1,0
59,T002,2026-10-26,1,2,504.4
59,T002,2026-10-26,1,3,685
59,T002,2026-10-26,2,0,508.9
59,T002,2026-10-26,2,1,476.4
59,T002,2026-10-26,2,2,0
59,T002,2026-10-26,2,3,268.2
59,T002,2026-10-26,3,0,553.6
59,T002,2026-10-26,3,1,518.9
59,T002,2026-10-26,3,2,131.2
59,T002,2026-10-26,3,3,0
60,T002,2026-10-27,0,0,0
60,T002,2026-10-27,0,1,520
60,T002,2026-10-27,1,0,518.6
60,T002,2026-10-27,1,1,0
61,T003,2026-09-28,0,0,0
61,T003,2026-09-28,0,1,506.5
61,T003,2026-09-28,1,0,490.8
61,T003,2026-09-28,1,1,0
62,T003,2026-09-29,0,0,0
62,T003,2026-09-29,0,1,383.9
62,T003,2026-09-29,1,0,383.5
62,T003,2026-09-29,1,1,0
63,T003,2026-09-30,0,0,0
63,T003,2026-09-30,0,1,464.5
63,T003,2026-09-30,1,0,458.2
63,T003,2026-09-30,1,1,0
64,T003,2026-10-01,0,0,0
64,T003,2026-10-01,0,1,82.9
64,T003,2026-10-01,1,0,85.1
64,T003,2026-10-01,1,1,0
65,T003,2026-10-02,0,0,0
65,T003,2026-10-02,0,1,507.3
65,T003,2026-10-02,1,0,480.5
65,T003,2026-10-02,1,1,0
66,T003,2026-10-03,0,0,0
66,T003,2026-10-03,0,1,74.6
66,T003,2026-10-03,1,0,74.6
66,T003,2026-10-03,1,1,0
67,T003,2026-10-04,0,0,0
67,T003,2026-10-04,0,1,554.8
67,T003,2026-10-04,0,2,351.5
67,T003,2026-10-04,0,3,501.6
67,T003,2026-10-04,1,0,555.8
67,T003,2026-10-04,1,1,0
67,T003,2026-10-04,1,2,286.2
67,T003,2026-10-04,1,3,103.2
67,T003,2026-10-04,2,0,348.1
67,T003,2026-10-04,2,1,289.4
67,T003,2026-10-04,2,2,0
67,T003,2026-10-04,2,3,236.2
67,T003,2026-10-04,3,0,502.1
67,T003,2026-10-04,3,1,105.6
67,T003,2026-10-04,3,2,232.5
67,T003,2026-10-04,3,3,0
68,T003,2026-10-05,0,0,0
68,T003,2026-10-05,0,1,18.7
68,T003,2026-10-05,0,2,528
68,T003,2026-10-05,0,3,566.1
68,T003,2026-10-05,1,0,18.7
68,T003,2026-10-05,1,1,0
68,T003,2026-10-05,1,2,509.3
68,T003,2026-10-05,1,3,547.4
68,T003,2026-10-05,2,0,504.4
68,T003,2026-10-05,2,1,485.7
68,T003,2026-10-05,2,2,0
68,T003,2026-10-05,2,3,342.3
68,T003,2026-10-05,3,0,519.7
68,T003,2026-10-05,3,1,501
68,T003,2026-10-05,3,2,322.7
68,T003,2026-10-05,3,3,0
69,T003,2026-10-06,0,0,0
69,T003,2026-10-06,0,1,600
69,T003,2026-10-06,1,0,596.8
69,T003,2026-10-06,1,1,0
70,T003,2026-10-07,0,0,0
70,T003,2026-10-07,0,1,218.1
70,T003,2026-10-07,1,0,215.1
70,T003,2026-10-07,1,1,0
71,T003,2026-10-08,0,0,0
71,T003,2026-10-08,0,1,562.4
71,T003,2026-10-08,1,0,501.5
71,T003,2026-10-08,1,1,0
72,T003,2026-10-09,0,0,0
72,T003,2026-10-09,0,1,603.7
72,T003,2026-10-09,1,0,513.8
72,T003,2026-10-09,1,1,0
73,T003,2026-10-10,0,0,0
73,T003,2026-10-10,0,1,484.3
73,T003,2026-10-10,1,0,428.1
73,T003,2026-10-10,1,1,0
74,T003,2026-10-11,0,0,0
74,T003,2026-10-11,0,1,735.9
74,T003,2026-10-11,0,2,699.3
74,T003,2026-10-11,1,0,738.4
74,T003,2026-10-11,1,1,0
74,T003,2026-10-11,1,2,1057.9
74,T003,2026-10-11,2,0,670.9
74,T003,2026-10-11,2,1,912.8
74,T003,2026-10-11,2,2,0
75,T003,2026-10-12,0,0,0
75,T003,2026-10-12,0,1,596.6
75,T003,2026-10-12,0,2,607.7
75,T003,2026-10-12,1,0,520.9
75,T003,2026-10-12,1,1,0
75,T003,2026-10-12,1,2,405.3
75,T003,2026-10-12,2,0,552.2
75,T003,2026-10-12,2,1,324.1
75,T003,2026-10-12,2,2,0
76,T003,2026-10-13,0,0,0
76,T003,2026-10-13,0,1,173.7
76,T003,2026-10-13,0,2,609.9
76,T003,2026-10-13,1,0,173.7
76,T003,2026-10-13,1,1,0
76,T003,2026-10-13,1,2,461.7
76,T003,2026-10-13,2,0,560.9
76,T003,2026-10-13,2,1,424.6
76,T003,2026-10-13,2,2,0
77,T003,2026-10-14,0,0,0
77,T003,2026-10-14,0,1,667.7
77,T003,2026-10-14,0,2,377
77,T003,2026-10-14,1,0,664.5
77,T003,2026-10-14,1,1,0
77,T003,2026-10-14,1,2,910.6
77,T003,2026-10-14,2,0,372.9
77,T003,2026-10-14,2,1,916.4
77,T003,2026-10-14,2,2,0
78,T003,2026-10-15,0,0,0
78,T003,2026-10-15,0,1,599.8
78,T003,2026-10-15,1,0,599.2
78,T003,2026-10-15,1,1,0
79,T003,2026-10-16,0,0,0
79,T003,2026-10-16,0,1,600.3
79,T003,2026-10-16,0,2,609.3
79,T003,2026-10-16,1,0,517.2
79,T003,2026-10-16,1,1,0
79,T003,2026-10-16,1,2,146
79,T003,2026-10-16,2,0,606.1
79,T003,2026-10-16,2,1,252.1
79,T003,2026-10-16,2,2,0
80,T003,2026-10-17,0,0,0
80,T003,2026-10-17,0,1,592.4
80,T003,2026-10-17,0,2,500.5
80,T003,2026-10-17,1,0,578.4
80,T003,2026-10-17,1,1,0
80,T003,2026-10-17,1,2,138.3
80,T003,2026-10-17,2,0,491.2
80,T003,2026-10-17,2,1,139.4
80,T003,2026-10-17,2,2,0
81,T003,2026-10-18,0,0,0
81,T003,2026-10-18,0,1,344.1
81,T003,2026-10-18,0,2,549.4
81,T003,2026-10-18,1,0,344.1
81,T003,2026-10-18,1,1,0
81,T003,2026-10-18,1,2,263.8
81,T003,2026-10-18,2,0,521.5
81,T003,2026-10-18,2,1,242.5
81,T003,2026-10-18,2,2,0
82,T003,2026-10-19,0,0,0
82,T003,2026-10-19,0,1,616.1
82,T003,2026-10-19,0,2,532.5
82,T003,2026-10-19,1,0,607.7
82,T003,2026-10-19,1,1,0
82,T003,2026-10-19,1,2,614.8
82,T003,2026-10-19,2,0,531.7
82,T003,2026-10-19,2,1,618.6
82,T003,2026-10-19,2,2,0
83,T003,2026-10-20,0,0,0
83,T003,2026-10-20,0,1,405
83,T003,2026-10-20,0,2,653.4
83,T003,2026-10-20,1,0,402.7
83,T003,2026-10-20,1,1,0
83,T003,2026-10-20,1,2,285.8
83,T003,2026-10-20,2,0,650.2
83,T003,2026-10-20,2,1,279
83,T003,2026-10-20,2,2,0
84,T003,2026-10-21,0,0,0
84,T003,2026-10-21,0,1,708.2
84,T003,2026-10-21,0,2,516.1
84,T003,2026-10-21,1,0,707.2
84,T003,2026-10-21,1,1,0
84,T003,2026-10-21,1,2,772.8
84,T003,2026-10-21,2,0,459.2
84,T003,2026-10-21,2,1,767.9
84,T003,2026-10-21,2,2,0
85,T003,2026-10-22,0,0,0
85,T003,2026-10-22,0,1,154.2
85,T003,2026-10-22,0,2,486.2
85,T003,2026-10-22,0,3,439.3
85,T003,2026-10-22,1,0,150.2
85,T003,2026-10-22,1,1,0
85,T003,2026-10-22,1,2,365.8
85,T003,2026-10-22,1,3,298.5
85,T003,2026-10-22,2,0,485.4
85,T003,2026-10-22,2,1,369.2
85,T003,2026-10-22,2,2,0
85,T003,2026-10-22,2,3,523.6
85,T003,2026-10-22,3,0,440
85,T003,2026-10-22,3,1,298.4
85,T003,2026-10-22,3,2,546.6
85,T003,2026-10-22,3,3,0
86,T003,2026-10-23,0,0,0
86,T003,2026-10-23,0,1,490.4
86,T003,2026-10-23,0,2,510.7
86,T003,2026-10-23,0,3,358.1
86,T003,2026-10-23,1,0,428.7
86,T003,2026-10-23,1,1,0
86,T003,2026-10-23,1,2,317.3
86,T003,2026-10-23,1,3,156.2
86,T003,2026-10-23,2,0,599.2
86,T003,2026-10-23,2,1,273.2
86,T003,2026-10-23,2,2,0
86,T003,2026-10-23,2,3,247.5
86,T003,2026-10-23,3,0,351.7
86,T003,2026-10-23,3,1,156.9
86,T003,2026-10-23,3,2,299.8
86,T003,2026-10-23,3,3,0
87,T004,2026-09-28,0,0,0
87,T004,2026-09-28,0,1,684.5
87,T004,2026-09-28,0,2,525.3
87,T004,2026-09-28,0,3,546.5
87,T004,2026-09-28,1,0,673.6
87,T004,2026-09-28,1,1,0
87,T004,2026-09-28,1,2,407.5
87,T004,2026-09-28,1,3,211.9
87,T004,2026-09-28,2,0,517.4
87,T004,2026-09-28,2,1,412.4
87,T004,2026-09-28,2,2,0
87,T004,2026-09-28,2,3,274.4
87,T004,2026-09-28,3,0,537.4
87,T004,2026-09-28,3,1,208.8
87,T004,2026-09-28,3,2,271.3
87,T004,2026-09-28,3,3,0
88,T004,2026-09-29,0,0,0
88,T004,2026-09-29,0,1,497.7
88,T004,2026-09-29,0,2,238.5
88,T004,2026-09-29,0,3,616.9
88,T004,2026-09-29,1,0,612.2
88,T004,2026-09-29,1,1,0
88,T004,2026-09-29,1,2,593.7
88,T004,2026-09-29,1,3,272.8
88,T004,2026-09-29,2,0,239.3
88,T004,2026-09-29,2,1,622.2
88,T004,2026-09-29,2,2,0
88,T004,2026-09-29,2,3,594.2
88,T004,2026-09-29,3,0,588.2
88,T004,2026-09-29,3,1,292.8
88,T004,2026-09-29,3,2,569.7
88,T004,2026-09-29,3,3,0
89,T004,2026-09-30,0,0,0
89,T004,2026-09-30,0,1,493.1
89,T004,2026-09-30,0,2,452
89,T004,2026-09-30,0,3,428.8
89,T004,2026-09-30,1,0,493.4
89,T004,2026-09-30,1,1,0
89,T004,2026-09-30,1,2,653.7
89,T004,2026-09-30,1,3,234
89,T004,2026-09-30,2,0,450.7
89,T004,2026-09-30,2,1,685.3
89,T004,2026-09-30,2,2,0
89,T004,2026-09-30,2,3,478.7
89,T004,2026-09-30,3,0,416.6
89,T004,2026-09-30,3,1,238.3
89,T004,2026-09-30,3,2,443.1
89,T004,2026-09-30,3,3,0
90,T004,2026-10-01,0,0,0
90,T004,2026-10-01,0,1,766.8
90,T004,2026-10-01,0,2,508.1
90,T004,2026-10-01,0,3,218.1
90,T004,2026-10-01,1,0,766.6
90,T004,2026-10-01,1,1,0
90,T004,2026-10-01,1,2,787.5
90,T004,2026-10-01,1,3,984.7
90,T004,2026-10-01,2,0,492.4
90,T004,2026-10-01,2,1,788.2
90,T004,2026-10-01,2,2,0
90,T004,2026-10-01,2,3,453.5
90,T004,2026-10-01,3,0,215.1
90,T004,2026-10-01,3,1,981.9
90,T004,2026-10-01,3,2,461.2
90,T004,2026-10-01,3,3,0
91,T004,2026-10-02,0,0,0
91,T004,2026-10-02,0,1,412.1
91,T004,2026-10-02,0,2,299.5
91,T004,2026-10-02,0,3,172.4
91,T004,2026-10-02,1,0,412.9
91,T004,2026-10-02,1,1,0
91,T004,2026-10-02,1,2,616.6
91,T004,2026-10-02,1,3,240.5
91,T004,2026-10-02,2,0,293.9
91,T004,2026-10-02,2,1,623.9
91,T004,2026-10-02,2,2,0
91,T004,2026-10-02,2,3,466.3
91,T004,2026-10-02,3,0,172.4
91,T004,2026-10-02,3,1,239.7
91,T004,2026-10-02,3,2,471.9
91,T004,2026-10-02,3,3,0
92,T004,2026-10-03,0,0,0
92,T004,2026-10-03,0,1,239
92,T004,2026-10-03,0,2,576.3
92,T004,2026-10-03,0,3,469.2
92,T004,2026-10-03,1,0,239.8
92,T004,2026-10-03,1,1,0
92,T004,2026-10-03,1,2,554.1
92,T004,2026-10-03,1,3,447
92,T004,2026-10-03,2,0,568.4
92,T004,2026-10-03,2,1,550.4
92,T004,2026-10-03,2,2,0
92,T004,2026-10-03,2,3,154.9
92,T004,2026-10-03,3,0,457.8
92,T004,2026-10-03,3,1,439.8
92,T004,2026-10-03,3,2,154.5
92,T004,2026-10-03,3,3,0
93,T004,2026-10-04,0,0,0
93,T004,2026-10-04,0,1,186.1
93,T004,2026-10-04,0,2,661.8
93,T004,2026-10-04,0,3,232.6
93,T004,2026-10-04,1,0,181.5
93,T004,2026-10-04,1,1,0
93,T004,2026-10-04,1,2,843.3
93,T004,2026-10-04,1,3,153.5
93,T004,2026-10-04,2,0,661.6
93,T004,2026-10-04,2,1,847.7
93,T004,2026-10-04,2,2,0
93,T004,2026-10-04,2,3,888.2
93,T004,2026-10-04,3,0,231.7
93,T004,2026-10-04,3,1,154.1
93,T004,2026-10-04,3,2,886.8
93,T004,2026-10-04,3,3,0
94,T004,2026-10-05,0,0,0
94,T004,2026-10-05,0,1,566.3
94,T004,2026-10-05,0,2,153.6
94,T004,2026-10-05,0,3,141.8
94,T004,2026-10-05,1,0,508.8
94,T004,2026-10-05,1,1,0
94,T004,2026-10-05,1,2,398.7
94,T004,2026-10-05,1,3,624.6
94,T004,2026-10-05,2,0,149
94,T004,2026-10-05,2,1,454.7
94,T004,2026-10-05,2,2,0
94,T004,2026-10-05,2,3,290.8
94,T004,2026-10-05,3,0,141.8
94,T004,2026-10-05,3,1,627.9
94,T004,2026-10-05,3,2,295.4
94,T004,2026-10-05,3,3,0
95,T004,2026-10-06,0,0,0
95,T004,2026-10-06,0,1,628.1
95,T004,2026-10-06,0,2,549.2
95,T004,2026-10-06,0,3,220.4
95,T004,2026-10-06,0,4,152.8
95,T004,2026-10-06,1,0,599.5
95,T004,2026-10-06,1,1,0
95,T004,2026-10-06,1,2,441.3
95,T004,2026-10-06,1,3,819.9
95,T004,2026-10-06,1,4,704.1
95,T004,2026-10-06,2,0,545.9
95,T004,2026-10-06,2,1,497.4
95,T004,2026-10-06,2,2,0
95,T004,2026-10-06,2,3,766.3
95,T004,2026-10-06,2,4,650.5
95,T004,2026-10-06,3,0,221.6
95,T004,2026-10-06,3,1,741.4
95,T004,2026-10-06,3,2,770.8
95,T004,2026-10-06,3,3,0
95,T004,2026-10-06,3,4,374.4
95,T004,2026-10-06,4,0,151.8
95,T004,2026-10-06,4,1,756
95,T004,2026-10-06,4,2,649.3
95,T004,2026-10-06,4,3,372.2
95,T004,2026-10-06,4,4,0
96,T004,2026-10-07,0,0,0
96,T004,2026-10-07,0,1,259.9
96,T004,2026-10-07,0,2,271.9
96,T004,2026-10-07,0,3,58.7
96,T004,2026-10-07,0,4,497.2
96,T004,2026-10-07,1,0,256.6
96,T004,2026-10-07,1,1,0
96,T004,2026-10-07,1,2,12
96,T004,2026-10-07,1,3,315.3
96,T004,2026-10-07,1,4,237.3
96,T004,2026-10-07,2,0,268.6
96,T004,2026-10-07,2,1,12
96,T004,2026-10-07,2,2,0
96,T004,2026-10-07,2,3,327.3
96,T004,2026-10-07,2,4,225.3
96,T004,2026-10-07,3,0,55.7
96,T004,2026-10-07,3,1,315.6
96,T004,2026-10-07,3,2,327.6
96,T004,2026-10-07,3,3,0
96,T004,2026-10-07,3,4,552.9
96,T004,2026-10-07,4,0,488
96,T004,2026-10-07,4,1,231.4
96,T004,2026-10-07,4,2,219.4
96,T004,2026-10-07,4,3,546.7
96,T004,2026-10-07,4,4,0
97,T004,2026-10-08,0,0,0
97,T004,2026-10-08,0,1,492.6
97,T004,2026-10-08,0,2,612.5
97,T004,2026-10-08,0,3,519.5
97,T004,2026-10-08,0,4,332
97,T004,2026-10-08,1,0,476.9
97,T004,2026-10-08,1,1,0
97,T004,2026-10-08,1,2,364.4
97,T004,2026-10-08,1,3,95
97,T004,2026-10-08,1,4,381.3
97,T004,2026-10-08,2,0,582.4
97,T004,2026-10-08,2,1,387.7
97,T004,2026-10-08,2,2,0
97,T004,2026-10-08,2,3,373.7
97,T004,2026-10-08,2,4,570.6
97,T004,2026-10-08,3,0,489.8
97,T004,2026-10-08,3,1,94.1
97,T004,2026-10-08,3,2,377.3
97,T004,2026-10-08,3,3,0
97,T004,2026-10-08,3,4,409.5
97,T004,2026-10-08,4,0,332
97,T004,2026-10-08,4,1,377.8
97,T004,2026-10-08,4,2,634.1
97,T004,2026-10-08,4,3,413.5
97,T004,2026-10-08,4,4,0
98,T004,2026-10-09,0,0,0
98,T004,2026-10-09,0,1,183.7
98,T004,2026-10-09,0,2,143.1
98,T004,2026-10-09,0,3,8.8
98,T004,2026-10-09,0,4,438.1
98,T004,2026-10-09,1,0,187.3
98,T004,2026-10-09,1,1,0
98,T004,2026-10-09,1,2,330.4
98,T004,2026-10-09,1,3,178.5
98,T004,2026-10-09,1,4,625.4
98,T004,2026-10-09,2,0,143.1
98,T004,2026-10-09,2,1,326.8
98,T004,2026-10-09,2,2,0
98,T004,2026-10-09,2,3,151.9
98,T004,2026-10-09,2,4,295
98,T004,2026-10-09,3,0,8.8
98,T004,2026-10-09,3,1,174.9
98,T004,2026-10-09,3,2,151.9
98,T004,2026-10-09,3,3,0
98,T004,2026-10-09,3,4,446.9
98,T004,2026-10-09,4,0,437.7
98,T004,2026-10-09,4,1,621.4
98,T004,2026-10-09,4,2,294.6
98,T004,2026-10-09,4,3,446.5
98,T004,2026-10-09,4,4,0
99,T004,2026-10-10,0,0,0
99,T004,2026-10-10,0,1,649.6
99,T004,2026-10-10,0,2,530.1
99,T004,2026-10-10,0,3,50.5
99,T004,2026-10-10,0,4,626.6
99,T004,2026-10-10,1,0,638.2
99,T004,2026-10-10,1,1,0
99,T004,2026-10-10,1,2,260.7
99,T004,2026-10-10,1,3,688.7
99,T004,2026-10-10,1,4,357.2
99,T004,2026-10-10,2,0,522.8
99,T004,2026-10-10,2,1,262.9
99,T004,2026-10-10,2,2,0
99,T004,2026-10-10,2,3,573.3
99,T004,2026-10-10,2,4,124.9
99,T004,2026-10-10,3,0,52.7
99,T004,2026-10-10,3,1,702.3
99,T004,2026-10-10,3,2,582.8
99,T004,2026-10-10,3,3,0
99,T004,2026-10-10,3,4,653.1
99,T004,2026-10-10,4,0,624.1
99,T004,2026-10-10,4,1,364.2
99,T004,2026-10-10,4,2,125
99,T004,2026-10-10,4,3,663.8
99,T004,2026-10-10,4,4,0
100,T004,2026-10-11,0,0,0
100,T004,2026-10-11,0,1,636.8
100,T004,2026-10-11,0,2,479.3
100,T004,2026-10-11,0,3,600
100,T004,2026-10-11,0,4,399.2
100,T004,2026-10-11,1,0,585.4
100,T004,2026-10-11,1,1,0
100,T004,2026-10-11,1,2,593
100,T004,2026-10-11,1,3,348.9
100,T004,2026-10-11,1,4,421.2
100,T004,2026-10-11,2,0,481.2
100,T004,2026-10-11,2,1,622.7
100,T004,2026-10-11,2,2,0
100,T004,2026-10-11,2,3,812.7
100,T004,2026-10-11,2,4,880.4
100,T004,2026-10-11,3,0,596.8
100,T004,2026-10-11,3,1,342.5
100,T004,2026-10-11,3,2,776.2
100,T004,2026-10-11,3,3,0
100,T004,2026-10-11,3,4,288.6
100,T004,2026-10-11,4,0,399.2
100,T004,2026-10-11,4,1,422.6
100,T004,2026-10-11,4,2,878.5
100,T004,2026-10-11,4,3,294.8
100,T004,2026-10-11,4,4,0
101,T004,2026-10-12,0,0,0
101,T004,2026-10-12,0,1,635.9
101,T004,2026-10-12,0,2,624.4
101,T004,2026-10-12,0,3,574.9
101,T004,2026-10-12,0,4,579.3
101,T004,2026-10-12,1,0,605.8
101,T004,2026-10-12,1,1,0
101,T004,2026-10-12,1,2,432.9
101,T004,2026-10-12,1,3,547
101,T004,2026-10-12,1,4,456.9
101,T004,2026-10-12,2,0,595.8
101,T004,2026-10-12,2,1,615
101,T004,2026-10-12,2,2,0
101,T004,2026-10-12,2,3,400.8
101,T004,2026-10-12,2,4,414.9
101,T004,2026-10-12,3,0,563
101,T004,2026-10-12,3,1,520.1
101,T004,2026-10-12,3,2,279.8
101,T004,2026-10-12,3,3,0
101,T004,2026-10-12,3,4,375.5
101,T004,2026-10-12,4,0,550.7
101,T004,2026-10-12,4,1,461.6
101,T004,2026-10-12,4,2,295
101,T004,2026-10-12,4,3,375.4
101,T004,2026-10-12,4,4,0
102,T004,2026-10-13,0,0,0
102,T004,2026-10-13,0,1,572.3
102,T004,2026-10-13,0,2,64.6
102,T004,2026-10-13,0,3,26.4
102,T004,2026-10-13,0,4,563.2
102,T004,2026-10-13,1,0,564.9
102,T004,2026-10-13,1,1,0
102,T004,2026-10-13,1,2,629.5
102,T004,2026-10-13,1,3,591.3
102,T004,2026-10-13,1,4,624.3
102,T004,2026-10-13,2,0,64.5
102,T004,2026-10-13,2,1,636.8
102,T004,2026-10-13,2,2,0
102,T004,2026-10-13,2,3,38.1
102,T004,2026-10-13,2,4,498.6
102,T004,2026-10-13,3,0,26.4
102,T004,2026-10-13,3,1,598.7
102,T004,2026-10-13,3,2,38.2
102,T004,2026-10-13,3,3,0
102,T004,2026-10-13,3,4,536.8
102,T004,2026-10-13,4,0,539.7
102,T004,2026-10-13,4,1,649.6
102,T004,2026-10-13,4,2,475.2
102,T004,2026-10-13,4,3,513.3
102,T004,2026-10-13,4,4,0
103,T004,2026-10-14,0,0,0
103,T004,2026-10-14,0,1,70.4
103,T004,2026-10-14,0,2,280.6
103,T004,2026-10-14,0,3,780.8
103,T004,2026-10-14,0,4,568
103,T004,2026-10-14,1,0,70.4
103,T004,2026-10-14,1,1,0
103,T004,2026-10-14,1,2,244.2
103,T004,2026-10-14,1,3,767
103,T004,2026-10-14,1,4,554.2
103,T004,2026-10-14,2,0,281.4
103,T004,2026-10-14,2,1,249.6
103,T004,2026-10-14,2,2,0
103,T004,2026-10-14,2,3,612.2
103,T004,2026-10-14,2,4,356.4
103,T004,2026-10-14,3,0,669.4
103,T004,2026-10-14,3,1,657.7
103,T004,2026-10-14,3,2,532.5
103,T004,2026-10-14,3,3,0
103,T004,2026-10-14,3,4,278.3
103,T004,2026-10-14,4,0,544.5
103,T004,2026-10-14,4,1,532.8
103,T004,2026-10-14,4,2,365.5
103,T004,2026-10-14,4,3,359.7
103,T004,2026-10-14,4,4,0
104,T004,2026-10-15,0,0,0
104,T004,2026-10-15,0,1,686
104,T004,2026-10-15,0,2,246
104,T004,2026-10-15,0,3,618.2
104,T004,2026-10-15,0,4,375.9
104,T004,2026-10-15,1,0,684.6
104,T004,2026-10-15,1,1,0
104,T004,2026-10-15,1,2,930.6
104,T004,2026-10-15,1,3,615
104,T004,2026-10-15,1,4,747.3
104,T004,2026-10-15,2,0,250.1
104,T004,2026-10-15,2,1,936.1
104,T004,2026-10-15,2,2,0
104,T004,2026-10-15,2,3,760
104,T004,2026-10-15,2,4,517.7
104,T004,2026-10-15,3,0,634
104,T004,2026-10-15,3,1,642.2
104,T004,2026-10-15,3,2,775.9
104,T004,2026-10-15,3,3,0
104,T004,2026-10-15,3,4,307.8
104,T004,2026-10-15,4,0,404.8
104,T004,2026-10-15,4,1,712.7
104,T004,2026-10-15,4,2,546.7
104,T004,2026-10-15,4,3,242.3
104,T004,2026-10-15,4,4,0
105,T004,2026-10-16,0,0,0
105,T004,2026-10-16,0,1,174.9
105,T004,2026-10-16,0,2,708.2
105,T004,2026-10-16,0,3,326.5
105,T004,2026-10-16,1,0,174.9
105,T004,2026-10-16,1,1,0
105,T004,2026-10-16,1,2,533.3
105,T004,2026-10-16,1,3,501.4
105,T004,2026-10-16,2,0,707.2
105,T004,2026-10-16,2,1,532.3
105,T004,2026-10-16,2,2,0
105,T004,2026-10-16,2,3,842.3
105,T004,2026-10-16,3,0,318.3
105,T004,2026-10-16,3,1,493.2
105,T004,2026-10-16,3,2,845.6
105,T004,2026-10-16,3,3,0
