group_index,team_id,schedule_date,from_node_index,to_node_index,distance_m
1,T001,2026-09-28,0,0,0
1,T001,2026-09-28,0,1,4184.5
1,T001,2026-09-28,0,2,1966.6
1,T001,2026-09-28,1,0,4181.6
1,T001,2026-09-28,1,1,0
1,T001,2026-09-28,1,2,8108.9
1,T001,2026-09-28,2,0,1966.6
1,T001,2026-09-28,2,1,8134.9
1,T001,2026-09-28,2,2,0
2,T001,2026-09-29,0,0,0
2,T001,2026-09-29,0,1,5743.6
2,T001,2026-09-29,1,0,6834.2
2,T001,2026-09-29,1,1,0
3,T001,2026-09-30,0,0,0
3,T001,2026-09-30,0,1,3623.6
3,T001,2026-09-30,1,0,3296.2
3,T001,2026-09-30,1,1,0
4,T001,2026-10-01,0,0,0
4,T001,2026-10-01,0,1,1843.3
4,T001,2026-10-01,1,0,1843.3
4,T001,2026-10-01,1,1,0
5,T001,2026-10-02,0,0,0
5,T001,2026-10-02,0,1,3885.8
5,T001,2026-10-02,1,0,3885.8
5,T001,2026-10-02,1,1,0
6,T001,2026-10-03,0,0,0
6,T001,2026-10-03,0,1,7437.8
6,T001,2026-10-03,0,2,1212.4
6,T001,2026-10-03,0,3,6162.7
6,T001,2026-10-03,1,0,7392.6
6,T001,2026-10-03,1,1,0
6,T001,2026-10-03,1,2,6180.2
6,T001,2026-10-03,1,3,5661.7
6,T001,2026-10-03,2,0,1212.4
6,T001,2026-10-03,2,1,6225.4
6,T001,2026-10-03,2,2,0
6,T001,2026-10-03,2,3,4950.3
6,T001,2026-10-03,3,0,6162.7
6,T001,2026-10-03,3,1,5706.9
6,T001,2026-10-03,3,2,4950.3
6,T001,2026-10-03,3,3,0
7,T001,2026-10-04,0,0,0
7,T001,2026-10-04,0,1,4965.5
7,T001,2026-10-04,1,0,4114.7
7,T001,2026-10-04,1,1,0
8,T001,2026-10-05,0,0,0
8,T001,2026-10-05,0,1,4056.2
8,T001,2026-10-05,0,2,4364.9
8,T001,2026-10-05,0,3,1781.4
8,T001,2026-10-05,0,4,5946.6
8,T001,2026-10-05,1,0,4056.2
8,T001,2026-10-05,1,1,0
8,T001,2026-10-05,1,2,8569.7
8,T001,2026-10-05,1,3,5837.7
8,T001,2026-10-05,1,4,2109.3
8,T001,2026-10-05,2,0,4363.7
8,T001,2026-10-05,2,1,8466.2
8,T001,2026-10-05,2,2,0
8,T001,2026-10-05,2,3,4193.7
8,T001,2026-10-05,2,4,10575.4
8,T001,2026-10-05,3,0,1781.4
8,T001,2026-10-05,3,1,5837.7
8,T001,2026-10-05,3,2,4194.9
8,T001,2026-10-05,3,3,0
8,T001,2026-10-05,3,4,7728
8,T001,2026-10-05,4,0,5946.6
8,T001,2026-10-05,4,1,2109.3
8,T001,2026-10-05,4,2,10679
8,T001,2026-10-05,4,3,7728
8,T001,2026-10-05,4,4,0
9,T001,2026-10-06,0,0,0
9,T001,2026-10-06,0,1,4704.1
9,T001,2026-10-06,0,2,1411.8
9,T001,2026-10-06,0,3,2291.4
9,T001,2026-10-06,0,4,6341.6
9,T001,2026-10-06,1,0,4704.1
9,T001,2026-10-06,1,1,0
9,T001,2026-10-06,1,2,4764.2
9,T001,2026-10-06,1,3,5044.1
9,T001,2026-10-06,1,4,8520.2
9,T001,2026-10-06,2,0,1411.8
9,T001,2026-10-06,2,1,4764.2
9,T001,2026-10-06,2,2,0
9,T001,2026-10-06,2,3,2469.4
9,T001,2026-10-06,2,4,6519.5
9,T001,2026-10-06,3,0,2291.4
9,T001,2026-10-06,3,1,5044.1
9,T001,2026-10-06,3,2,2469.4
9,T001,2026-10-06,3,3,0
9,T001,2026-10-06,3,4,5922.4
9,T001,2026-10-06,4,0,8200.4
9,T001,2026-10-06,4,1,8940.6
9,T001,2026-10-06,4,2,9612.2
9,T001,2026-10-06,4,3,8508.2
9,T001,2026-10-06,4,4,0
10,T001,2026-10-07,0,0,0
10,T001,2026-10-07,0,1,4430.9
10,T001,2026-10-07,0,2,4266.4
10,T001,2026-10-07,0,3,6054.8
10,T001,2026-10-07,1,0,4462.2
10,T001,2026-10-07,1,1,0
10,T001,2026-10-07,1,2,4180.1
10,T001,2026-10-07,1,3,14503.3
10,T001,2026-10-07,2,0,4257.9
10,T001,2026-10-07,2,1,4155.4
10,T001,2026-10-07,2,2,0
10,T001,2026-10-07,2,3,8293.9
10,T001,2026-10-07,3,0,6054.8
10,T001,2026-10-07,3,1,13053.2
10,T001,2026-10-07,3,2,8361.7
10,T001,2026-10-07,3,3,0
11,T001,2026-10-08,0,0,0
11,T001,2026-10-08,0,1,7282.8
11,T001,2026-10-08,0,2,1194.1
11,T001,2026-10-08,0,3,41
11,T001,2026-10-08,0,4,2754.1
11,T001,2026-10-08,1,0,7237.6
11,T001,2026-10-08,1,1,0
11,T001,2026-10-08,1,2,6770.4
11,T001,2026-10-08,1,3,7278.6
11,T001,2026-10-08,1,4,5989.3
11,T001,2026-10-08,2,0,1194.1
11,T001,2026-10-08,2,1,6721.6
11,T001,2026-10-08,2,2,0
11,T001,2026-10-08,2,3,1153.2
11,T001,2026-10-08,2,4,1560
11,T001,2026-10-08,3,0,41
11,T001,2026-10-08,3,1,7323.8
11,T001,2026-10-08,3,2,1153.2
11,T001,2026-10-08,3,3,0
11,T001,2026-10-08,3,4,2713.1
11,T001,2026-10-08,4,0,2626.3
11,T001,2026-10-08,4,1,8105.8
11,T001,2026-10-08,4,2,1432.2
11,T001,2026-10-08,4,3,2585.3
11,T001,2026-10-08,4,4,0
12,T001,2026-10-09,0,0,0
12,T001,2026-10-09,0,1,2979.8
12,T001,2026-10-09,0,2,4808.5
12,T001,2026-10-09,0,3,7986.2
12,T001,2026-10-09,1,0,2979.8
12,T001,2026-10-09,1,1,0
12,T001,2026-10-09,1,2,5836.9
12,T001,2026-10-09,1,3,6853.7
12,T001,2026-10-09,2,0,4807.2
12,T001,2026-10-09,2,1,5835.6
12,T001,2026-10-09,2,2,0
12,T001,2026-10-09,2,3,5181.8
12,T001,2026-10-09,3,0,7941
12,T001,2026-10-09,3,1,6853
12,T001,2026-10-09,3,2,5184
12,T001,2026-10-09,3,3,0
13,T001,2026-10-10,0,0,0
13,T001,2026-10-10,0,1,1645.3
13,T001,2026-10-10,0,2,4804.6
13,T001,2026-10-10,0,3,7164.4
13,T001,2026-10-10,1,0,1645.3
13,T001,2026-10-10,1,1,0
13,T001,2026-10-10,1,2,8834.7
13,T001,2026-10-10,1,3,5519.1
13,T001,2026-10-10,2,0,4804
13,T001,2026-10-10,2,1,8769.6
13,T001,2026-10-10,2,2,0
13,T001,2026-10-10,2,3,1856.1
13,T001,2026-10-10,3,0,7119.2
13,T001,2026-10-10,3,1,5473.9
13,T001,2026-10-10,3,2,1856.1
13,T001,2026-10-10,3,3,0
14,T001,2026-10-11,0,0,0
14,T001,2026-10-11,0,1,4188.6
14,T001,2026-10-11,0,2,757.6
14,T001,2026-10-11,0,3,1441.9
14,T001,2026-10-11,0,4,5349
14,T001,2026-10-11,1,0,4187.4
14,T001,2026-10-11,1,1,0
14,T001,2026-10-11,1,2,4945
14,T001,2026-10-11,1,3,4395.5
14,T001,2026-10-11,1,4,9931.4
14,T001,2026-10-11,2,0,757.6
14,T001,2026-10-11,2,1,4946.3
14,T001,2026-10-11,2,2,0
14,T001,2026-10-11,2,3,2199.5
14,T001,2026-10-11,2,4,5610.6
14,T001,2026-10-11,3,0,1441.9
14,T001,2026-10-11,3,1,4396.7
14,T001,2026-10-11,3,2,2199.5
14,T001,2026-10-11,3,3,0
14,T001,2026-10-11,3,4,6790.9
14,T001,2026-10-11,4,0,5349
14,T001,2026-10-11,4,1,10035
14,T001,2026-10-11,4,2,5610.6
14,T001,2026-10-11,4,3,6790.9
14,T001,2026-10-11,4,4,0
15,T001,2026-10-12,0,0,0
15,T001,2026-10-12,0,1,2568.9
15,T001,2026-10-12,0,2,6997
15,T001,2026-10-12,1,0,2568.9
15,T001,2026-10-12,1,1,0
15,T001,2026-10-12,1,2,8277
15,T001,2026-10-12,2,0,6690.3
15,T001,2026-10-12,2,1,7307.8
15,T001,2026-10-12,2,2,0
16,T001,2026-10-13,0,0,0
16,T001,2026-10-13,0,1,1860.6
16,T001,2026-10-13,0,2,3084.3
16,T001,2026-10-13,1,0,1860.6
16,T001,2026-10-13,1,1,0
16,T001,2026-10-13,1,2,4944.9
16,T001,2026-10-13,2,0,3075.8
16,T001,2026-10-13,2,1,4936.4
16,T001,2026-10-13,2,2,0
17,T001,2026-10-14,0,0,0
17,T001,2026-10-14,0,1,5153.9
17,T001,2026-10-14,0,2,7029.7
17,T001,2026-10-14,1,0,5153.9
17,T001,2026-10-14,1,1,0
17,T001,2026-10-14,1,2,4327.8
17,T001,2026-10-14,2,0,6657.7
17,T001,2026-10-14,2,1,7090.3
17,T001,2026-10-14,2,2,0
18,T001,2026-10-15,0,0,0
18,T001,2026-10-15,0,1,4550.5
18,T001,2026-10-15,0,2,3069.6
18,T001,2026-10-15,1,0,4550.5
18,T001,2026-10-15,1,1,0
18,T001,2026-10-15,1,2,7915.5
18,T001,2026-10-15,2,0,3061.1
18,T001,2026-10-15,2,1,10016.4
18,T001,2026-10-15,2,2,0
19,T001,2026-10-16,0,0,0
19,T001,2026-10-16,0,1,4220.3
19,T001,2026-10-16,0,2,1621
19,T001,2026-10-16,1,0,4211.9
19,T001,2026-10-16,1,1,0
19,T001,2026-10-16,1,2,3060.8
19,T001,2026-10-16,2,0,1621
19,T001,2026-10-16,2,1,3069.2
19,T001,2026-10-16,2,2,0
20,T001,2026-10-17,0,0,0
20,T001,2026-10-17,0,1,5106.9
20,T001,2026-10-17,0,2,1402.4
20,T001,2026-10-17,1,0,5106.2
20,T001,2026-10-17,1,1,0
20,T001,2026-10-17,1,2,6663.2
20,T001,2026-10-17,2,0,1402.4
20,T001,2026-10-17,2,1,6708.4
20,T001,2026-10-17,2,2,0
21,T001,2026-10-18,0,0,0
21,T001,2026-10-18,0,1,5569.2
21,T001,2026-10-18,0,2,3856.4
21,T001,2026-10-18,1,0,5546.7
21,T001,2026-10-18,1,1,0
21,T001,2026-10-18,1,2,6927.6
21,T001,2026-10-18,2,0,3712.4
21,T001,2026-10-18,2,1,9585.8
21,T001,2026-10-18,2,2,0
22,T001,2026-10-19,0,0,0
22,T001,2026-10-19,0,1,4989
22,T001,2026-10-19,0,2,3270.1
22,T001,2026-10-19,1,0,4989
22,T001,2026-10-19,1,1,0
22,T001,2026-10-19,1,2,9299.5
22,T001,2026-10-19,2,0,3261.6
22,T001,2026-10-19,2,1,11400.4
22,T001,2026-10-19,2,2,0
23,T001,2026-10-20,0,0,0
23,T001,2026-10-20,0,1,6040.6
23,T001,2026-10-20,0,2,5059
23,T001,2026-10-20,1,0,6040.6
23,T001,2026-10-20,1,1,0
23,T001,2026-10-20,1,2,7275.8
23,T001,2026-10-20,2,0,5056.2
23,T001,2026-10-20,2,1,5359.7
23,T001,2026-10-20,2,2,0
24,T001,2026-10-21,0,0,0
24,T001,2026-10-21,0,1,1733.7
24,T001,2026-10-21,0,2,6162.7
24,T001,2026-10-21,1,0,1733.7
24,T001,2026-10-21,1,1,0
24,T001,2026-10-21,1,2,6837.3
24,T001,2026-10-21,2,0,6162.7
24,T001,2026-10-21,2,1,6837.3
24,T001,2026-10-21,2,2,0
25,T001,2026-10-22,0,0,0
25,T001,2026-10-22,0,1,3680.3
25,T001,2026-10-22,0,2,2530.9
25,T001,2026-10-22,1,0,3679.7
25,T001,2026-10-22,1,1,0
25,T001,2026-10-22,1,2,2504.7
25,T001,2026-10-22,2,0,2530.9
25,T001,2026-10-22,2,1,1887
25,T001,2026-10-22,2,2,0
26,T001,2026-10-23,0,0,0
26,T001,2026-10-23,0,1,4193.3
26,T001,2026-10-23,0,2,4890.6
26,T001,2026-10-23,1,0,4192
26,T001,2026-10-23,1,1,0
26,T001,2026-10-23,1,2,8371.7
26,T001,2026-10-23,2,0,4893.6
26,T001,2026-10-23,2,1,8489.4
26,T001,2026-10-23,2,2,0
27,T001,2026-10-24,0,0,0
27,T001,2026-10-24,0,1,5084.6
27,T001,2026-10-24,0,2,1139.9
27,T001,2026-10-24,1,0,5081.8
27,T001,2026-10-24,1,1,0
27,T001,2026-10-24,1,2,3941.9
27,T001,2026-10-24,2,0,1139.9
27,T001,2026-10-24,2,1,3944.7
27,T001,2026-10-24,2,2,0
28,T001,2026-10-25,0,0,0
28,T001,2026-10-25,0,1,5243.8
28,T001,2026-10-25,0,2,445.6
28,T001,2026-10-25,1,0,5243.8
28,T001,2026-10-25,1,1,0
28,T001,2026-10-25,1,2,5236.5
28,T001,2026-10-25,2,0,445.6
28,T001,2026-10-25,2,1,5236.5
28,T001,2026-10-25,2,2,0
29,T001,2026-10-26,0,0,0
29,T001,2026-10-26,0,1,6523.9
29,T001,2026-10-26,0,2,1474.7
29,T001,2026-10-26,0,3,6671.9
29,T001,2026-10-26,1,0,6585.2
29,T001,2026-10-26,1,1,0
29,T001,2026-10-26,1,2,6826.1
29,T001,2026-10-26,1,3,5521.7
29,T001,2026-10-26,2,0,1474.7
29,T001,2026-10-26,2,1,6764.8
29,T001,2026-10-26,2,2,0
29,T001,2026-10-26,2,3,8146.6
29,T001,2026-10-26,3,0,6582.6
29,T001,2026-10-26,3,1,5163.3
29,T001,2026-10-26,3,2,8057.4
29,T001,2026-10-26,3,3,0
30,T001,2026-10-27,0,0,0
30,T001,2026-10-27,0,1,4021.2
30,T001,2026-10-27,0,2,4846.7
30,T001,2026-10-27,0,3,7443.9
30,T001,2026-10-27,1,0,4020.6
30,T001,2026-10-27,1,1,0
30,T001,2026-10-27,1,2,3418.2
30,T001,2026-10-27,1,3,2385
30,T001,2026-10-27,2,0,4845.4
30,T001,2026-10-27,2,1,3415.9
30,T001,2026-10-27,2,2,0
30,T001,2026-10-27,2,3,6729
30,T001,2026-10-27,3,0,7398.7
30,T001,2026-10-27,3,1,2412.1
30,T001,2026-10-27,3,2,6816.9
30,T001,2026-10-27,3,3,0
31,T002,2026-09-28,0,0,0
31,T002,2026-09-28,0,1,5376.3
31,T002,2026-09-28,0,2,7258.6
31,T002,2026-09-28,1,0,5375.6
31,T002,2026-09-28,1,1,0
31,T002,2026-09-28,1,2,10985.1
31,T002,2026-09-28,2,0,6314.1
31,T002,2026-09-28,2,1,8585.8
31,T002,2026-09-28,2,2,0
32,T002,2026-09-29,0,0,0
32,T002,2026-09-29,0,1,1612.9
32,T002,2026-09-29,1,0,1612.9
32,T002,2026-09-29,1,1,0
33,T002,2026-09-30,0,0,0
33,T002,2026-09-30,0,1,5212
33,T002,2026-09-30,1,0,5203.5
33,T002,2026-09-30,1,1,0
34,T002,2026-10-01,0,0,0
34,T002,2026-10-01,0,1,5738.3
34,T002,2026-10-01,1,0,6573
34,T002,2026-10-01,1,1,0
35,T002,2026-10-02,0,0,0
35,T002,2026-10-02,0,1,4073.4
35,T002,2026-10-02,1,0,4072.7
35,T002,2026-10-02,1,1,0
36,T002,2026-10-03,0,0,0
36,T002,2026-10-03,0,1,6070.3
36,T002,2026-10-03,0,2,2190.8
36,T002,2026-10-03,1,0,6070.3
36,T002,2026-10-03,1,1,0
36,T002,2026-10-03,1,2,10166.8
36,T002,2026-10-03,2,0,2190.8
36,T002,2026-10-03,2,1,10102.3
36,T002,2026-10-03,2,2,0
37,T002,2026-10-04,0,0,0
37,T002,2026-10-04,0,1,1656
37,T002,2026-10-04,1,0,1656
37,T002,2026-10-04,1,1,0
38,T002,2026-10-05,0,0,0
38,T002,2026-10-05,0,1,6007.6
38,T002,2026-10-05,1,0,6007.6
38,T002,2026-10-05,1,1,0
39,T002,2026-10-06,0,0,0
39,T002,2026-10-06,0,1,4473.2
39,T002,2026-10-06,0,2,2799.2
39,T002,2026-10-06,0,3,4915.4
39,T002,2026-10-06,1,0,4583
39,T002,2026-10-06,1,1,0
39,T002,2026-10-06,1,2,7382.2
39,T002,2026-10-06,1,3,9353.3
39,T002,2026-10-06,2,0,2799.2
39,T002,2026-10-06,2,1,7272.4
39,T002,2026-10-06,2,2,0
39,T002,2026-10-06,2,3,6363
39,T002,2026-10-06,3,0,4915.4
39,T002,2026-10-06,3,1,11333.2
39,T002,2026-10-06,3,2,6363
39,T002,2026-10-06,3,3,0
40,T002,2026-10-07,0,0,0
40,T002,2026-10-07,0,1,4420.3
40,T002,2026-10-07,0,2,7677.5
40,T002,2026-10-07,1,0,4419
40,T002,2026-10-07,1,1,0
40,T002,2026-10-07,1,2,7032.5
40,T002,2026-10-07,2,0,7632.3
40,T002,2026-10-07,2,1,7120.5
40,T002,2026-10-07,2,2,0
41,T002,2026-10-08,0,0,0
41,T002,2026-10-08,0,1,7139.2
41,T002,2026-10-08,1,0,6433.5
41,T002,2026-10-08,1,1,0
42,T002,2026-10-09,0,0,0
42,T002,2026-10-09,0,1,1510.1
42,T002,2026-10-09,0,2,2741.1
42,T002,2026-10-09,1,0,1510.1
42,T002,2026-10-09,1,1,0
42,T002,2026-10-09,1,2,4251.2
42,T002,2026-10-09,2,0,2741.1
42,T002,2026-10-09,2,1,4251.2
42,T002,2026-10-09,2,2,0
43,T002,2026-10-10,0,0,0
43,T002,2026-10-10,0,1,2897
43,T002,2026-10-10,0,2,1441.9
43,T002,2026-10-10,1,0,2835.2
43,T002,2026-10-10,1,1,0
43,T002,2026-10-10,1,2,3043.3
43,T002,2026-10-10,2,0,1441.9
43,T002,2026-10-10,2,1,3105.1
43,T002,2026-10-10,2,2,0
44,T002,2026-10-11,0,0,0
44,T002,2026-10-11,0,1,372.2
44,T002,2026-10-11,0,2,5029
44,T002,2026-10-11,0,3,2698.7
44,T002,2026-10-11,1,0,372.2
44,T002,2026-10-11,1,1,0
44,T002,2026-10-11,1,2,4905.2
44,T002,2026-10-11,1,3,3071
44,T002,2026-10-11,2,0,5029
44,T002,2026-10-11,2,1,4905.2
44,T002,2026-10-11,2,2,0
44,T002,2026-10-11,2,3,8984.7
44,T002,2026-10-11,3,0,2637
44,T002,2026-10-11,3,1,3009.2
44,T002,2026-10-11,3,2,11098.8
44,T002,2026-10-11,3,3,0
45,T002,2026-10-12,0,0,0
45,T002,2026-10-12,0,1,4732.7
45,T002,2026-10-12,0,2,5375.9
45,T002,2026-10-12,0,3,4614.6
45,T002,2026-10-12,1,0,4724.2
45,T002,2026-10-12,1,1,0
45,T002,2026-10-12,1,2,6630.3
45,T002,2026-10-12,1,3,11485.5
45,T002,2026-10-12,2,0,5736.4
45,T002,2026-10-12,2,1,5082.1
45,T002,2026-10-12,2,2,0
45,T002,2026-10-12,2,3,5810.6
45,T002,2026-10-12,3,0,4614.6
45,T002,2026-10-12,3,1,10237.2
45,T002,2026-10-12,3,2,5155.1
45,T002,2026-10-12,3,3,0
46,T002,2026-10-13,0,0,0
46,T002,2026-10-13,0,1,3720.1
46,T002,2026-10-13,0,2,3865.8
46,T002,2026-10-13,1,0,3711.6
46,T002,2026-10-13,1,1,0
46,T002,2026-10-13,1,2,2207.2
46,T002,2026-10-13,2,0,3864.5
46,T002,2026-10-13,2,1,2197.7
46,T002,2026-10-13,2,2,0
47,T002,2026-10-14,0,0,0
47,T002,2026-10-14,0,1,6756.6
47,T002,2026-10-14,0,2,2354.1
47,T002,2026-10-14,0,3,5473
47,T002,2026-10-14,1,0,6817.9
47,T002,2026-10-14,1,1,0
47,T002,2026-10-14,1,2,5342.5
47,T002,2026-10-14,1,3,13026.7
47,T002,2026-10-14,2,0,2442.1
47,T002,2026-10-14,2,1,5145.6
47,T002,2026-10-14,2,2,0
47,T002,2026-10-14,2,3,6681.3
47,T002,2026-10-14,3,0,5473
47,T002,2026-10-14,3,1,11612.7
47,T002,2026-10-14,3,2,6593.3
47,T002,2026-10-14,3,3,0
48,T002,2026-10-15,0,0,0
48,T002,2026-10-15,0,1,4988.1
48,T002,2026-10-15,0,2,7248
48,T002,2026-10-15,1,0,4986.8
48,T002,2026-10-15,1,1,0
48,T002,2026-10-15,1,2,4140.5
48,T002,2026-10-15,2,0,6837.2
48,T002,2026-10-15,2,1,3721
48,T002,2026-10-15,2,2,0
49,T002,2026-10-16,0,0,0
49,T002,2026-10-16,0,1,5074.7
49,T002,2026-10-16,0,2,4701.8
49,T002,2026-10-16,1,0,5073.5
49,T002,2026-10-16,1,1,0
49,T002,2026-10-16,1,2,4324.6
49,T002,2026-10-16,2,0,4701.2
49,T002,2026-10-16,2,1,4326.8
49,T002,2026-10-16,2,2,0
50,T002,2026-10-17,0,0,0
50,T002,2026-10-17,0,1,3975.3
50,T002,2026-10-17,0,2,2218.5
50,T002,2026-10-17,1,0,3975.3
50,T002,2026-10-17,1,1,0
50,T002,2026-10-17,1,2,6193.7
50,T002,2026-10-17,2,0,2218.5
50,T002,2026-10-17,2,1,6193.7
50,T002,2026-10-17,2,2,0
51,T002,2026-10-18,0,0,0
51,T002,2026-10-18,0,1,3025.5
51,T002,2026-10-18,1,0,3025.5
51,T002,2026-10-18,1,1,0
52,T002,2026-10-19,0,0,0
52,T002,2026-10-19,0,1,4823.6
52,T002,2026-10-19,0,2,4386
52,T002,2026-10-19,1,0,4815.1
52,T002,2026-10-19,1,1,0
52,T002,2026-10-19,1,2,7967.3
52,T002,2026-10-19,2,0,4386
52,T002,2026-10-19,2,1,8928.1
52,T002,2026-10-19,2,2,0
53,T002,2026-10-20,0,0,0
53,T002,2026-10-20,0,1,847.2
53,T002,2026-10-20,0,2,2129.5
53,T002,2026-10-20,1,0,847.2
53,T002,2026-10-20,1,1,0
53,T002,2026-10-20,1,2,2976.7
53,T002,2026-10-20,2,0,2129.5
53,T002,2026-10-20,2,1,2976.7
53,T002,2026-10-20,2,2,0
54,T002,2026-10-21,0,0,0
54,T002,2026-10-21,0,1,3648.3
54,T002,2026-10-21,0,2,4043
54,T002,2026-10-21,0,3,4969
54,T002,2026-10-21,1,0,3555.7
54,T002,2026-10-21,1,1,0
54,T002,2026-10-21,1,2,897.4
54,T002,2026-10-21,1,3,2251.1
54,T002,2026-10-21,2,0,4052.7
54,T002,2026-10-21,2,1,897.4
54,T002,2026-10-21,2,2,0
54,T002,2026-10-21,2,3,2769.4
54,T002,2026-10-21,3,0,5000.3
54,T002,2026-10-21,3,1,2283.1
54,T002,2026-10-21,3,2,2790.4
54,T002,2026-10-21,3,3,0
55,T002,2026-10-22,0,0,0
55,T002,2026-10-22,0,1,618.6
55,T002,2026-10-22,0,2,4153.5
55,T002,2026-10-22,0,3,2666.6
55,T002,2026-10-22,1,0,618.6
55,T002,2026-10-22,1,1,0
55,T002,2026-10-22,1,2,4772.1
55,T002,2026-10-22,1,3,2789.1
55,T002,2026-10-22,2,0,4414.5
55,T002,2026-10-22,2,1,5033.1
55,T002,2026-10-22,2,2,0
55,T002,2026-10-22,2,3,6802.8
55,T002,2026-10-22,3,0,2666.6
55,T002,2026-10-22,3,1,2789.1
55,T002,2026-10-22,3,2,6902.9
55,T002,2026-10-22,3,3,0
56,T002,2026-10-23,0,0,0
56,T002,2026-10-23,0,1,1484
56,T002,2026-10-23,0,2,4309.5
56,T002,2026-10-23,0,3,5553.3
56,T002,2026-10-23,1,0,1484
56,T002,2026-10-23,1,1,0
56,T002,2026-10-23,1,2,3645.9
56,T002,2026-10-23,1,3,5803.4
56,T002,2026-10-23,2,0,4301
56,T002,2026-10-23,2,1,3637.4
56,T002,2026-10-23,2,2,0
56,T002,2026-10-23,2,3,8559.5
56,T002,2026-10-23,3,0,5553.3
56,T002,2026-10-23,3,1,5803.4
56,T002,2026-10-23,3,2,8627.3
56,T002,2026-10-23,3,3,0
57,T002,2026-10-24,0,0,0
57,T002,2026-10-24,0,1,2935.6
57,T002,2026-10-24,0,2,4555.6
57,T002,2026-10-24,0,3,4182.3
57,T002,2026-10-24,1,0,2935.6
57,T002,2026-10-24,1,1,0
57,T002,2026-10-24,1,2,2598.7
57,T002,2026-10-24,1,3,2225.4
57,T002,2026-10-24,2,0,4554.4
57,T002,2026-10-24,2,1,2575.9
57,T002,2026-10-24,2,2,0
57,T002,2026-10-24,2,3,548.7
57,T002,2026-10-24,3,0,4181.1
57,T002,2026-10-24,3,1,2202.6
57,T002,2026-10-24,3,2,548.7
57,T002,2026-10-24,3,3,0
58,T002,2026-10-25,0,0,0
58,T002,2026-10-25,0,1,3885.8
58,T002,2026-10-25,0,2,5055.5
58,T002,2026-10-25,0,3,4038.8
58,T002,2026-10-25,1,0,3885.8
58,T002,2026-10-25,1,1,0
58,T002,2026-10-25,1,2,8941.3
58,T002,2026-10-25,1,3,4599.3
58,T002,2026-10-25,2,0,5055.5
58,T002,2026-10-25,2,1,8941.3
58,T002,2026-10-25,2,2,0
58,T002,2026-10-25,2,3,7446.8
58,T002,2026-10-25,3,0,4036
58,T002,2026-10-25,3,1,4592
58,T002,2026-10-25,3,2,7420.9
58,T002,2026-10-25,3,3,0
59,T002,2026-10-26,0,0,0
59,T002,2026-10-26,0,1,5775
59,T002,2026-10-26,0,2,4519.3
59,T002,2026-10-26,0,3,8082.9
59,T002,2026-10-26,1,0,4696.5
59,T002,2026-10-26,1,1,0
59,T002,2026-10-26,1,2,4682.4
59,T002,2026-10-26,1,3,10824.5
59,T002,2026-10-26,2,0,4571.8
59,T002,2026-10-26,2,1,4728.3
59,T002,2026-10-26,2,2,0
59,T002,2026-10-26,2,3,4749.1
59,T002,2026-10-26,3,0,5604.5
59,T002,2026-10-26,3,1,5518.3
59,T002,2026-10-26,3,2,1610.8
59,T002,2026-10-26,3,3,0
60,T002,2026-10-27,0,0,0
60,T002,2026-10-27,0,1,4590.3
60,T002,2026-10-27,1,0,4590.3
60,T002,2026-10-27,1,1,0
61,T003,2026-09-28,0,0,0
61,T003,2026-09-28,0,1,4296.1
61,T003,2026-09-28,1,0,4293.3
61,T003,2026-09-28,1,1,0
62,T003,2026-09-29,0,0,0
62,T003,2026-09-29,0,1,4179.8
62,T003,2026-09-29,1,0,4179.8
62,T003,2026-09-29,1,1,0
63,T003,2026-09-30,0,0,0
63,T003,2026-09-30,0,1,3723.3
63,T003,2026-09-30,1,0,3722.6
63,T003,2026-09-30,1,1,0
64,T003,2026-10-01,0,0,0
64,T003,2026-10-01,0,1,634.2
64,T003,2026-10-01,1,0,634.2
64,T003,2026-10-01,1,1,0
65,T003,2026-10-02,0,0,0
65,T003,2026-10-02,0,1,3983.1
65,T003,2026-10-02,1,0,3974.7
65,T003,2026-10-02,1,1,0
66,T003,2026-10-03,0,0,0
66,T003,2026-10-03,0,1,825.9
66,T003,2026-10-03,1,0,825.9
66,T003,2026-10-03,1,1,0
67,T003,2026-10-04,0,0,0
67,T003,2026-10-04,0,1,5206.1
67,T003,2026-10-04,0,2,3019.1
67,T003,2026-10-04,0,3,4869.3
67,T003,2026-10-04,1,0,5206.1
67,T003,2026-10-04,1,1,0
67,T003,2026-10-04,1,2,2509.6
67,T003,2026-10-04,1,3,635.5
67,T003,2026-10-04,2,0,3019.1
67,T003,2026-10-04,2,1,2509.6
67,T003,2026-10-04,2,2,0
67,T003,2026-10-04,2,3,2172.8
67,T003,2026-10-04,3,0,4869.3
67,T003,2026-10-04,3,1,635.5
67,T003,2026-10-04,3,2,2172.8
67,T003,2026-10-04,3,3,0
68,T003,2026-10-05,0,0,0
68,T003,2026-10-05,0,1,208.4
68,T003,2026-10-05,0,2,4132.2
68,T003,2026-10-05,0,3,6043.4
68,T003,2026-10-05,1,0,208.4
68,T003,2026-10-05,1,1,0
68,T003,2026-10-05,1,2,3923.8
68,T003,2026-10-05,1,3,5835
68,T003,2026-10-05,2,0,4123.7
68,T003,2026-10-05,2,1,3915.3
68,T003,2026-10-05,2,2,0
68,T003,2026-10-05,2,3,4797
68,T003,2026-10-05,3,0,6153.5
68,T003,2026-10-05,3,1,5945.1
68,T003,2026-10-05,3,2,4898.8
68,T003,2026-10-05,3,3,0
69,T003,2026-10-06,0,0,0
69,T003,2026-10-06,0,1,7230.8
69,T003,2026-10-06,1,0,7185.6
69,T003,2026-10-06,1,1,0
70,T003,2026-10-07,0,0,0
70,T003,2026-10-07,0,1,1319.6
70,T003,2026-10-07,1,0,1319.6
70,T003,2026-10-07,1,1,0
71,T003,2026-10-08,0,0,0
71,T003,2026-10-08,0,1,4786.3
71,T003,2026-10-08,1,0,4785.1
71,T003,2026-10-08,1,1,0
72,T003,2026-10-09,0,0,0
72,T003,2026-10-09,0,1,6557.5
72,T003,2026-10-09,1,0,7065.4
72,T003,2026-10-09,1,1,0
73,T003,2026-10-10,0,0,0
73,T003,2026-10-10,0,1,3432
73,T003,2026-10-10,1,0,3433
73,T003,2026-10-10,1,1,0
74,T003,2026-10-11,0,0,0
74,T003,2026-10-11,0,1,6162.7
74,T003,2026-10-11,0,2,5756.7
74,T003,2026-10-11,1,0,6162.7
74,T003,2026-10-11,1,1,0
74,T003,2026-10-11,1,2,14376.9
74,T003,2026-10-11,2,0,8226.6
74,T003,2026-10-11,2,1,12173.9
74,T003,2026-10-11,2,2,0
75,T003,2026-10-12,0,0,0
75,T003,2026-10-12,0,1,6388.8
75,T003,2026-10-12,0,2,5291.8
75,T003,2026-10-12,1,0,7234.1
75,T003,2026-10-12,1,1,0
75,T003,2026-10-12,1,2,7097.4
75,T003,2026-10-12,2,0,5290.5
75,T003,2026-10-12,2,1,5486
75,T003,2026-10-12,2,2,0
76,T003,2026-10-13,0,0,0
76,T003,2026-10-13,0,1,1927.2
76,T003,2026-10-13,0,2,6049.1
76,T003,2026-10-13,1,0,1927.2
76,T003,2026-10-13,1,1,0
76,T003,2026-10-13,1,2,7292.8
76,T003,2026-10-13,2,0,5388.8
76,T003,2026-10-13,2,1,6612.7
76,T003,2026-10-13,2,2,0
77,T003,2026-10-14,0,0,0
77,T003,2026-10-14,0,1,5839.3
77,T003,2026-10-14,0,2,3452.4
77,T003,2026-10-14,1,0,5839.3
77,T003,2026-10-14,1,1,0
77,T003,2026-10-14,1,2,7940.1
77,T003,2026-10-14,2,0,3452.4
77,T003,2026-10-14,2,1,7940.1
77,T003,2026-10-14,2,2,0
78,T003,2026-10-15,0,0,0
78,T003,2026-10-15,0,1,4615.7
78,T003,2026-10-15,1,0,5205.5
78,T003,2026-10-15,1,1,0
79,T003,2026-10-16,0,0,0
79,T003,2026-10-16,0,1,6476.6
79,T003,2026-10-16,0,2,7295.3
79,T003,2026-10-16,1,0,7146.3
79,T003,2026-10-16,1,1,0
79,T003,2026-10-16,1,2,1451.6
79,T003,2026-10-16,2,0,7250.1
79,T003,2026-10-16,2,1,3965.2
79,T003,2026-10-16,2,2,0
80,T003,2026-10-17,0,0,0
80,T003,2026-10-17,0,1,5928
80,T003,2026-10-17,0,2,4396.5
80,T003,2026-10-17,1,0,5509.8
80,T003,2026-10-17,1,1,0
80,T003,2026-10-17,1,2,1393.4
80,T003,2026-10-17,2,0,4449
80,T003,2026-10-17,2,1,1809
80,T003,2026-10-17,2,2,0
81,T003,2026-10-18,0,0,0
81,T003,2026-10-18,0,1,2461
81,T003,2026-10-18,0,2,4377.7
81,T003,2026-10-18,1,0,2461
81,T003,2026-10-18,1,1,0
81,T003,2026-10-18,1,2,2294.4
81,T003,2026-10-18,2,0,4369.3
81,T003,2026-10-18,2,1,2286
81,T003,2026-10-18,2,2,0
82,T003,2026-10-19,0,0,0
82,T003,2026-10-19,0,1,5323.2
82,T003,2026-10-19,0,2,4141.3
82,T003,2026-10-19,1,0,5323.2
82,T003,2026-10-19,1,1,0
82,T003,2026-10-19,1,2,6841.6
82,T003,2026-10-19,2,0,4140.6
82,T003,2026-10-19,2,1,6808.5
82,T003,2026-10-19,2,2,0
83,T003,2026-10-20,0,0,0
83,T003,2026-10-20,0,1,4358.2
83,T003,2026-10-20,0,2,7600.6
83,T003,2026-10-20,1,0,4358.2
83,T003,2026-10-20,1,1,0
83,T003,2026-10-20,1,2,3357.9
83,T003,2026-10-20,2,0,7555.4
83,T003,2026-10-20,2,1,3312.7
83,T003,2026-10-20,2,2,0
84,T003,2026-10-21,0,0,0
84,T003,2026-10-21,0,1,5349.5
84,T003,2026-10-21,0,2,4452.4
84,T003,2026-10-21,1,0,5374.9
84,T003,2026-10-21,1,1,0
84,T003,2026-10-21,1,2,9999.8
84,T003,2026-10-21,2,0,4451.2
84,T003,2026-10-21,2,1,9870.7
84,T003,2026-10-21,2,2,0
85,T003,2026-10-22,0,0,0
85,T003,2026-10-22,0,1,1221.8
85,T003,2026-10-22,0,2,3971.1
85,T003,2026-10-22,0,3,3982.6
85,T003,2026-10-22,1,0,1179.3
85,T003,2026-10-22,1,1,0
85,T003,2026-10-22,1,2,3056.3
85,T003,2026-10-22,1,3,2945.9
85,T003,2026-10-22,2,0,3970.4
85,T003,2026-10-22,2,1,3055.7
85,T003,2026-10-22,2,2,0
85,T003,2026-10-22,2,3,4916.5
85,T003,2026-10-22,3,0,3982.6
85,T003,2026-10-22,3,1,2945.9
85,T003,2026-10-22,3,2,4923.8
85,T003,2026-10-22,3,3,0
86,T003,2026-10-23,0,0,0
86,T003,2026-10-23,0,1,3980.4
86,T003,2026-10-23,0,2,7009.1
86,T003,2026-10-23,0,3,2753.2
86,T003,2026-10-23,1,0,3979.1
86,T003,2026-10-23,1,1,0
86,T003,2026-10-23,1,2,6785.9
86,T003,2026-10-23,1,3,2140.8
86,T003,2026-10-23,2,0,6678.3
86,T003,2026-10-23,2,1,5831.7
86,T003,2026-10-23,2,2,0
86,T003,2026-10-23,2,3,3925.1
86,T003,2026-10-23,3,0,2753.2
86,T003,2026-10-23,3,1,2143.7
86,T003,2026-10-23,3,2,4918.3
86,T003,2026-10-23,3,3,0
87,T004,2026-09-28,0,0,0
87,T004,2026-09-28,0,1,5542.8
87,T004,2026-09-28,0,2,4394.7
87,T004,2026-09-28,0,3,4565.4
87,T004,2026-09-28,1,0,5542.2
87,T004,2026-09-28,1,1,0
87,T004,2026-09-28,1,2,3571.2
87,T004,2026-09-28,1,3,1438.9
87,T004,2026-09-28,2,0,4151.9
87,T004,2026-09-28,2,1,3571.2
87,T004,2026-09-28,2,2,0
87,T004,2026-09-28,2,3,2593.8
87,T004,2026-09-28,3,0,4575.2
87,T004,2026-09-28,3,1,1438.9
87,T004,2026-09-28,3,2,2604.2
87,T004,2026-09-28,3,3,0
88,T004,2026-09-29,0,0,0
88,T004,2026-09-29,0,1,6703.2
88,T004,2026-09-29,0,2,2123.2
88,T004,2026-09-29,0,3,4581.4
88,T004,2026-09-29,1,0,6984.2
88,T004,2026-09-29,1,1,0
88,T004,2026-09-29,1,2,7155.9
88,T004,2026-09-29,1,3,3754.3
88,T004,2026-09-29,2,0,2123.2
88,T004,2026-09-29,2,1,7537.4
88,T004,2026-09-29,2,2,0
88,T004,2026-09-29,2,3,4753.2
88,T004,2026-09-29,3,0,4591.2
88,T004,2026-09-29,3,1,4174.2
88,T004,2026-09-29,3,2,4762.9
88,T004,2026-09-29,3,3,0
89,T004,2026-09-30,0,0,0
89,T004,2026-09-30,0,1,6560.2
89,T004,2026-09-30,0,2,4257.4
89,T004,2026-09-30,0,3,3463.8
89,T004,2026-09-30,1,0,6544.5
89,T004,2026-09-30,1,1,0
89,T004,2026-09-30,1,2,7797.4
89,T004,2026-09-30,1,3,3832.8
89,T004,2026-09-30,2,0,4257.4
89,T004,2026-09-30,2,1,10008.4
89,T004,2026-09-30,2,2,0
89,T004,2026-09-30,2,3,4333.5
89,T004,2026-09-30,3,0,3463.1
89,T004,2026-09-30,3,1,3877.8
89,T004,2026-09-30,3,2,4326.2
89,T004,2026-09-30,3,3,0
90,T004,2026-10-01,0,0,0
90,T004,2026-10-01,0,1,6295.4
90,T004,2026-10-01,0,2,4307.4
90,T004,2026-10-01,0,3,1319.6
90,T004,2026-10-01,1,0,6295.4
90,T004,2026-10-01,1,1,0
90,T004,2026-10-01,1,2,8804.8
90,T004,2026-10-01,1,3,7615
90,T004,2026-10-01,2,0,4304.6
90,T004,2026-10-01,2,1,8778.9
90,T004,2026-10-01,2,2,0
90,T004,2026-10-01,2,3,3672.7
90,T004,2026-10-01,3,0,1319.6
90,T004,2026-10-01,3,1,7615
90,T004,2026-10-01,3,2,3675.6
90,T004,2026-10-01,3,3,0
91,T004,2026-10-02,0,0,0
91,T004,2026-10-02,0,1,4137.4
91,T004,2026-10-02,0,2,2128.8
91,T004,2026-10-02,0,3,1911.9
91,T004,2026-10-02,1,0,4137.4
91,T004,2026-10-02,1,1,0
91,T004,2026-10-02,1,2,8364.3
91,T004,2026-10-02,1,3,2225.5
91,T004,2026-10-02,2,0,2128.8
91,T004,2026-10-02,2,1,8299.8
91,T004,2026-10-02,2,2,0
91,T004,2026-10-02,2,3,4040.7
91,T004,2026-10-02,3,0,1911.9
91,T004,2026-10-02,3,1,2225.5
91,T004,2026-10-02,3,2,4040.7
91,T004,2026-10-02,3,3,0
92,T004,2026-10-03,0,0,0
92,T004,2026-10-03,0,1,2129.5
92,T004,2026-10-03,0,2,4768.4
92,T004,2026-10-03,0,3,3940
92,T004,2026-10-03,1,0,2129.5
92,T004,2026-10-03,1,1,0
92,T004,2026-10-03,1,2,4946.5
92,T004,2026-10-03,1,3,4118.1
92,T004,2026-10-03,2,0,4767.8
92,T004,2026-10-03,2,1,4945.8
92,T004,2026-10-03,2,2,0
92,T004,2026-10-03,2,3,1095.8
92,T004,2026-10-03,3,0,3939.4
92,T004,2026-10-03,3,1,4117.4
92,T004,2026-10-03,3,2,1095.8
92,T004,2026-10-03,3,3,0
93,T004,2026-10-04,0,0,0
93,T004,2026-10-04,0,1,1414.9
93,T004,2026-10-04,0,2,5857.8
93,T004,2026-10-04,0,3,1702.7
93,T004,2026-10-04,1,0,1414.9
93,T004,2026-10-04,1,1,0
93,T004,2026-10-04,1,2,7272.8
93,T004,2026-10-04,1,3,970
93,T004,2026-10-04,2,0,5857.8
93,T004,2026-10-04,2,1,7272.8
93,T004,2026-10-04,2,2,0
93,T004,2026-10-04,2,3,10180.4
93,T004,2026-10-04,3,0,1702.7
93,T004,2026-10-04,3,1,970
93,T004,2026-10-04,3,2,10115.9
93,T004,2026-10-04,3,3,0
94,T004,2026-10-05,0,0,0
94,T004,2026-10-05,0,1,5222.5
94,T004,2026-10-05,0,2,1188.8
94,T004,2026-10-05,0,3,1571.9
94,T004,2026-10-05,1,0,5221.2
94,T004,2026-10-05,1,1,0
94,T004,2026-10-05,1,2,4262.5
94,T004,2026-10-05,1,3,10241.7
94,T004,2026-10-05,2,0,1188.8
94,T004,2026-10-05,2,1,4263.7
94,T004,2026-10-05,2,2,0
94,T004,2026-10-05,2,3,2760.7
94,T004,2026-10-05,3,0,1571.9
94,T004,2026-10-05,3,1,10345.3
94,T004,2026-10-05,3,2,2760.7
94,T004,2026-10-05,3,3,0
95,T004,2026-10-06,0,0,0
95,T004,2026-10-06,0,1,6092.2
95,T004,2026-10-06,0,2,5248.4
95,T004,2026-10-06,0,3,1474.7
95,T004,2026-10-06,0,4,1083.3
95,T004,2026-10-06,1,0,7951.1
95,T004,2026-10-06,1,1,0
95,T004,2026-10-06,1,2,5305.9
95,T004,2026-10-06,1,3,9425.8
95,T004,2026-10-06,1,4,8538.4
95,T004,2026-10-06,2,0,5248.4
95,T004,2026-10-06,2,1,6646
95,T004,2026-10-06,2,2,0
95,T004,2026-10-06,2,3,6723.1
95,T004,2026-10-06,2,4,5835.6
95,T004,2026-10-06,3,0,1474.7
95,T004,2026-10-06,3,1,6333.2
95,T004,2026-10-06,3,2,6723.1
95,T004,2026-10-06,3,3,0
95,T004,2026-10-06,3,4,2558
95,T004,2026-10-06,4,0,1083.3
95,T004,2026-10-06,4,1,9878.5
95,T004,2026-10-06,4,2,5835.6
95,T004,2026-10-06,4,3,2558
95,T004,2026-10-06,4,4,0
96,T004,2026-10-07,0,0,0
96,T004,2026-10-07,0,1,1903.9
96,T004,2026-10-07,0,2,1983.8
96,T004,2026-10-07,0,3,445.6
96,T004,2026-10-07,0,4,4200
96,T004,2026-10-07,1,0,1903.9
96,T004,2026-10-07,1,1,0
96,T004,2026-10-07,1,2,80
96,T004,2026-10-07,1,3,2349.5
96,T004,2026-10-07,1,4,2296.1
96,T004,2026-10-07,2,0,1983.8
96,T004,2026-10-07,2,1,80
96,T004,2026-10-07,2,2,0
96,T004,2026-10-07,2,3,2429.4
96,T004,2026-10-07,2,4,2216.2
96,T004,2026-10-07,3,0,445.6
96,T004,2026-10-07,3,1,2349.5
96,T004,2026-10-07,3,2,2429.4
96,T004,2026-10-07,3,3,0
96,T004,2026-10-07,3,4,4645.6
96,T004,2026-10-07,4,0,4199.3
96,T004,2026-10-07,4,1,2295.5
96,T004,2026-10-07,4,2,2215.5
96,T004,2026-10-07,4,3,4645
96,T004,2026-10-07,4,4,0
97,T004,2026-10-08,0,0,0
97,T004,2026-10-08,0,1,4199.9
97,T004,2026-10-08,0,2,5049.4
97,T004,2026-10-08,0,3,3956.3
97,T004,2026-10-08,0,4,3685.7
97,T004,2026-10-08,1,0,4197.1
97,T004,2026-10-08,1,1,0
97,T004,2026-10-08,1,2,3859.6
97,T004,2026-10-08,1,3,552.1
97,T004,2026-10-08,1,4,6583.8
97,T004,2026-10-08,2,0,5040.9
97,T004,2026-10-08,2,1,3866.9
97,T004,2026-10-08,2,2,0
97,T004,2026-10-08,2,3,3627.1
97,T004,2026-10-08,2,4,10501.1
97,T004,2026-10-08,3,0,3966.1
97,T004,2026-10-08,3,1,552.1
97,T004,2026-10-08,3,2,3628.5
97,T004,2026-10-08,3,3,0
97,T004,2026-10-08,3,4,6648.9
97,T004,2026-10-08,4,0,3685.7
97,T004,2026-10-08,4,1,6609.8
97,T004,2026-10-08,4,2,12065.4
97,T004,2026-10-08,4,3,6674.9
97,T004,2026-10-08,4,4,0
98,T004,2026-10-09,0,0,0
98,T004,2026-10-09,0,1,1420
98,T004,2026-10-09,0,2,1585.9
98,T004,2026-10-09,0,3,98.4
98,T004,2026-10-09,0,4,4599.1
98,T004,2026-10-09,1,0,1420
98,T004,2026-10-09,1,1,0
98,T004,2026-10-09,1,2,3006
98,T004,2026-10-09,1,3,1321.6
98,T004,2026-10-09,1,4,6019.1
98,T004,2026-10-09,2,0,1585.9
98,T004,2026-10-09,2,1,3006
98,T004,2026-10-09,2,2,0
98,T004,2026-10-09,2,3,1684.3
98,T004,2026-10-09,2,4,3013.2
98,T004,2026-10-09,3,0,98.4
98,T004,2026-10-09,3,1,1321.6
98,T004,2026-10-09,3,2,1684.3
98,T004,2026-10-09,3,3,0
98,T004,2026-10-09,3,4,4697.5
98,T004,2026-10-09,4,0,4599.1
98,T004,2026-10-09,4,1,6019.1
98,T004,2026-10-09,4,2,3013.2
98,T004,2026-10-09,4,3,4697.5
98,T004,2026-10-09,4,4,0
99,T004,2026-10-10,0,0,0
99,T004,2026-10-10,0,1,5256.4
99,T004,2026-10-10,0,2,4928.7
99,T004,2026-10-10,0,3,409.5
99,T004,2026-10-10,0,4,6101.1
99,T004,2026-10-10,1,0,5255.7
99,T004,2026-10-10,1,1,0
99,T004,2026-10-10,1,2,2172.5
99,T004,2026-10-10,1,3,5665.2
99,T004,2026-10-10,1,4,3344.9
99,T004,2026-10-10,2,0,4960.1
99,T004,2026-10-10,2,1,2204.5
99,T004,2026-10-10,2,2,0
99,T004,2026-10-10,2,3,5369.5
99,T004,2026-10-10,2,4,1302.9
99,T004,2026-10-10,3,0,409.5
99,T004,2026-10-10,3,1,5665.9
99,T004,2026-10-10,3,2,5338.2
99,T004,2026-10-10,3,3,0
99,T004,2026-10-10,3,4,9185.4
99,T004,2026-10-10,4,0,5816.5
99,T004,2026-10-10,4,1,3060.9
99,T004,2026-10-10,4,2,986.9
99,T004,2026-10-10,4,3,8881
99,T004,2026-10-10,4,4,0
100,T004,2026-10-11,0,0,0
100,T004,2026-10-11,0,1,6320.8
100,T004,2026-10-11,0,2,4433.7
100,T004,2026-10-11,0,3,7230.8
100,T004,2026-10-11,0,4,4248.6
100,T004,2026-10-11,1,0,6382.1
100,T004,2026-10-11,1,1,0
100,T004,2026-10-11,1,2,6583
100,T004,2026-10-11,1,3,4715
100,T004,2026-10-11,1,4,6829.1
100,T004,2026-10-11,2,0,4433.7
100,T004,2026-10-11,2,1,6530
100,T004,2026-10-11,2,2,0
100,T004,2026-10-11,2,3,10825.7
100,T004,2026-10-11,2,4,8682.3
100,T004,2026-10-11,3,0,7185.6
100,T004,2026-10-11,3,1,4691.7
100,T004,2026-10-11,3,2,8709.2
100,T004,2026-10-11,3,3,0
100,T004,2026-10-11,3,4,3540.6
100,T004,2026-10-11,4,0,4248.6
100,T004,2026-10-11,4,1,6821.5
100,T004,2026-10-11,4,2,8682.3
100,T004,2026-10-11,4,3,3585.8
100,T004,2026-10-11,4,4,0
101,T004,2026-10-12,0,0,0
101,T004,2026-10-12,0,1,5212
101,T004,2026-10-12,0,2,6076.8
101,T004,2026-10-12,0,3,4774.5
101,T004,2026-10-12,0,4,4320
101,T004,2026-10-12,1,0,5203.5
101,T004,2026-10-12,1,1,0
101,T004,2026-10-12,1,2,6803.3
101,T004,2026-10-12,1,3,5444.7
101,T004,2026-10-12,1,4,4153.4
101,T004,2026-10-12,2,0,7935.7
101,T004,2026-10-12,2,1,10889
101,T004,2026-10-12,2,2,0
101,T004,2026-10-12,2,3,5425.2
101,T004,2026-10-12,2,4,5588.7
101,T004,2026-10-12,3,0,4773.8
101,T004,2026-10-12,3,1,5437.4
101,T004,2026-10-12,3,2,2838.7
101,T004,2026-10-12,3,3,0
101,T004,2026-10-12,3,4,3644.8
101,T004,2026-10-12,4,0,4329.8
101,T004,2026-10-12,4,1,4154.9
101,T004,2026-10-12,4,2,3041.4
101,T004,2026-10-12,4,3,3262.2
101,T004,2026-10-12,4,4,0
102,T004,2026-10-13,0,0,0
102,T004,2026-10-13,0,1,6671.9
102,T004,2026-10-13,0,2,633.4
102,T004,2026-10-13,0,3,293.3
102,T004,2026-10-13,0,4,4259.1
102,T004,2026-10-13,1,0,6582.6
102,T004,2026-10-13,1,1,0
102,T004,2026-10-13,1,2,7216
102,T004,2026-10-13,1,3,6876
102,T004,2026-10-13,1,4,7461.2
102,T004,2026-10-13,2,0,633.4
102,T004,2026-10-13,2,1,7305.2
102,T004,2026-10-13,2,2,0
102,T004,2026-10-13,2,3,340
102,T004,2026-10-13,2,4,3625.8
102,T004,2026-10-13,3,0,293.3
102,T004,2026-10-13,3,1,6965.2
102,T004,2026-10-13,3,2,340
102,T004,2026-10-13,3,3,0
102,T004,2026-10-13,3,4,3965.8
102,T004,2026-10-13,4,0,4250.7
102,T004,2026-10-13,4,1,9912.7
102,T004,2026-10-13,4,2,3617.3
102,T004,2026-10-13,4,3,3957.3
102,T004,2026-10-13,4,4,0
103,T004,2026-10-14,0,0,0
103,T004,2026-10-14,0,1,782.6
103,T004,2026-10-14,0,2,2590.9
103,T004,2026-10-14,0,3,7382
103,T004,2026-10-14,0,4,4291.8
103,T004,2026-10-14,1,0,782.6
103,T004,2026-10-14,1,1,0
103,T004,2026-10-14,1,2,2196.4
103,T004,2026-10-14,1,3,7105.3
103,T004,2026-10-14,1,4,4015.1
103,T004,2026-10-14,2,0,2590.9
103,T004,2026-10-14,2,1,2196.4
103,T004,2026-10-14,2,2,0
103,T004,2026-10-14,2,3,6642.2
103,T004,2026-10-14,2,4,3144.4
103,T004,2026-10-14,3,0,6190.8
103,T004,2026-10-14,3,1,5914.1
103,T004,2026-10-14,3,2,5459.5
103,T004,2026-10-14,3,3,0
103,T004,2026-10-14,3,4,2817.6
103,T004,2026-10-14,4,0,4283.3
103,T004,2026-10-14,4,1,4006.6
103,T004,2026-10-14,4,2,3144.3
103,T004,2026-10-14,4,3,4000.3
103,T004,2026-10-14,4,4,0
104,T004,2026-10-15,0,0,0
104,T004,2026-10-15,0,1,5280.9
104,T004,2026-10-15,0,2,2000.4
104,T004,2026-10-15,0,3,5857.7
104,T004,2026-10-15,0,4,2951
104,T004,2026-10-15,1,0,5280.9
104,T004,2026-10-15,1,1,0
104,T004,2026-10-15,1,2,7281.2
104,T004,2026-10-15,1,3,6453.5
104,T004,2026-10-15,1,4,8476.1
104,T004,2026-10-15,2,0,2000.4
104,T004,2026-10-15,2,1,7281.2
104,T004,2026-10-15,2,2,0
104,T004,2026-10-15,2,3,6624.3
104,T004,2026-10-15,2,4,3717.6
104,T004,2026-10-15,3,0,5682.1
104,T004,2026-10-15,3,1,6974.5
104,T004,2026-10-15,3,2,6448.7
104,T004,2026-10-15,3,3,0
104,T004,2026-10-15,3,4,3048
104,T004,2026-10-15,4,0,3259.9
104,T004,2026-10-15,4,1,8096.9
104,T004,2026-10-15,4,2,4026.4
104,T004,2026-10-15,4,3,2906.7
104,T004,2026-10-15,4,4,0
105,T004,2026-10-16,0,0,0
105,T004,2026-10-16,0,1,1940.2
105,T004,2026-10-16,0,2,5349.5
105,T004,2026-10-16,0,3,2373.8
105,T004,2026-10-16,1,0,1940.2
105,T004,2026-10-16,1,1,0
105,T004,2026-10-16,1,2,3409.2
105,T004,2026-10-16,1,3,4314
105,T004,2026-10-16,2,0,5374.9
105,T004,2026-10-16,2,1,3434.7
105,T004,2026-10-16,2,2,0
105,T004,2026-10-16,2,3,9194.6
105,T004,2026-10-16,3,0,2373.8
105,T004,2026-10-16,3,1,4314
105,T004,2026-10-16,3,2,9104.7
105,T004,2026-10-16,3,3,0
