group_index,team_id,schedule_date,node_index,node_type,node_id,job_id,latitude,longitude
1,T001,2026-09-28,0,DEPOT,D001,,18.729411,73.699489
1,T001,2026-09-28,1,JOB,76,76,18.726137,73.672496
1,T001,2026-09-28,2,JOB,321,321,18.713971,73.695705
2,T001,2026-09-29,0,DEPOT,D001,,18.729411,73.699489
2,T001,2026-09-29,1,JOB,11,11,18.719262,73.664837
3,T001,2026-09-30,0,DEPOT,D001,,18.729411,73.699489
3,T001,2026-09-30,1,JOB,92,92,18.734711,73.6725
4,T001,2026-10-01,0,DEPOT,D001,,18.729411,73.699489
4,T001,2026-10-01,1,JOB,408,408,18.736685,73.687945
5,T001,2026-10-02,0,DEPOT,D001,,18.729411,73.699489
5,T001,2026-10-02,1,JOB,252,252,18.743836,73.692451
6,T001,2026-10-03,0,DEPOT,D001,,18.729411,73.699489
6,T001,2026-10-03,1,JOB,25,25,18.710346,73.688156
6,T001,2026-10-03,2,JOB,70,70,18.720577,73.697461
6,T001,2026-10-03,3,JOB,154,154,18.713807,73.705051
7,T001,2026-10-04,0,DEPOT,D001,,18.729411,73.699489
7,T001,2026-10-04,1,JOB,347,347,18.74234,73.679605
8,T001,2026-10-05,0,DEPOT,D001,,18.729411,73.699489
8,T001,2026-10-05,1,JOB,31,31,18.700823,73.707249
8,T001,2026-10-05,2,JOB,388,388,18.734758,73.663541
8,T001,2026-10-05,3,JOB,169,169,18.74267,73.695497
8,T001,2026-10-05,4,JOB,349,349,18.711956,73.710104
9,T001,2026-10-06,0,DEPOT,D001,,18.729411,73.699489
9,T001,2026-10-06,1,JOB,202,202,18.747017,73.683807
9,T001,2026-10-06,2,JOB,487,487,18.741241,73.702786
9,T001,2026-10-06,3,JOB,181,181,18.743123,73.690776
9,T001,2026-10-06,4,JOB,481,481,18.710476,73.684758
10,T001,2026-10-07,0,DEPOT,D001,,18.729411,73.699489
10,T001,2026-10-07,1,JOB,409,409,18.719144,73.681534
10,T001,2026-10-07,2,JOB,136,136,18.741266,73.66995
10,T001,2026-10-07,3,JOB,26,26,18.748202,73.705266
11,T001,2026-10-08,0,DEPOT,D001,,18.729411,73.699489
11,T001,2026-10-08,1,JOB,328,328,18.70937,73.687442
11,T001,2026-10-08,2,JOB,214,214,18.734994,73.691938
11,T001,2026-10-08,3,JOB,40,40,18.729828,73.699809
11,T001,2026-10-08,4,JOB,355,355,18.733856,73.678655
12,T001,2026-10-09,0,DEPOT,D001,,18.729411,73.699489
12,T001,2026-10-09,1,JOB,124,124,18.74699,73.696762
12,T001,2026-10-09,2,JOB,205,205,18.732646,73.658627
12,T001,2026-10-09,3,JOB,424,424,18.712375,73.694069
13,T001,2026-10-10,0,DEPOT,D001,,18.729411,73.699489
13,T001,2026-10-10,1,JOB,55,55,18.716675,73.696687
13,T001,2026-10-10,2,JOB,152,152,18.720076,73.691013
13,T001,2026-10-10,3,JOB,463,463,18.706996,73.690635
14,T001,2026-10-11,0,DEPOT,D001,,18.729411,73.699489
14,T001,2026-10-11,1,JOB,418,418,18.735617,73.6656
14,T001,2026-10-11,2,JOB,370,370,18.728417,73.692983
14,T001,2026-10-11,3,JOB,316,316,18.74364,73.706013
14,T001,2026-10-11,4,JOB,343,343,18.706066,73.70975
15,T001,2026-10-12,0,DEPOT,D001,,18.729411,73.699489
15,T001,2026-10-12,1,JOB,217,217,18.746813,73.703666
15,T001,2026-10-12,2,JOB,110,110,18.705887,73.684354
16,T001,2026-10-13,0,DEPOT,D001,,18.729411,73.699489
16,T001,2026-10-13,1,JOB,164,164,18.714268,73.701396
16,T001,2026-10-13,2,JOB,350,350,18.736736,73.676131
17,T001,2026-10-14,0,DEPOT,D001,,18.729411,73.699489
17,T001,2026-10-14,1,JOB,185,185,18.709222,73.705618
17,T001,2026-10-14,2,JOB,50,50,18.705376,73.683264
18,T001,2026-10-15,0,DEPOT,D001,,18.729411,73.699489
18,T001,2026-10-15,1,JOB,277,277,18.69802,73.70995
18,T001,2026-10-15,2,JOB,65,65,18.736449,73.677324
19,T001,2026-10-16,0,DEPOT,D001,,18.729411,73.699489
19,T001,2026-10-16,1,JOB,466,466,18.744007,73.673671
19,T001,2026-10-16,2,JOB,425,425,18.732505,73.690148
20,T001,2026-10-17,0,DEPOT,D001,,18.729411,73.699489
20,T001,2026-10-17,1,JOB,461,461,18.716401,73.688861
20,T001,2026-10-17,2,JOB,457,457,18.719411,73.701194
21,T001,2026-10-18,0,DEPOT,D001,,18.729411,73.699489
21,T001,2026-10-18,1,JOB,365,365,18.700704,73.696903
21,T001,2026-10-18,2,JOB,313,313,18.737786,73.670608
22,T001,2026-10-19,0,DEPOT,D001,,18.729411,73.699489
22,T001,2026-10-19,1,JOB,10,10,18.708357,73.704338
22,T001,2026-10-19,2,JOB,377,377,18.737665,73.674577
23,T001,2026-10-20,0,DEPOT,D001,,18.729411,73.699489
23,T001,2026-10-20,1,JOB,416,416,18.749503,73.677009
23,T001,2026-10-20,2,JOB,346,346,18.72277,73.666863
24,T001,2026-10-21,0,DEPOT,D001,,18.729411,73.699489
24,T001,2026-10-21,1,JOB,253,253,18.732826,73.70326
24,T001,2026-10-21,2,JOB,314,314,18.711431,73.705318
25,T001,2026-10-22,0,DEPOT,D001,,18.729411,73.699489
25,T001,2026-10-22,1,JOB,34,34,18.724295,73.678754
25,T001,2026-10-22,2,JOB,260,260,18.735682,73.681755
26,T001,2026-10-23,0,DEPOT,D001,,18.729411,73.699489
26,T001,2026-10-23,1,JOB,305,305,18.732865,73.663938
26,T001,2026-10-23,2,JOB,146,146,18.699035,73.702324
27,T001,2026-10-24,0,DEPOT,D001,,18.729411,73.699489
27,T001,2026-10-24,1,JOB,335,335,18.723714,73.675482
27,T001,2026-10-24,2,JOB,61,61,18.734918,73.69246
28,T001,2026-10-25,0,DEPOT,D001,,18.729411,73.699489
28,T001,2026-10-25,1,JOB,440,440,18.709747,73.706284
28,T001,2026-10-25,2,JOB,32,32,18.72794,73.701457
29,T001,2026-10-26,0,DEPOT,D001,,18.729411,73.699489
29,T001,2026-10-26,1,JOB,304,304,18.726263,73.655896
29,T001,2026-10-26,2,JOB,259,259,18.73777,73.705226
29,T001,2026-10-26,3,JOB,376,376,18.705033,73.694657
30,T001,2026-10-27,0,DEPOT,D001,,18.729411,73.699489
30,T001,2026-10-27,1,JOB,298,298,18.721417,73.680125
30,T001,2026-10-27,2,JOB,460,460,18.732962,73.658433
30,T001,2026-10-27,3,JOB,130,130,18.710461,73.688789
31,T002,2026-09-28,0,DEPOT,D001,,18.729411,73.699489
31,T002,2026-09-28,1,JOB,280,280,18.715782,73.687706
31,T002,2026-09-28,2,JOB,367,367,18.748322,73.671046
32,T002,2026-09-29,0,DEPOT,D001,,18.729411,73.699489
32,T002,2026-09-29,1,JOB,331,331,18.734042,73.691523
33,T002,2026-09-30,0,DEPOT,D001,,18.729411,73.699489
33,T002,2026-09-30,1,JOB,179,179,18.744382,73.663693
34,T002,2026-10-01,0,DEPOT,D001,,18.729411,73.699489
34,T002,2026-10-01,1,JOB,413,413,18.722609,73.66348
35,T002,2026-10-02,0,DEPOT,D001,,18.729411,73.699489
35,T002,2026-10-02,1,JOB,311,311,18.72078,73.684391
36,T002,2026-10-03,0,DEPOT,D001,,18.729411,73.699489
36,T002,2026-10-03,1,JOB,262,262,18.712541,73.710954
36,T002,2026-10-03,2,JOB,485,485,18.727475,73.688187
37,T002,2026-10-04,0,DEPOT,D001,,18.729411,73.699489
37,T002,2026-10-04,1,JOB,188,188,18.732166,73.690273
38,T002,2026-10-05,0,DEPOT,D001,,18.729411,73.699489
38,T002,2026-10-05,1,JOB,86,86,18.714932,73.707336
39,T002,2026-10-06,0,DEPOT,D001,,18.729411,73.699489
39,T002,2026-10-06,1,JOB,391,391,18.69875,73.70526
39,T002,2026-10-06,2,JOB,121,121,18.719882,73.70536
39,T002,2026-10-06,3,JOB,67,67,18.742105,73.682827
40,T002,2026-10-07,0,DEPOT,D001,,18.729411,73.699489
40,T002,2026-10-07,1,JOB,8,8,18.731086,73.664227
40,T002,2026-10-07,2,JOB,490,490,18.709493,73.694733
41,T002,2026-10-08,0,DEPOT,D001,,18.729411,73.699489
41,T002,2026-10-08,1,JOB,52,52,18.750758,73.670456
42,T002,2026-10-09,0,DEPOT,D001,,18.729411,73.699489
42,T002,2026-10-09,1,JOB,226,226,18.718074,73.700154
42,T002,2026-10-09,2,JOB,286,286,18.730983,73.681157
43,T002,2026-10-10,0,DEPOT,D001,,18.729411,73.699489
43,T002,2026-10-10,1,JOB,359,359,18.735933,73.680262
43,T002,2026-10-10,2,JOB,43,43,18.740751,73.704556
44,T002,2026-10-11,0,DEPOT,D001,,18.729411,73.699489
44,T002,2026-10-11,1,JOB,256,256,18.726434,73.69621
44,T002,2026-10-11,2,JOB,301,301,18.708508,73.702556
44,T002,2026-10-11,3,JOB,394,394,18.734352,73.679373
45,T002,2026-10-12,0,DEPOT,D001,,18.729411,73.699489
45,T002,2026-10-12,1,JOB,16,16,18.746606,73.66876
45,T002,2026-10-12,2,JOB,13,13,18.715468,73.673796
45,T002,2026-10-12,3,JOB,103,103,18.69804,73.71191
46,T002,2026-10-13,0,DEPOT,D001,,18.729411,73.699489
46,T002,2026-10-13,1,JOB,412,412,18.741344,73.675277
46,T002,2026-10-13,2,JOB,208,208,18.731241,73.668021
47,T002,2026-10-14,0,DEPOT,D001,,18.729411,73.699489
47,T002,2026-10-14,1,JOB,499,499,18.724799,73.656751
47,T002,2026-10-14,2,JOB,28,28,18.729427,73.685417
47,T002,2026-10-14,3,JOB,281,281,18.745878,73.70717
48,T002,2026-10-15,0,DEPOT,D001,,18.729411,73.699489
48,T002,2026-10-15,1,JOB,113,113,18.733837,73.658787
48,T002,2026-10-15,2,JOB,1,1,18.749726,73.672557
49,T002,2026-10-16,0,DEPOT,D001,,18.729411,73.699489
49,T002,2026-10-16,1,JOB,215,215,18.729498,73.662473
49,T002,2026-10-16,2,JOB,82,82,18.721567,73.689938
50,T002,2026-10-17,0,DEPOT,D001,,18.729411,73.699489
50,T002,2026-10-17,1,JOB,91,91,18.701306,73.707743
50,T002,2026-10-17,2,JOB,404,404,18.741288,73.688548
51,T002,2026-10-18,0,DEPOT,D001,,18.729411,73.699489
51,T002,2026-10-18,1,JOB,170,170,18.704813,73.700158
52,T002,2026-10-19,0,DEPOT,D001,,18.729411,73.699489
52,T002,2026-10-19,1,JOB,4,4,18.748642,73.672136
52,T002,2026-10-19,2,JOB,334,334,18.746384,73.712423
53,T002,2026-10-20,0,DEPOT,D001,,18.729411,73.699489
53,T002,2026-10-20,1,JOB,97,97,18.721081,73.698849
53,T002,2026-10-20,2,JOB,319,319,18.74585,73.705545
54,T002,2026-10-21,0,DEPOT,D001,,18.729411,73.699489
54,T002,2026-10-21,1,JOB,364,364,18.729996,73.676315
54,T002,2026-10-21,2,JOB,151,151,18.727982,73.670873
54,T002,2026-10-21,3,JOB,112,112,18.715922,73.68106
55,T002,2026-10-22,0,DEPOT,D001,,18.729411,73.699489
55,T002,2026-10-22,1,JOB,19,19,18.730033,73.694688
55,T002,2026-10-22,2,JOB,196,196,18.720818,73.683247
55,T002,2026-10-22,3,JOB,421,421,18.706768,73.696391
56,T002,2026-10-23,0,DEPOT,D001,,18.729411,73.699489
56,T002,2026-10-23,1,JOB,241,241,18.730844,73.693364
56,T002,2026-10-23,2,JOB,37,37,18.742114,73.669606
56,T002,2026-10-23,3,JOB,484,484,18.750341,73.708686
57,T002,2026-10-24,0,DEPOT,D001,,18.729411,73.699489
57,T002,2026-10-24,1,JOB,229,229,18.738814,73.680792
57,T002,2026-10-24,2,JOB,250,250,18.736781,73.662012
57,T002,2026-10-24,3,JOB,439,439,18.732258,73.664756
58,T002,2026-10-25,0,DEPOT,D001,,18.729411,73.699489
58,T002,2026-10-25,1,JOB,88,88,18.744653,73.691076
58,T002,2026-10-25,2,JOB,172,172,18.707498,73.706445
58,T002,2026-10-25,3,JOB,469,469,18.726855,73.673776
59,T002,2026-10-26,0,DEPOT,D001,,18.729411,73.699489
59,T002,2026-10-26,1,JOB,73,73,18.747654,73.674417
59,T002,2026-10-26,2,JOB,337,337,18.71866,73.685016
59,T002,2026-10-26,3,JOB,427,427,18.71252,73.676949
60,T002,2026-10-27,0,DEPOT,D001,,18.729411,73.699489
60,T002,2026-10-27,1,JOB,160,160,18.704378,73.702643
61,T003,2026-09-28,0,DEPOT,D001,,18.729411,73.699489
61,T003,2026-09-28,1,JOB,143,143,18.725431,73.674742
62,T003,2026-09-29,0,DEPOT,D001,,18.729411,73.699489
62,T003,2026-09-29,1,JOB,329,329,18.700035,73.709393
63,T003,2026-09-30,0,DEPOT,D001,,18.729411,73.699489
63,T003,2026-09-30,1,JOB,500,500,18.722888,73.678967
64,T003,2026-10-01,0,DEPOT,D001,,18.729411,73.699489
64,T003,2026-10-01,1,JOB,443,443,18.728582,73.694201
65,T003,2026-10-02,0,DEPOT,D001,,18.729411,73.699489
65,T003,2026-10-02,1,JOB,236,236,18.741675,73.672457
66,T003,2026-10-03,0,DEPOT,D001,,18.729411,73.699489
66,T003,2026-10-03,1,JOB,38,38,18.720523,73.702453
67,T003,2026-10-04,0,DEPOT,D001,,18.729411,73.699489
67,T003,2026-10-04,1,JOB,442,442,18.746457,73.679857
67,T003,2026-10-04,2,JOB,184,184,18.74649,73.697192
67,T003,2026-10-04,3,JOB,403,403,18.742421,73.68188
68,T003,2026-10-05,0,DEPOT,D001,,18.729411,73.699489
68,T003,2026-10-05,1,JOB,448,448,18.731375,73.698715
68,T003,2026-10-05,2,JOB,127,127,18.743504,73.673102
68,T003,2026-10-05,3,JOB,22,22,18.725876,73.661001
69,T003,2026-10-06,0,DEPOT,D001,,18.729411,73.699489
69,T003,2026-10-06,1,JOB,494,494,18.708553,73.687381
70,T003,2026-10-07,0,DEPOT,D001,,18.729411,73.699489
70,T003,2026-10-07,1,JOB,419,419,18.736471,73.692288
71,T003,2026-10-08,0,DEPOT,D001,,18.729411,73.699489
71,T003,2026-10-08,1,JOB,287,287,18.728417,73.666146
72,T003,2026-10-09,0,DEPOT,D001,,18.729411,73.699489
72,T003,2026-10-09,1,JOB,290,290,18.706988,73.684374
73,T003,2026-10-10,0,DEPOT,D001,,18.729411,73.699489
73,T003,2026-10-10,1,JOB,17,17,18.730622,73.673974
74,T003,2026-10-11,0,DEPOT,D001,,18.729411,73.699489
74,T003,2026-10-11,1,JOB,293,293,18.717226,73.706708
74,T003,2026-10-11,2,JOB,190,190,18.744117,73.662879
75,T003,2026-10-12,0,DEPOT,D001,,18.729411,73.699489
75,T003,2026-10-12,1,JOB,251,251,18.709525,73.685074
75,T003,2026-10-12,2,JOB,397,397,18.739109,73.660935
76,T003,2026-10-13,0,DEPOT,D001,,18.729411,73.699489
76,T003,2026-10-13,1,JOB,44,44,18.713756,73.700597
76,T003,2026-10-13,2,JOB,382,382,18.716846,73.675062
77,T003,2026-10-14,0,DEPOT,D001,,18.729411,73.699489
77,T003,2026-10-14,1,JOB,227,227,18.748683,73.707113
77,T003,2026-10-14,2,JOB,373,373,18.74662,73.695154
78,T003,2026-10-15,0,DEPOT,D001,,18.729411,73.699489
78,T003,2026-10-15,1,JOB,41,41,18.722704,73.676147
79,T003,2026-10-16,0,DEPOT,D001,,18.729411,73.699489
79,T003,2026-10-16,1,JOB,98,98,18.708487,73.685071
79,T003,2026-10-16,2,JOB,64,64,18.709469,73.687604
80,T003,2026-10-17,0,DEPOT,D001,,18.729411,73.699489
80,T003,2026-10-17,1,JOB,71,71,18.717434,73.674057
80,T003,2026-10-17,2,JOB,94,94,18.719464,73.684095
81,T003,2026-10-18,0,DEPOT,D001,,18.729411,73.699489
81,T003,2026-10-18,1,JOB,428,428,18.735408,73.68261
81,T003,2026-10-18,2,JOB,415,415,18.74163,73.666994
82,T003,2026-10-19,0,DEPOT,D001,,18.729411,73.699489
82,T003,2026-10-19,1,JOB,449,449,18.704926,73.709685
82,T003,2026-10-19,2,JOB,493,493,18.722209,73.677948
83,T003,2026-10-20,0,DEPOT,D001,,18.729411,73.699489
83,T003,2026-10-20,1,JOB,488,488,18.698117,73.70688
83,T003,2026-10-20,2,JOB,265,265,18.712066,73.689862
84,T003,2026-10-21,0,DEPOT,D001,,18.729411,73.699489
84,T003,2026-10-21,1,JOB,284,284,18.715307,73.703124
84,T003,2026-10-21,2,JOB,118,118,18.730321,73.662323
85,T003,2026-10-22,0,DEPOT,D001,,18.729411,73.699489
85,T003,2026-10-22,1,JOB,307,307,18.736348,73.693356
85,T003,2026-10-22,2,JOB,310,310,18.722123,73.67998
85,T003,2026-10-22,3,JOB,193,193,18.746234,73.69017
86,T003,2026-10-23,0,DEPOT,D001,,18.729411,73.699489
86,T003,2026-10-23,1,JOB,325,325,18.731379,73.667031
86,T003,2026-10-23,2,JOB,247,247,18.706055,73.684373
86,T003,2026-10-23,3,JOB,175,175,18.729975,73.681613
87,T004,2026-09-28,0,DEPOT,D001,,18.729411,73.699489
87,T004,2026-09-28,1,JOB,225,225,18.718337,73.695514
87,T004,2026-09-28,2,JOB,372,372,18.727393,73.671716
87,T004,2026-09-28,3,JOB,327,327,18.718977,73.686839
88,T004,2026-09-29,0,DEPOT,D001,,18.729411,73.699489
88,T004,2026-09-29,1,JOB,369,369,18.703875,73.686178
88,T004,2026-09-29,2,JOB,459,459,18.744583,73.701988
88,T004,2026-09-29,3,JOB,405,405,18.725679,73.665978
89,T004,2026-09-30,0,DEPOT,D001,,18.729411,73.699489
89,T004,2026-09-30,1,JOB,249,249,18.70274,73.687168
89,T004,2026-09-30,2,JOB,267,267,18.745516,73.688506
89,T004,2026-09-30,3,JOB,222,222,18.726155,73.68087
90,T004,2026-10-01,0,DEPOT,D001,,18.729411,73.699489
90,T004,2026-10-01,1,JOB,81,81,18.714306,73.711784
90,T004,2026-10-01,2,JOB,297,297,18.724406,73.675647
90,T004,2026-10-01,3,JOB,174,174,18.736972,73.692528
91,T004,2026-10-02,0,DEPOT,D001,,18.729411,73.699489
91,T004,2026-10-02,1,JOB,246,246,18.703119,73.706955
91,T004,2026-10-02,2,JOB,153,153,18.729701,73.687241
91,T004,2026-10-02,3,JOB,354,354,18.714105,73.698803
92,T004,2026-10-03,0,DEPOT,D001,,18.729411,73.699489
92,T004,2026-10-03,1,JOB,57,57,18.745649,73.705383
92,T004,2026-10-03,2,JOB,48,48,18.718887,73.689196
92,T004,2026-10-03,3,JOB,351,351,18.724198,73.683838
93,T004,2026-10-04,0,DEPOT,D001,,18.729411,73.699489
93,T004,2026-10-04,1,JOB,45,45,18.731316,73.691424
93,T004,2026-10-04,2,JOB,177,177,18.712089,73.70869
93,T004,2026-10-04,3,JOB,204,204,18.734159,73.687754
94,T004,2026-10-05,0,DEPOT,D001,,18.729411,73.699489
94,T004,2026-10-05,1,JOB,150,150,18.727616,73.659288
94,T004,2026-10-05,2,JOB,360,360,18.73392,73.69266
94,T004,2026-10-05,3,JOB,291,291,18.717335,73.698479
95,T004,2026-10-06,0,DEPOT,D001,,18.729411,73.699489
95,T004,2026-10-06,1,JOB,210,210,18.713191,73.681763
95,T004,2026-10-06,2,JOB,155,155,18.70818,73.712891
95,T004,2026-10-06,3,JOB,340,340,18.740607,73.70795
95,T004,2026-10-06,4,JOB,100,100,18.726333,73.690204
96,T004,2026-10-07,0,DEPOT,D001,,18.729411,73.699489
96,T004,2026-10-07,1,JOB,451,451,18.734726,73.685209
96,T004,2026-10-07,2,JOB,230,230,18.734157,73.684496
96,T004,2026-10-07,3,JOB,322,322,18.727957,73.701211
96,T004,2026-10-07,4,JOB,49,49,18.723195,73.685861
97,T004,2026-10-08,0,DEPOT,D001,,18.729411,73.699489
97,T004,2026-10-08,1,JOB,491,491,18.725741,73.673252
97,T004,2026-10-08,2,JOB,163,163,18.745395,73.665148
97,T004,2026-10-08,3,JOB,272,272,18.728087,73.670817
97,T004,2026-10-08,4,JOB,263,263,18.701697,73.705392
98,T004,2026-10-09,0,DEPOT,D001,,18.729411,73.699489
98,T004,2026-10-09,1,JOB,157,157,18.738144,73.696596
98,T004,2026-10-09,2,JOB,89,89,18.717372,73.701057
98,T004,2026-10-09,3,JOB,470,470,18.730163,73.695836
98,T004,2026-10-09,4,JOB,344,344,18.701708,73.712805
99,T004,2026-10-10,0,DEPOT,D001,,18.729411,73.699489
99,T004,2026-10-10,1,JOB,352,352,18.723832,73.693954
99,T004,2026-10-10,2,JOB,353,353,18.716327,73.678227
99,T004,2026-10-10,3,JOB,430,430,18.727081,73.696026
99,T004,2026-10-10,4,JOB,125,125,18.718928,73.672103
100,T004,2026-10-11,0,DEPOT,D001,,18.729411,73.699489
100,T004,2026-10-11,1,JOB,199,199,18.723263,73.659227
100,T004,2026-10-11,2,JOB,79,79,18.744545,73.688021
100,T004,2026-10-11,3,JOB,244,244,18.708585,73.68739
100,T004,2026-10-11,4,JOB,85,85,18.703483,73.709369
101,T004,2026-10-12,0,DEPOT,D001,,18.729411,73.699489
101,T004,2026-10-12,1,JOB,95,95,18.743573,73.664486
101,T004,2026-10-12,2,JOB,223,223,18.712209,73.681723
101,T004,2026-10-12,3,JOB,400,400,18.725549,73.690924
101,T004,2026-10-12,4,JOB,178,178,18.725609,73.667414
102,T004,2026-10-13,0,DEPOT,D001,,18.729411,73.699489
102,T004,2026-10-13,1,JOB,5,5,18.704151,73.69439
102,T004,2026-10-13,2,JOB,475,475,18.734937,73.696882
102,T004,2026-10-13,3,JOB,197,197,18.731887,73.696693
102,T004,2026-10-13,4,JOB,380,380,18.744442,73.673521
103,T004,2026-10-14,0,DEPOT,D001,,18.729411,73.699489
103,T004,2026-10-14,1,JOB,271,271,18.734983,73.699937
103,T004,2026-10-14,2,JOB,454,454,18.748389,73.70387
103,T004,2026-10-14,3,JOB,268,268,18.748185,73.669326
103,T004,2026-10-14,4,JOB,119,119,18.745212,73.673748
104,T004,2026-10-15,0,DEPOT,D001,,18.729411,73.699489
104,T004,2026-10-15,1,JOB,128,128,18.712464,73.702348
104,T004,2026-10-15,2,JOB,140,140,18.730445,73.703703
104,T004,2026-10-15,3,JOB,182,182,18.715622,73.670721
104,T004,2026-10-15,4,JOB,166,166,18.727709,73.681532
105,T004,2026-10-16,0,DEPOT,D001,,18.729411,73.699489
105,T004,2026-10-16,1,JOB,383,383,18.714208,73.695735
105,T004,2026-10-16,2,JOB,137,137,18.713382,73.704035
105,T004,2026-10-16,3,JOB,145,145,18.732367,73.685739
