node_index,node_type,depot_id,job_id,team_id,schedule_date,latitude,longitude,source
0,DEPOT,D001,,,,18.729411,73.699489,depot_master
1,JOB,,76,T001,2026-09-28,18.726137,73.672496,eligible_jobs
2,JOB,,321,T001,2026-09-28,18.713971,73.695705,eligible_jobs
3,JOB,,280,T002,2026-09-28,18.715782,73.687706,eligible_jobs
4,JOB,,367,T002,2026-09-28,18.748322,73.671046,eligible_jobs
5,JOB,,143,T003,2026-09-28,18.725431,73.674742,eligible_jobs
6,JOB,,225,T004,2026-09-28,18.718337,73.695514,eligible_jobs
7,JOB,,372,T004,2026-09-28,18.727393,73.671716,eligible_jobs
8,JOB,,327,T004,2026-09-28,18.718977,73.686839,eligible_jobs
9,JOB,,11,T001,2026-09-29,18.719262,73.664837,eligible_jobs
10,JOB,,331,T002,2026-09-29,18.734042,73.691523,eligible_jobs
11,JOB,,329,T003,2026-09-29,18.700035,73.709393,eligible_jobs
12,JOB,,369,T004,2026-09-29,18.703875,73.686178,eligible_jobs
13,JOB,,459,T004,2026-09-29,18.744583,73.701988,eligible_jobs
14,JOB,,405,T004,2026-09-29,18.725679,73.665978,eligible_jobs
15,JOB,,92,T001,2026-09-30,18.734711,73.6725,eligible_jobs
16,JOB,,179,T002,2026-09-30,18.744382,73.663693,eligible_jobs
17,JOB,,500,T003,2026-09-30,18.722888,73.678967,eligible_jobs
18,JOB,,249,T004,2026-09-30,18.70274,73.687168,eligible_jobs
19,JOB,,267,T004,2026-09-30,18.745516,73.688506,eligible_jobs
20,JOB,,222,T004,2026-09-30,18.726155,73.68087,eligible_jobs
21,JOB,,408,T001,2026-10-01,18.736685,73.687945,eligible_jobs
22,JOB,,413,T002,2026-10-01,18.722609,73.66348,eligible_jobs
23,JOB,,443,T003,2026-10-01,18.728582,73.694201,eligible_jobs
24,JOB,,81,T004,2026-10-01,18.714306,73.711784,eligible_jobs
25,JOB,,297,T004,2026-10-01,18.724406,73.675647,eligible_jobs
26,JOB,,174,T004,2026-10-01,18.736972,73.692528,eligible_jobs
27,JOB,,252,T001,2026-10-02,18.743836,73.692451,eligible_jobs
28,JOB,,311,T002,2026-10-02,18.72078,73.684391,eligible_jobs
29,JOB,,236,T003,2026-10-02,18.741675,73.672457,eligible_jobs
30,JOB,,246,T004,2026-10-02,18.703119,73.706955,eligible_jobs
31,JOB,,153,T004,2026-10-02,18.729701,73.687241,eligible_jobs
32,JOB,,354,T004,2026-10-02,18.714105,73.698803,eligible_jobs
33,JOB,,25,T001,2026-10-03,18.710346,73.688156,eligible_jobs
34,JOB,,70,T001,2026-10-03,18.720577,73.697461,eligible_jobs
35,JOB,,154,T001,2026-10-03,18.713807,73.705051,eligible_jobs
36,JOB,,262,T002,2026-10-03,18.712541,73.710954,eligible_jobs
37,JOB,,485,T002,2026-10-03,18.727475,73.688187,eligible_jobs
38,JOB,,38,T003,2026-10-03,18.720523,73.702453,eligible_jobs
39,JOB,,57,T004,2026-10-03,18.745649,73.705383,eligible_jobs
40,JOB,,48,T004,2026-10-03,18.718887,73.689196,eligible_jobs
41,JOB,,351,T004,2026-10-03,18.724198,73.683838,eligible_jobs
42,JOB,,347,T001,2026-10-04,18.74234,73.679605,eligible_jobs
43,JOB,,188,T002,2026-10-04,18.732166,73.690273,eligible_jobs
44,JOB,,442,T003,2026-10-04,18.746457,73.679857,eligible_jobs
45,JOB,,184,T003,2026-10-04,18.74649,73.697192,eligible_jobs
46,JOB,,403,T003,2026-10-04,18.742421,73.68188,eligible_jobs
47,JOB,,45,T004,2026-10-04,18.731316,73.691424,eligible_jobs
48,JOB,,177,T004,2026-10-04,18.712089,73.70869,eligible_jobs
49,JOB,,204,T004,2026-10-04,18.734159,73.687754,eligible_jobs
50,JOB,,31,T001,2026-10-05,18.700823,73.707249,eligible_jobs
51,JOB,,388,T001,2026-10-05,18.734758,73.663541,eligible_jobs
52,JOB,,169,T001,2026-10-05,18.74267,73.695497,eligible_jobs
53,JOB,,349,T001,2026-10-05,18.711956,73.710104,eligible_jobs
54,JOB,,86,T002,2026-10-05,18.714932,73.707336,eligible_jobs
55,JOB,,448,T003,2026-10-05,18.731375,73.698715,eligible_jobs
56,JOB,,127,T003,2026-10-05,18.743504,73.673102,eligible_jobs
57,JOB,,22,T003,2026-10-05,18.725876,73.661001,eligible_jobs
58,JOB,,150,T004,2026-10-05,18.727616,73.659288,eligible_jobs
59,JOB,,360,T004,2026-10-05,18.73392,73.69266,eligible_jobs
60,JOB,,291,T004,2026-10-05,18.717335,73.698479,eligible_jobs
61,JOB,,202,T001,2026-10-06,18.747017,73.683807,eligible_jobs
62,JOB,,487,T001,2026-10-06,18.741241,73.702786,eligible_jobs
63,JOB,,181,T001,2026-10-06,18.743123,73.690776,eligible_jobs
64,JOB,,481,T001,2026-10-06,18.710476,73.684758,eligible_jobs
65,JOB,,391,T002,2026-10-06,18.69875,73.70526,eligible_jobs
66,JOB,,121,T002,2026-10-06,18.719882,73.70536,eligible_jobs
67,JOB,,67,T002,2026-10-06,18.742105,73.682827,eligible_jobs
68,JOB,,494,T003,2026-10-06,18.708553,73.687381,eligible_jobs
69,JOB,,210,T004,2026-10-06,18.713191,73.681763,eligible_jobs
70,JOB,,155,T004,2026-10-06,18.70818,73.712891,eligible_jobs
71,JOB,,340,T004,2026-10-06,18.740607,73.70795,eligible_jobs
72,JOB,,100,T004,2026-10-06,18.726333,73.690204,eligible_jobs
73,JOB,,409,T001,2026-10-07,18.719144,73.681534,eligible_jobs
74,JOB,,136,T001,2026-10-07,18.741266,73.66995,eligible_jobs
75,JOB,,26,T001,2026-10-07,18.748202,73.705266,eligible_jobs
76,JOB,,8,T002,2026-10-07,18.731086,73.664227,eligible_jobs
77,JOB,,490,T002,2026-10-07,18.709493,73.694733,eligible_jobs
78,JOB,,419,T003,2026-10-07,18.736471,73.692288,eligible_jobs
79,JOB,,451,T004,2026-10-07,18.734726,73.685209,eligible_jobs
80,JOB,,230,T004,2026-10-07,18.734157,73.684496,eligible_jobs
81,JOB,,322,T004,2026-10-07,18.727957,73.701211,eligible_jobs
82,JOB,,49,T004,2026-10-07,18.723195,73.685861,eligible_jobs
83,JOB,,328,T001,2026-10-08,18.70937,73.687442,eligible_jobs
84,JOB,,214,T001,2026-10-08,18.734994,73.691938,eligible_jobs
85,JOB,,40,T001,2026-10-08,18.729828,73.699809,eligible_jobs
86,JOB,,355,T001,2026-10-08,18.733856,73.678655,eligible_jobs
87,JOB,,52,T002,2026-10-08,18.750758,73.670456,eligible_jobs
88,JOB,,287,T003,2026-10-08,18.728417,73.666146,eligible_jobs
89,JOB,,491,T004,2026-10-08,18.725741,73.673252,eligible_jobs
90,JOB,,163,T004,2026-10-08,18.745395,73.665148,eligible_jobs
91,JOB,,272,T004,2026-10-08,18.728087,73.670817,eligible_jobs
92,JOB,,263,T004,2026-10-08,18.701697,73.705392,eligible_jobs
93,JOB,,124,T001,2026-10-09,18.74699,73.696762,eligible_jobs
94,JOB,,205,T001,2026-10-09,18.732646,73.658627,eligible_jobs
95,JOB,,424,T001,2026-10-09,18.712375,73.694069,eligible_jobs
96,JOB,,226,T002,2026-10-09,18.718074,73.700154,eligible_jobs
97,JOB,,286,T002,2026-10-09,18.730983,73.681157,eligible_jobs
98,JOB,,290,T003,2026-10-09,18.706988,73.684374,eligible_jobs
99,JOB,,157,T004,2026-10-09,18.738144,73.696596,eligible_jobs
100,JOB,,89,T004,2026-10-09,18.717372,73.701057,eligible_jobs
101,JOB,,470,T004,2026-10-09,18.730163,73.695836,eligible_jobs
102,JOB,,344,T004,2026-10-09,18.701708,73.712805,eligible_jobs
103,JOB,,55,T001,2026-10-10,18.716675,73.696687,eligible_jobs
104,JOB,,152,T001,2026-10-10,18.720076,73.691013,eligible_jobs
105,JOB,,463,T001,2026-10-10,18.706996,73.690635,eligible_jobs
106,JOB,,359,T002,2026-10-10,18.735933,73.680262,eligible_jobs
107,JOB,,43,T002,2026-10-10,18.740751,73.704556,eligible_jobs
108,JOB,,17,T003,2026-10-10,18.730622,73.673974,eligible_jobs
109,JOB,,352,T004,2026-10-10,18.723832,73.693954,eligible_jobs
110,JOB,,353,T004,2026-10-10,18.716327,73.678227,eligible_jobs
111,JOB,,430,T004,2026-10-10,18.727081,73.696026,eligible_jobs
112,JOB,,125,T004,2026-10-10,18.718928,73.672103,eligible_jobs
113,JOB,,418,T001,2026-10-11,18.735617,73.6656,eligible_jobs
114,JOB,,370,T001,2026-10-11,18.728417,73.692983,eligible_jobs
115,JOB,,316,T001,2026-10-11,18.74364,73.706013,eligible_jobs
116,JOB,,343,T001,2026-10-11,18.706066,73.70975,eligible_jobs
117,JOB,,256,T002,2026-10-11,18.726434,73.69621,eligible_jobs
118,JOB,,301,T002,2026-10-11,18.708508,73.702556,eligible_jobs
119,JOB,,394,T002,2026-10-11,18.734352,73.679373,eligible_jobs
120,JOB,,293,T003,2026-10-11,18.717226,73.706708,eligible_jobs
121,JOB,,190,T003,2026-10-11,18.744117,73.662879,eligible_jobs
122,JOB,,199,T004,2026-10-11,18.723263,73.659227,eligible_jobs
123,JOB,,79,T004,2026-10-11,18.744545,73.688021,eligible_jobs
124,JOB,,244,T004,2026-10-11,18.708585,73.68739,eligible_jobs
125,JOB,,85,T004,2026-10-11,18.703483,73.709369,eligible_jobs
126,JOB,,217,T001,2026-10-12,18.746813,73.703666,eligible_jobs
127,JOB,,110,T001,2026-10-12,18.705887,73.684354,eligible_jobs
128,JOB,,16,T002,2026-10-12,18.746606,73.66876,eligible_jobs
129,JOB,,13,T002,2026-10-12,18.715468,73.673796,eligible_jobs
130,JOB,,103,T002,2026-10-12,18.69804,73.71191,eligible_jobs
131,JOB,,251,T003,2026-10-12,18.709525,73.685074,eligible_jobs
132,JOB,,397,T003,2026-10-12,18.739109,73.660935,eligible_jobs
133,JOB,,95,T004,2026-10-12,18.743573,73.664486,eligible_jobs
134,JOB,,223,T004,2026-10-12,18.712209,73.681723,eligible_jobs
135,JOB,,400,T004,2026-10-12,18.725549,73.690924,eligible_jobs
136,JOB,,178,T004,2026-10-12,18.725609,73.667414,eligible_jobs
137,JOB,,164,T001,2026-10-13,18.714268,73.701396,eligible_jobs
138,JOB,,350,T001,2026-10-13,18.736736,73.676131,eligible_jobs
139,JOB,,412,T002,2026-10-13,18.741344,73.675277,eligible_jobs
140,JOB,,208,T002,2026-10-13,18.731241,73.668021,eligible_jobs
141,JOB,,44,T003,2026-10-13,18.713756,73.700597,eligible_jobs
142,JOB,,382,T003,2026-10-13,18.716846,73.675062,eligible_jobs
143,JOB,,5,T004,2026-10-13,18.704151,73.69439,eligible_jobs
144,JOB,,475,T004,2026-10-13,18.734937,73.696882,eligible_jobs
145,JOB,,197,T004,2026-10-13,18.731887,73.696693,eligible_jobs
146,JOB,,380,T004,2026-10-13,18.744442,73.673521,eligible_jobs
147,JOB,,185,T001,2026-10-14,18.709222,73.705618,eligible_jobs
148,JOB,,50,T001,2026-10-14,18.705376,73.683264,eligible_jobs
149,JOB,,499,T002,2026-10-14,18.724799,73.656751,eligible_jobs
150,JOB,,28,T002,2026-10-14,18.729427,73.685417,eligible_jobs
151,JOB,,281,T002,2026-10-14,18.745878,73.70717,eligible_jobs
152,JOB,,227,T003,2026-10-14,18.748683,73.707113,eligible_jobs
153,JOB,,373,T003,2026-10-14,18.74662,73.695154,eligible_jobs
154,JOB,,271,T004,2026-10-14,18.734983,73.699937,eligible_jobs
155,JOB,,454,T004,2026-10-14,18.748389,73.70387,eligible_jobs
156,JOB,,268,T004,2026-10-14,18.748185,73.669326,eligible_jobs
157,JOB,,119,T004,2026-10-14,18.745212,73.673748,eligible_jobs
158,JOB,,277,T001,2026-10-15,18.69802,73.70995,eligible_jobs
159,JOB,,65,T001,2026-10-15,18.736449,73.677324,eligible_jobs
160,JOB,,113,T002,2026-10-15,18.733837,73.658787,eligible_jobs
161,JOB,,1,T002,2026-10-15,18.749726,73.672557,eligible_jobs
162,JOB,,41,T003,2026-10-15,18.722704,73.676147,eligible_jobs
163,JOB,,128,T004,2026-10-15,18.712464,73.702348,eligible_jobs
164,JOB,,140,T004,2026-10-15,18.730445,73.703703,eligible_jobs
165,JOB,,182,T004,2026-10-15,18.715622,73.670721,eligible_jobs
166,JOB,,166,T004,2026-10-15,18.727709,73.681532,eligible_jobs
167,JOB,,466,T001,2026-10-16,18.744007,73.673671,eligible_jobs
168,JOB,,425,T001,2026-10-16,18.732505,73.690148,eligible_jobs
169,JOB,,215,T002,2026-10-16,18.729498,73.662473,eligible_jobs
170,JOB,,82,T002,2026-10-16,18.721567,73.689938,eligible_jobs
171,JOB,,98,T003,2026-10-16,18.708487,73.685071,eligible_jobs
172,JOB,,64,T003,2026-10-16,18.709469,73.687604,eligible_jobs
173,JOB,,383,T004,2026-10-16,18.714208,73.695735,eligible_jobs
174,JOB,,137,T004,2026-10-16,18.713382,73.704035,eligible_jobs
175,JOB,,145,T004,2026-10-16,18.732367,73.685739,eligible_jobs
176,JOB,,461,T001,2026-10-17,18.716401,73.688861,eligible_jobs
177,JOB,,457,T001,2026-10-17,18.719411,73.701194,eligible_jobs
178,JOB,,91,T002,2026-10-17,18.701306,73.707743,eligible_jobs
179,JOB,,404,T002,2026-10-17,18.741288,73.688548,eligible_jobs
180,JOB,,71,T003,2026-10-17,18.717434,73.674057,eligible_jobs
181,JOB,,94,T003,2026-10-17,18.719464,73.684095,eligible_jobs
182,JOB,,365,T001,2026-10-18,18.700704,73.696903,eligible_jobs
183,JOB,,313,T001,2026-10-18,18.737786,73.670608,eligible_jobs
184,JOB,,170,T002,2026-10-18,18.704813,73.700158,eligible_jobs
185,JOB,,428,T003,2026-10-18,18.735408,73.68261,eligible_jobs
186,JOB,,415,T003,2026-10-18,18.74163,73.666994,eligible_jobs
187,JOB,,10,T001,2026-10-19,18.708357,73.704338,eligible_jobs
188,JOB,,377,T001,2026-10-19,18.737665,73.674577,eligible_jobs
189,JOB,,4,T002,2026-10-19,18.748642,73.672136,eligible_jobs
190,JOB,,334,T002,2026-10-19,18.746384,73.712423,eligible_jobs
191,JOB,,449,T003,2026-10-19,18.704926,73.709685,eligible_jobs
192,JOB,,493,T003,2026-10-19,18.722209,73.677948,eligible_jobs
193,JOB,,416,T001,2026-10-20,18.749503,73.677009,eligible_jobs
194,JOB,,346,T001,2026-10-20,18.72277,73.666863,eligible_jobs
195,JOB,,97,T002,2026-10-20,18.721081,73.698849,eligible_jobs
196,JOB,,319,T002,2026-10-20,18.74585,73.705545,eligible_jobs
197,JOB,,488,T003,2026-10-20,18.698117,73.70688,eligible_jobs
198,JOB,,265,T003,2026-10-20,18.712066,73.689862,eligible_jobs
199,JOB,,253,T001,2026-10-21,18.732826,73.70326,eligible_jobs
200,JOB,,314,T001,2026-10-21,18.711431,73.705318,eligible_jobs
201,JOB,,364,T002,2026-10-21,18.729996,73.676315,eligible_jobs
202,JOB,,151,T002,2026-10-21,18.727982,73.670873,eligible_jobs
203,JOB,,112,T002,2026-10-21,18.715922,73.68106,eligible_jobs
204,JOB,,284,T003,2026-10-21,18.715307,73.703124,eligible_jobs
205,JOB,,118,T003,2026-10-21,18.730321,73.662323,eligible_jobs
206,JOB,,34,T001,2026-10-22,18.724295,73.678754,eligible_jobs
207,JOB,,260,T001,2026-10-22,18.735682,73.681755,eligible_jobs
208,JOB,,19,T002,2026-10-22,18.730033,73.694688,eligible_jobs
209,JOB,,196,T002,2026-10-22,18.720818,73.683247,eligible_jobs
210,JOB,,421,T002,2026-10-22,18.706768,73.696391,eligible_jobs
211,JOB,,307,T003,2026-10-22,18.736348,73.693356,eligible_jobs
212,JOB,,310,T003,2026-10-22,18.722123,73.67998,eligible_jobs
213,JOB,,193,T003,2026-10-22,18.746234,73.69017,eligible_jobs
214,JOB,,305,T001,2026-10-23,18.732865,73.663938,eligible_jobs
215,JOB,,146,T001,2026-10-23,18.699035,73.702324,eligible_jobs
216,JOB,,241,T002,2026-10-23,18.730844,73.693364,eligible_jobs
217,JOB,,37,T002,2026-10-23,18.742114,73.669606,eligible_jobs
218,JOB,,484,T002,2026-10-23,18.750341,73.708686,eligible_jobs
219,JOB,,325,T003,2026-10-23,18.731379,73.667031,eligible_jobs
220,JOB,,247,T003,2026-10-23,18.706055,73.684373,eligible_jobs
221,JOB,,175,T003,2026-10-23,18.729975,73.681613,eligible_jobs
222,JOB,,335,T001,2026-10-24,18.723714,73.675482,eligible_jobs
223,JOB,,61,T001,2026-10-24,18.734918,73.69246,eligible_jobs
224,JOB,,229,T002,2026-10-24,18.738814,73.680792,eligible_jobs
225,JOB,,250,T002,2026-10-24,18.736781,73.662012,eligible_jobs
226,JOB,,439,T002,2026-10-24,18.732258,73.664756,eligible_jobs
227,JOB,,440,T001,2026-10-25,18.709747,73.706284,eligible_jobs
228,JOB,,32,T001,2026-10-25,18.72794,73.701457,eligible_jobs
229,JOB,,88,T002,2026-10-25,18.744653,73.691076,eligible_jobs
230,JOB,,172,T002,2026-10-25,18.707498,73.706445,eligible_jobs
231,JOB,,469,T002,2026-10-25,18.726855,73.673776,eligible_jobs
232,JOB,,304,T001,2026-10-26,18.726263,73.655896,eligible_jobs
233,JOB,,259,T001,2026-10-26,18.73777,73.705226,eligible_jobs
234,JOB,,376,T001,2026-10-26,18.705033,73.694657,eligible_jobs
235,JOB,,73,T002,2026-10-26,18.747654,73.674417,eligible_jobs
236,JOB,,337,T002,2026-10-26,18.71866,73.685016,eligible_jobs
237,JOB,,427,T002,2026-10-26,18.71252,73.676949,eligible_jobs
238,JOB,,298,T001,2026-10-27,18.721417,73.680125,eligible_jobs
239,JOB,,460,T001,2026-10-27,18.732962,73.658433,eligible_jobs
240,JOB,,130,T001,2026-10-27,18.710461,73.688789,eligible_jobs
241,JOB,,160,T002,2026-10-27,18.704378,73.702643,eligible_jobs
