group_index,team_id,schedule_date,job_count,service_duration_h,current_travel_h,current_total_h,best_travel_h,best_total_h,current_violation,best_route_feasible,current_finish_h,best_finish_h,best_job_order,action
1,T001,2026-09-28,2,8.8,0.324,9.124,0.321,9.121,True,False,9.124,9.121,2->1,SPLIT_OR_RESCHEDULE_REQUIRED
2,T001,2026-09-29,1,8.7,0.334,9.034,0.334,9.034,True,False,9.034,9.034,1,SPLIT_OR_RESCHEDULE_REQUIRED
3,T001,2026-09-30,1,8.5,0.252,8.752,0.252,8.752,False,True,8.752,8.752,1,ALREADY_FEASIBLE
4,T001,2026-10-01,1,8.4,0.145,8.545,0.145,8.545,False,True,8.545,8.545,1,ALREADY_FEASIBLE
5,T001,2026-10-02,1,8.3,0.234,8.534,0.234,8.534,False,True,8.534,8.534,1,ALREADY_FEASIBLE
6,T001,2026-10-03,3,8.8,0.563,9.363,0.562,9.362,True,False,9.363,9.362,1->3->2,SPLIT_OR_RESCHEDULE_REQUIRED
7,T001,2026-10-04,1,8.1,0.289,8.389,0.289,8.389,False,True,8.389,8.389,1,ALREADY_FEASIBLE
8,T001,2026-10-05,4,8.8,0.7,9.5,0.574,9.374,True,False,9.5,9.374,4->1->2->3,SPLIT_OR_RESCHEDULE_REQUIRED
9,T001,2026-10-06,4,8.9,0.696,9.596,0.693,9.593,True,False,9.596,9.593,2->3->1->4,SPLIT_OR_RESCHEDULE_REQUIRED
10,T001,2026-10-07,3,9.0,0.633,9.633,0.633,9.633,True,False,9.633,9.633,1->2->3,SPLIT_OR_RESCHEDULE_REQUIRED
11,T001,2026-10-08,4,9.0,0.396,9.396,0.396,9.396,True,False,9.396,9.396,1->4->2->3,SPLIT_OR_RESCHEDULE_REQUIRED
12,T001,2026-10-09,3,9.0,0.608,9.608,0.589,9.589,True,False,9.608,9.589,3->2->1,SPLIT_OR_RESCHEDULE_REQUIRED
13,T001,2026-10-10,3,9.0,0.406,9.406,0.401,9.401,True,False,9.406,9.401,1->3->2,SPLIT_OR_RESCHEDULE_REQUIRED
14,T001,2026-10-11,4,9.0,0.708,9.708,0.59,9.59,True,False,9.708,9.59,2->4->1->3,SPLIT_OR_RESCHEDULE_REQUIRED
15,T001,2026-10-12,2,7.4,0.392,7.792,0.392,7.792,False,True,7.792,7.792,2->1,ALREADY_FEASIBLE
16,T001,2026-10-13,2,8.4,0.316,8.716,0.316,8.716,False,True,8.716,8.716,1->2,ALREADY_FEASIBLE
17,T001,2026-10-14,2,9.0,0.476,9.476,0.476,9.476,True,False,9.476,9.476,1->2,SPLIT_OR_RESCHEDULE_REQUIRED
18,T001,2026-10-15,2,8.9,0.383,9.283,0.383,9.283,True,False,9.283,9.283,1->2,SPLIT_OR_RESCHEDULE_REQUIRED
19,T001,2026-10-16,2,8.9,0.325,9.225,0.323,9.223,True,False,9.225,9.223,1->2,SPLIT_OR_RESCHEDULE_REQUIRED
20,T001,2026-10-17,2,9.0,0.376,9.376,0.374,9.374,True,False,9.376,9.374,2->1,SPLIT_OR_RESCHEDULE_REQUIRED
21,T001,2026-10-18,2,8.4,0.417,8.817,0.417,8.817,False,True,8.817,8.817,1->2,ALREADY_FEASIBLE
22,T001,2026-10-19,2,7.8,0.498,8.298,0.498,8.298,False,True,8.298,8.298,1->2,ALREADY_FEASIBLE
23,T001,2026-10-20,2,7.8,0.533,8.333,0.532,8.332,False,True,8.333,8.332,1->2,ALREADY_FEASIBLE
24,T001,2026-10-21,2,7.6,0.491,8.091,0.491,8.091,False,True,8.091,8.091,1->2,ALREADY_FEASIBLE
25,T001,2026-10-22,2,7.6,0.29,7.89,0.29,7.89,False,True,7.89,7.89,2->1,ALREADY_FEASIBLE
26,T001,2026-10-23,2,7.5,0.386,7.886,0.371,7.871,False,True,7.886,7.871,2->1,ALREADY_FEASIBLE
27,T001,2026-10-24,2,7.4,0.327,7.727,0.327,7.727,False,True,7.727,7.727,2->1,ALREADY_FEASIBLE
28,T001,2026-10-25,2,7.3,0.398,7.698,0.397,7.697,False,True,7.698,7.697,1->2,ALREADY_FEASIBLE
29,T001,2026-10-26,3,7.6,0.542,8.142,0.542,8.142,False,True,8.142,8.142,3->1->2,ALREADY_FEASIBLE
30,T001,2026-10-27,3,6.0,0.502,6.502,0.48,6.48,False,True,6.502,6.48,3->1->2,ALREADY_FEASIBLE
31,T002,2026-09-28,2,8.7,0.571,9.271,0.571,9.271,True,False,9.271,9.271,2->1,SPLIT_OR_RESCHEDULE_REQUIRED
32,T002,2026-09-29,1,7.7,0.122,7.822,0.122,7.822,False,True,7.822,7.822,1,ALREADY_FEASIBLE
33,T002,2026-09-30,1,9.0,0.345,9.345,0.345,9.345,True,False,9.345,9.345,1,SPLIT_OR_RESCHEDULE_REQUIRED
34,T002,2026-10-01,1,8.6,0.311,8.911,0.311,8.911,False,True,8.911,8.911,1,ALREADY_FEASIBLE
35,T002,2026-10-02,1,8.6,0.256,8.856,0.256,8.856,False,True,8.856,8.856,1,ALREADY_FEASIBLE
36,T002,2026-10-03,2,7.7,0.534,8.234,0.531,8.231,False,True,8.234,8.231,1->2,ALREADY_FEASIBLE
37,T002,2026-10-04,1,8.4,0.123,8.523,0.123,8.523,False,True,8.523,8.523,1,ALREADY_FEASIBLE
38,T002,2026-10-05,1,8.5,0.387,8.887,0.387,8.887,False,True,8.887,8.887,1,ALREADY_FEASIBLE
39,T002,2026-10-06,3,6.9,0.618,7.518,0.618,7.518,False,True,7.518,7.518,1->3->2,ALREADY_FEASIBLE
40,T002,2026-10-07,2,9.0,0.452,9.452,0.437,9.437,True,False,9.452,9.437,2->1,SPLIT_OR_RESCHEDULE_REQUIRED
41,T002,2026-10-08,1,8.4,0.403,8.803,0.403,8.803,False,True,8.803,8.803,1,ALREADY_FEASIBLE
42,T002,2026-10-09,2,8.6,0.278,8.878,0.278,8.878,False,True,8.878,8.878,1->2,ALREADY_FEASIBLE
43,T002,2026-10-10,2,8.7,0.311,9.011,0.311,9.011,True,False,9.011,9.011,2->1,SPLIT_OR_RESCHEDULE_REQUIRED
44,T002,2026-10-11,3,8.8,0.57,9.37,0.493,9.293,True,False,9.37,9.293,1->2->3,SPLIT_OR_RESCHEDULE_REQUIRED
45,T002,2026-10-12,3,8.4,0.486,8.886,0.486,8.886,False,True,8.886,8.886,3->2->1,ALREADY_FEASIBLE
46,T002,2026-10-13,2,7.3,0.315,7.615,0.314,7.614,False,True,7.615,7.614,1->2,ALREADY_FEASIBLE
47,T002,2026-10-14,3,9.0,0.738,9.738,0.699,9.699,True,False,9.738,9.699,3->1->2,SPLIT_OR_RESCHEDULE_REQUIRED
48,T002,2026-10-15,2,8.9,0.457,9.357,0.457,9.357,True,False,9.357,9.357,2->1,SPLIT_OR_RESCHEDULE_REQUIRED
49,T002,2026-10-16,2,8.9,0.398,9.298,0.385,9.285,True,False,9.298,9.285,2->1,SPLIT_OR_RESCHEDULE_REQUIRED
50,T002,2026-10-17,2,8.8,0.373,9.173,0.373,9.173,True,False,9.173,9.173,1->2,SPLIT_OR_RESCHEDULE_REQUIRED
51,T002,2026-10-18,1,8.4,0.151,8.551,0.151,8.551,False,True,8.551,8.551,1,ALREADY_FEASIBLE
52,T002,2026-10-19,2,8.1,0.612,8.712,0.604,8.704,False,True,8.712,8.704,2->1,ALREADY_FEASIBLE
53,T002,2026-10-20,2,8.9,0.176,9.076,0.176,9.076,True,False,9.076,9.076,1->2,SPLIT_OR_RESCHEDULE_REQUIRED
54,T002,2026-10-21,3,9.0,0.387,9.387,0.374,9.374,True,False,9.387,9.374,3->2->1,SPLIT_OR_RESCHEDULE_REQUIRED
55,T002,2026-10-22,3,9.0,0.342,9.342,0.342,9.342,True,False,9.342,9.342,2->3->1,SPLIT_OR_RESCHEDULE_REQUIRED
56,T002,2026-10-23,3,8.9,0.583,9.483,0.577,9.477,True,False,9.483,9.477,3->2->1,SPLIT_OR_RESCHEDULE_REQUIRED
57,T002,2026-10-24,3,8.0,0.341,8.341,0.338,8.338,False,True,8.341,8.338,1->2->3,ALREADY_FEASIBLE
58,T002,2026-10-25,3,7.5,0.593,8.093,0.584,8.084,False,True,8.093,8.084,2->3->1,ALREADY_FEASIBLE
59,T002,2026-10-26,3,6.9,0.495,7.396,0.496,7.396,False,True,7.396,7.396,3->2->1,ALREADY_FEASIBLE
60,T002,2026-10-27,1,2.2,0.288,2.489,0.288,2.489,False,True,2.489,2.489,1,ALREADY_FEASIBLE
61,T003,2026-09-28,1,9.0,0.277,9.277,0.277,9.277,True,False,9.277,9.277,1,SPLIT_OR_RESCHEDULE_REQUIRED
62,T003,2026-09-29,1,8.7,0.213,8.913,0.213,8.913,False,True,8.913,8.913,1,ALREADY_FEASIBLE
63,T003,2026-09-30,1,8.5,0.256,8.756,0.256,8.756,False,True,8.756,8.756,1,ALREADY_FEASIBLE
64,T003,2026-10-01,1,8.3,0.047,8.347,0.047,8.347,False,True,8.347,8.347,1,ALREADY_FEASIBLE
65,T003,2026-10-02,1,7.9,0.274,8.174,0.274,8.174,False,True,8.174,8.174,1,ALREADY_FEASIBLE
66,T003,2026-10-03,1,7.7,0.041,7.741,0.041,7.741,False,True,7.741,7.741,1,ALREADY_FEASIBLE
67,T003,2026-10-04,3,7.3,0.347,7.647,0.344,7.644,False,True,7.647,7.644,1->3->2,ALREADY_FEASIBLE
68,T003,2026-10-05,3,7.9,0.387,8.287,0.386,8.286,False,True,8.287,8.286,1->2->3,ALREADY_FEASIBLE
69,T003,2026-10-06,1,7.6,0.332,7.932,0.332,7.932,False,True,7.932,7.932,1,ALREADY_FEASIBLE
70,T003,2026-10-07,1,7.6,0.12,7.72,0.12,7.72,False,True,7.72,7.72,1,ALREADY_FEASIBLE
71,T003,2026-10-08,1,7.3,0.296,7.596,0.296,7.596,False,True,7.596,7.596,1,ALREADY_FEASIBLE
72,T003,2026-10-09,1,7.2,0.31,7.51,0.31,7.51,False,True,7.51,7.51,1,ALREADY_FEASIBLE
73,T003,2026-10-10,1,7.1,0.253,7.353,0.253,7.353,False,True,7.353,7.353,1,ALREADY_FEASIBLE
74,T003,2026-10-11,2,9.0,0.653,9.653,0.653,9.653,True,False,9.653,9.653,2->1,SPLIT_OR_RESCHEDULE_REQUIRED
75,T003,2026-10-12,2,8.9,0.404,9.304,0.404,9.304,True,False,9.304,9.304,2->1,SPLIT_OR_RESCHEDULE_REQUIRED
76,T003,2026-10-13,2,8.6,0.336,8.936,0.332,8.932,False,True,8.936,8.932,1->2,ALREADY_FEASIBLE
77,T003,2026-10-14,2,8.5,0.544,9.044,0.542,9.042,True,False,9.044,9.042,1->2,SPLIT_OR_RESCHEDULE_REQUIRED
78,T003,2026-10-15,1,6.4,0.333,6.733,0.333,6.733,False,True,6.733,6.733,1,ALREADY_FEASIBLE
79,T003,2026-10-16,2,9.0,0.376,9.376,0.376,9.376,True,False,9.376,9.376,1->2,SPLIT_OR_RESCHEDULE_REQUIRED
80,T003,2026-10-17,2,8.9,0.338,9.238,0.338,9.238,True,False,9.238,9.238,2->1,SPLIT_OR_RESCHEDULE_REQUIRED
81,T003,2026-10-18,2,9.0,0.314,9.314,0.314,9.314,True,False,9.314,9.314,1->2,SPLIT_OR_RESCHEDULE_REQUIRED
82,T003,2026-10-19,2,8.8,0.489,9.289,0.489,9.289,True,False,9.289,9.289,2->1,SPLIT_OR_RESCHEDULE_REQUIRED
83,T003,2026-10-20,2,8.3,0.372,8.673,0.371,8.671,False,True,8.673,8.671,2->1,ALREADY_FEASIBLE
84,T003,2026-10-21,2,7.8,0.553,8.353,0.539,8.339,False,True,8.353,8.339,1->2,ALREADY_FEASIBLE
85,T003,2026-10-22,3,8.6,0.405,9.005,0.405,9.005,True,False,9.005,9.005,2->3->1,SPLIT_OR_RESCHEDULE_REQUIRED
86,T003,2026-10-23,3,8.2,0.373,8.573,0.359,8.559,False,True,8.573,8.559,2->1->3,ALREADY_FEASIBLE
87,T004,2026-09-28,3,9.0,0.467,9.467,0.467,9.467,True,False,9.467,9.467,3->1->2,SPLIT_OR_RESCHEDULE_REQUIRED
88,T004,2026-09-29,3,9.0,0.439,9.439,0.439,9.439,True,False,9.439,9.439,1->3->2,SPLIT_OR_RESCHEDULE_REQUIRED
89,T004,2026-09-30,3,9.0,0.45,9.45,0.45,9.45,True,False,9.45,9.45,1->3->2,SPLIT_OR_RESCHEDULE_REQUIRED
90,T004,2026-10-01,3,9.0,0.621,9.621,0.617,9.617,True,False,9.621,9.617,1->2->3,SPLIT_OR_RESCHEDULE_REQUIRED
91,T004,2026-10-02,3,9.0,0.394,9.394,0.367,9.367,True,False,9.394,9.367,3->1->2,SPLIT_OR_RESCHEDULE_REQUIRED
92,T004,2026-10-03,3,9.0,0.391,9.39,0.391,9.39,True,False,9.39,9.39,1->2->3,SPLIT_OR_RESCHEDULE_REQUIRED
93,T004,2026-10-04,3,9.0,0.525,9.525,0.524,9.524,True,False,9.525,9.524,2->3->1,SPLIT_OR_RESCHEDULE_REQUIRED
94,T004,2026-10-05,3,9.0,0.388,9.388,0.366,9.366,True,False,9.388,9.366,3->1->2,SPLIT_OR_RESCHEDULE_REQUIRED
95,T004,2026-10-06,4,9.0,0.613,9.613,0.613,9.613,True,False,9.613,9.613,3->1->2->4,SPLIT_OR_RESCHEDULE_REQUIRED
96,T004,2026-10-07,4,8.0,0.305,8.305,0.305,8.305,False,True,8.305,8.305,3->1->2->4,ALREADY_FEASIBLE
97,T004,2026-10-08,4,8.0,0.498,8.498,0.49,8.49,False,True,8.498,8.49,4->1->3->2,ALREADY_FEASIBLE
98,T004,2026-10-09,4,8.0,0.346,8.346,0.346,8.346,False,True,8.346,8.346,1->3->4->2,ALREADY_FEASIBLE
99,T004,2026-10-10,4,8.0,0.49,8.49,0.48,8.48,False,True,8.49,8.48,3->4->2->1,ALREADY_FEASIBLE
100,T004,2026-10-11,4,8.0,0.594,8.594,0.586,8.586,False,True,8.594,8.586,4->3->1->2,ALREADY_FEASIBLE
101,T004,2026-10-12,4,8.0,0.649,8.649,0.649,8.649,False,True,8.649,8.649,3->2->4->1,ALREADY_FEASIBLE
102,T004,2026-10-13,4,8.0,0.482,8.482,0.482,8.482,False,True,8.482,8.482,1->4->2->3,ALREADY_FEASIBLE
103,T004,2026-10-14,4,8.0,0.472,8.472,0.472,8.472,False,True,8.472,8.472,1->2->4->3,ALREADY_FEASIBLE
104,T004,2026-10-15,4,8.0,0.668,8.668,0.648,8.648,False,True,8.668,8.648,2->4->3->1,ALREADY_FEASIBLE
105,T004,2026-10-16,3,6.0,0.572,6.572,0.519,6.519,False,True,6.572,6.519,1->2->3,ALREADY_FEASIBLE
