schedule_id,team_id,schedule_date,cluster_id,job_id,sequence_no,planned_start,planned_end,service_duration_h,travel_distance_m,travel_time_min,priority_score,estimated_cost,status,repair_action,original_group_index,original_schedule_date
VRP-T001-2026-09-28-001,T001,2026-09-28,,152,1,2026-09-28 08:09,2026-09-28 13:09,5.0,4804.6,9.648,38.57,2723.75,SCHEDULED_T001_TRAVEL_AWARE_VRP,MOVED_BY_T001_VRP,13,2026-10-10
VRP-T001-2026-09-28-001,T001,2026-09-28,,355,2,2026-09-28 13:14,2026-09-28 16:08,2.9,3071.3,4.865,40.15,2041.8,SCHEDULED_T001_TRAVEL_AWARE_VRP,MOVED_BY_T001_VRP,11,2026-10-08
TRV-B-2026-09-28-T002-002,T002,2026-09-28,,280,1,2026-09-28 08:11,2026-09-28 13:11,5.0,5376.3,11.14,26.6,2300.0,SCHEDULED_TRAVEL_AWARE_BOUNDED_CANDIDATE,UNCHANGED_OR_SAME_DATE,31,2026-09-28
TRV-B-2026-09-28-T002-002,T002,2026-09-28,,490,2,2026-09-28 13:14,2026-09-28 16:38,3.4,1187.3,3.033,25.79,982.8,SCHEDULED_TRAVEL_AWARE_BOUNDED_CANDIDATE,MOVED_BY_BOUNDED_REPAIR,40,2026-10-07
TRV-B-2026-09-28-T003-003,T003,2026-09-28,,493,1,2026-09-28 08:08,2026-09-28 11:26,3.3,4141.3,8.875,31.4,968.6,SCHEDULED_TRAVEL_AWARE_BOUNDED_CANDIDATE,MOVED_BY_BOUNDED_REPAIR,82,2026-10-19
TRV-B-2026-09-28-T003-003,T003,2026-09-28,,415,2,2026-09-28 11:33,2026-09-28 14:45,3.2,3969.8,6.705,38.44,954.4,SCHEDULED_TRAVEL_AWARE_BOUNDED_CANDIDATE,MOVED_BY_BOUNDED_REPAIR,81,2026-10-18
TRV-B-2026-09-28-T003-003,T003,2026-09-28,,373,3,2026-09-28 14:51,2026-09-28 16:51,2.0,3217.6,6.083,32.07,784.0,SCHEDULED_TRAVEL_AWARE_BOUNDED_CANDIDATE,MOVED_BY_BOUNDED_REPAIR,77,2026-10-14
TRV-B-2026-09-28-T004-004,T004,2026-09-28,,405,1,2026-09-28 08:10,2026-09-28 11:10,3.0,4581.4,10.282,46.05,1386.5,SCHEDULED_TRAVEL_AWARE_BOUNDED_CANDIDATE,MOVED_BY_BOUNDED_REPAIR,88,2026-09-29
TRV-B-2026-09-28-T004-004,T004,2026-09-28,,372,2,2026-09-28 11:13,2026-09-28 14:13,3.0,1061.4,2.828,49.16,1386.5,SCHEDULED_TRAVEL_AWARE_BOUNDED_CANDIDATE,UNCHANGED_OR_SAME_DATE,87,2026-09-28
VRP-T001-2026-09-29-002,T001,2026-09-29,,252,1,2026-09-29 08:07,2026-09-29 16:25,8.3,3885.8,7.038,38.6,4082.65,SCHEDULED_T001_TRAVEL_AWARE_VRP,MOVED_BY_T001_VRP,5,2026-10-02
TRV-B-2026-09-29-T002-006,T002,2026-09-29,,331,1,2026-09-29 08:03,2026-09-29 15:45,7.7,1612.9,3.745,46.12,2683.4,SCHEDULED_TRAVEL_AWARE_BOUNDED_CANDIDATE,UNCHANGED_OR_SAME_DATE,32,2026-09-29
TRV-B-2026-09-29-T003-007,T003,2026-09-29,,329,1,2026-09-29 08:06,2026-09-29 16:48,8.7,4179.8,6.398,38.19,2403.12,SCHEDULED_TRAVEL_AWARE_BOUNDED_CANDIDATE,UNCHANGED_OR_SAME_DATE,62,2026-09-29
TRV-B-2026-09-29-T004-008,T004,2026-09-29,,369,1,2026-09-29 08:08,2026-09-29 11:08,3.0,6703.2,8.295,63.89,1386.5,SCHEDULED_TRAVEL_AWARE_BOUNDED_CANDIDATE,UNCHANGED_OR_SAME_DATE,88,2026-09-29
TRV-B-2026-09-29-T004-008,T004,2026-09-29,,459,2,2026-09-29 11:18,2026-09-29 14:18,3.0,7155.9,9.895,54.71,1386.5,SCHEDULED_TRAVEL_AWARE_BOUNDED_CANDIDATE,UNCHANGED_OR_SAME_DATE,88,2026-09-29
VRP-T001-2026-09-30-003,T001,2026-09-30,,217,1,2026-09-30 08:04,2026-09-30 10:34,2.5,2568.9,4.643,28.16,1985.0,SCHEDULED_T001_TRAVEL_AWARE_VRP,MOVED_BY_T001_VRP,15,2026-10-12
VRP-T001-2026-09-30-003,T001,2026-09-30,,124,2,2026-09-30 10:35,2026-09-30 15:29,4.9,490.5,1.297,29.41,2325.8,SCHEDULED_T001_TRAVEL_AWARE_VRP,MOVED_BY_T001_VRP,12,2026-10-09
TRV-B-2026-09-30-T002-010,T002,2026-09-30,,484,1,2026-09-30 08:10,2026-09-30 11:04,2.9,5553.3,10.593,40.09,911.8,SCHEDULED_TRAVEL_AWARE_BOUNDED_CANDIDATE,MOVED_BY_BOUNDED_REPAIR,56,2026-10-23
TRV-B-2026-09-30-T002-010,T002,2026-09-30,,319,2,2026-09-30 11:16,2026-09-30 15:40,4.4,6331.1,12.342,33.07,2214.8,SCHEDULED_TRAVEL_AWARE_BOUNDED_CANDIDATE,MOVED_BY_BOUNDED_REPAIR,53,2026-10-20
TRV-B-2026-09-30-T003-011,T003,2026-09-30,,500,1,2026-09-30 08:07,2026-09-30 16:37,8.5,3723.3,7.742,41.09,2359.38,SCHEDULED_TRAVEL_AWARE_BOUNDED_CANDIDATE,UNCHANGED_OR_SAME_DATE,63,2026-09-30
TRV-B-2026-09-30-T004-012,T004,2026-09-30,,249,1,2026-09-30 08:08,2026-09-30 11:08,3.0,6560.2,8.218,54.24,1386.5,SCHEDULED_TRAVEL_AWARE_BOUNDED_CANDIDATE,UNCHANGED_OR_SAME_DATE,89,2026-09-30
TRV-B-2026-09-30-T004-012,T004,2026-09-30,,222,2,2026-09-30 11:12,2026-09-30 14:12,3.0,3832.8,3.9,50.96,1386.5,SCHEDULED_TRAVEL_AWARE_BOUNDED_CANDIDATE,UNCHANGED_OR_SAME_DATE,89,2026-09-30
VRP-T001-2026-10-01-004,T001,2026-10-01,,92,1,2026-10-01 08:08,2026-10-01 16:38,8.5,3623.6,8.207,55.0,3489.38,SCHEDULED_T001_TRAVEL_AWARE_VRP,MOVED_BY_T001_VRP,3,2026-09-30
TRV-B-2026-10-01-T002-014,T002,2026-10-01,,413,1,2026-10-01 08:09,2026-10-01 16:45,8.6,5738.3,9.885,41.59,2381.25,SCHEDULED_TRAVEL_AWARE_BOUNDED_CANDIDATE,UNCHANGED_OR_SAME_DATE,34,2026-10-01
TRV-B-2026-10-01-T003-015,T003,2026-10-01,,443,1,2026-10-01 08:01,2026-10-01 16:19,8.3,634.2,1.382,44.96,2315.63,SCHEDULED_TRAVEL_AWARE_BOUNDED_CANDIDATE,UNCHANGED_OR_SAME_DATE,64,2026-10-01
TRV-B-2026-10-01-T004-016,T004,2026-10-01,,340,1,2026-10-01 08:03,2026-10-01 10:03,2.0,1474.7,3.673,32.93,784.0,SCHEDULED_TRAVEL_AWARE_BOUNDED_CANDIDATE,MOVED_BY_BOUNDED_REPAIR,95,2026-10-06
TRV-B-2026-10-01-T004-016,T004,2026-10-01,,174,2,2026-10-01 10:08,2026-10-01 13:08,3.0,1442.7,5.147,53.43,1386.5,SCHEDULED_TRAVEL_AWARE_BOUNDED_CANDIDATE,UNCHANGED_OR_SAME_DATE,90,2026-10-01
TRV-B-2026-10-01-T004-016,T004,2026-10-01,,327,3,2026-10-01 13:17,2026-10-01 16:17,3.0,3933.5,8.327,42.83,1386.5,SCHEDULED_TRAVEL_AWARE_BOUNDED_CANDIDATE,MOVED_BY_BOUNDED_REPAIR,87,2026-09-28
VRP-T001-2026-10-02-005,T001,2026-10-02,,321,1,2026-10-02 08:02,2026-10-02 14:50,6.8,1966.6,2.955,49.3,3639.4,SCHEDULED_T001_TRAVEL_AWARE_VRP,MOVED_BY_T001_VRP,1,2026-09-28
VRP-T001-2026-10-02-005,T001,2026-10-02,,55,2,2026-10-02 14:51,2026-10-02 16:51,2.0,321.4,0.482,36.52,1914.0,SCHEDULED_T001_TRAVEL_AWARE_VRP,MOVED_BY_T001_VRP,13,2026-10-10
TRV-B-2026-10-02-T002-018,T002,2026-10-02,,311,1,2026-10-02 08:07,2026-10-02 16:43,8.6,4073.4,7.762,45.3,2381.25,SCHEDULED_TRAVEL_AWARE_BOUNDED_CANDIDATE,UNCHANGED_OR_SAME_DATE,35,2026-10-02
TRV-B-2026-10-02-T003-019,T003,2026-10-02,,236,1,2026-10-02 08:08,2026-10-02 16:02,7.9,3983.1,8.455,48.13,2228.12,SCHEDULED_TRAVEL_AWARE_BOUNDED_CANDIDATE,UNCHANGED_OR_SAME_DATE,65,2026-10-02
TRV-B-2026-10-02-T004-020,T004,2026-10-02,,153,1,2026-10-02 08:04,2026-10-02 11:04,3.0,2128.8,4.992,46.03,1386.5,SCHEDULED_TRAVEL_AWARE_BOUNDED_CANDIDATE,UNCHANGED_OR_SAME_DATE,91,2026-10-02
TRV-B-2026-10-02-T004-020,T004,2026-10-02,,354,2,2026-10-02 11:12,2026-10-02 14:12,3.0,4040.7,7.772,43.06,1386.5,SCHEDULED_TRAVEL_AWARE_BOUNDED_CANDIDATE,UNCHANGED_OR_SAME_DATE,91,2026-10-02
VRP-T001-2026-10-03-006,T001,2026-10-03,,377,1,2026-10-03 08:07,2026-10-03 12:01,3.9,3270.1,7.228,49.08,2483.12,SCHEDULED_T001_TRAVEL_AWARE_VRP,MOVED_BY_T001_VRP,22,2026-10-19
VRP-T001-2026-10-03-006,T001,2026-10-03,,65,2,2026-10-03 12:02,2026-10-03 16:08,4.1,462.1,0.948,35.37,2526.87,SCHEDULED_T001_TRAVEL_AWARE_VRP,MOVED_BY_T001_VRP,18,2026-10-15
TRV-B-2026-10-03-T002-022,T002,2026-10-03,,485,1,2026-10-03 08:05,2026-10-03 13:17,5.2,2190.8,5.02,36.26,1637.5,SCHEDULED_TRAVEL_AWARE_BOUNDED_CANDIDATE,UNCHANGED_OR_SAME_DATE,36,2026-10-03
TRV-B-2026-10-03-T002-022,T002,2026-10-03,,262,2,2026-10-03 13:32,2026-10-03 16:02,2.5,10102.3,15.14,28.02,855.0,SCHEDULED_TRAVEL_AWARE_BOUNDED_CANDIDATE,UNCHANGED_OR_SAME_DATE,36,2026-10-03
TRV-B-2026-10-03-T003-023,T003,2026-10-03,,38,1,2026-10-03 08:01,2026-10-03 15:43,7.7,825.9,1.243,31.18,2184.38,SCHEDULED_TRAVEL_AWARE_BOUNDED_CANDIDATE,UNCHANGED_OR_SAME_DATE,66,2026-10-03
TRV-B-2026-10-03-T004-024,T004,2026-10-03,,351,1,2026-10-03 08:07,2026-10-03 11:07,3.0,3940.0,7.82,52.35,1386.5,SCHEDULED_TRAVEL_AWARE_BOUNDED_CANDIDATE,UNCHANGED_OR_SAME_DATE,92,2026-10-03
TRV-B-2026-10-03-T004-024,T004,2026-10-03,,57,2,2026-10-03 11:15,2026-10-03 14:15,3.0,4117.4,7.33,45.72,1386.5,SCHEDULED_TRAVEL_AWARE_BOUNDED_CANDIDATE,UNCHANGED_OR_SAME_DATE,92,2026-10-03
VRP-T001-2026-10-04-007,T001,2026-10-04,,408,1,2026-10-04 08:04,2026-10-04 16:28,8.4,1843.3,4.357,48.56,4112.2,SCHEDULED_T001_TRAVEL_AWARE_VRP,MOVED_BY_T001_VRP,4,2026-10-01
TRV-B-2026-10-04-T002-026,T002,2026-10-04,,188,1,2026-10-04 08:03,2026-10-04 16:27,8.4,1656.0,3.737,38.31,2337.5,SCHEDULED_TRAVEL_AWARE_BOUNDED_CANDIDATE,UNCHANGED_OR_SAME_DATE,37,2026-10-04
TRV-B-2026-10-04-T003-027,T003,2026-10-04,,442,1,2026-10-04 08:09,2026-10-04 10:39,2.5,5206.1,9.247,44.38,855.0,SCHEDULED_TRAVEL_AWARE_BOUNDED_CANDIDATE,UNCHANGED_OR_SAME_DATE,67,2026-10-04
TRV-B-2026-10-04-T003-027,T003,2026-10-04,,403,2,2026-10-04 10:40,2026-10-04 13:04,2.4,635.5,1.72,48.68,840.8,SCHEDULED_TRAVEL_AWARE_BOUNDED_CANDIDATE,UNCHANGED_OR_SAME_DATE,67,2026-10-04
TRV-B-2026-10-04-T003-027,T003,2026-10-04,,184,3,2026-10-04 13:08,2026-10-04 15:32,2.4,2172.8,3.875,27.88,840.8,SCHEDULED_TRAVEL_AWARE_BOUNDED_CANDIDATE,UNCHANGED_OR_SAME_DATE,67,2026-10-04
TRV-B-2026-10-04-T004-028,T004,2026-10-04,,204,1,2026-10-04 08:03,2026-10-04 11:03,3.0,1702.7,3.877,48.9,1386.5,SCHEDULED_TRAVEL_AWARE_BOUNDED_CANDIDATE,UNCHANGED_OR_SAME_DATE,93,2026-10-04
TRV-B-2026-10-04-T004-028,T004,2026-10-04,,45,2,2026-10-04 11:06,2026-10-04 14:06,3.0,970.0,2.568,46.83,1386.5,SCHEDULED_TRAVEL_AWARE_BOUNDED_CANDIDATE,UNCHANGED_OR_SAME_DATE,93,2026-10-04
VRP-T001-2026-10-05-008,T001,2026-10-05,,350,1,2026-10-05 08:06,2026-10-05 12:54,4.8,3084.3,6.913,46.52,2680.0,SCHEDULED_T001_TRAVEL_AWARE_VRP,MOVED_BY_T001_VRP,16,2026-10-13
VRP-T001-2026-10-05-008,T001,2026-10-05,,313,2,2026-10-05 12:56,2026-10-05 16:50,3.9,772.1,1.952,41.26,2183.8,SCHEDULED_T001_TRAVEL_AWARE_VRP,MOVED_BY_T001_VRP,21,2026-10-18
TRV-B-2026-10-05-T002-030,T002,2026-10-05,,86,1,2026-10-05 08:11,2026-10-05 16:41,8.5,6007.6,11.618,34.88,2359.38,SCHEDULED_TRAVEL_AWARE_BOUNDED_CANDIDATE,UNCHANGED_OR_SAME_DATE,38,2026-10-05
TRV-B-2026-10-05-T003-031,T003,2026-10-05,,448,1,2026-10-05 08:00,2026-10-05 10:24,2.4,208.4,0.312,32.87,840.8,SCHEDULED_TRAVEL_AWARE_BOUNDED_CANDIDATE,UNCHANGED_OR_SAME_DATE,68,2026-10-05
TRV-B-2026-10-05-T003-031,T003,2026-10-05,,22,2,2026-10-05 10:33,2026-10-05 13:57,3.4,5835.0,9.123,42.03,982.8,SCHEDULED_TRAVEL_AWARE_BOUNDED_CANDIDATE,UNCHANGED_OR_SAME_DATE,68,2026-10-05
TRV-B-2026-10-05-T003-031,T003,2026-10-05,,127,3,2026-10-05 14:02,2026-10-05 16:08,2.1,4898.8,5.378,35.72,798.2,SCHEDULED_TRAVEL_AWARE_BOUNDED_CANDIDATE,UNCHANGED_OR_SAME_DATE,68,2026-10-05
TRV-B-2026-10-05-T004-032,T004,2026-10-05,,360,1,2026-10-05 08:02,2026-10-05 11:02,3.0,1188.8,2.56,54.32,1386.5,SCHEDULED_TRAVEL_AWARE_BOUNDED_CANDIDATE,UNCHANGED_OR_SAME_DATE,94,2026-10-05
TRV-B-2026-10-05-T004-032,T004,2026-10-05,,150,2,2026-10-05 11:10,2026-10-05 14:10,3.0,4263.7,7.578,48.99,1386.5,SCHEDULED_TRAVEL_AWARE_BOUNDED_CANDIDATE,UNCHANGED_OR_SAME_DATE,94,2026-10-05
VRP-T001-2026-10-06-009,T001,2026-10-06,,61,1,2026-10-06 08:02,2026-10-06 11:44,3.7,1139.9,2.42,38.12,2155.4,SCHEDULED_T001_TRAVEL_AWARE_VRP,MOVED_BY_T001_VRP,27,2026-10-24
VRP-T001-2026-10-06-009,T001,2026-10-06,,214,2,2026-10-06 11:44,2026-10-06 13:44,2.0,54.2,0.138,47.42,1914.0,SCHEDULED_T001_TRAVEL_AWARE_VRP,MOVED_BY_T001_VRP,11,2026-10-08
VRP-T001-2026-10-06-009,T001,2026-10-06,,169,3,2026-10-06 13:46,2026-10-06 15:46,2.0,1024.1,1.682,31.64,1914.0,SCHEDULED_T001_TRAVEL_AWARE_VRP,MOVED_BY_T001_VRP,8,2026-10-05
TRV-B-2026-10-06-T002-034,T002,2026-10-06,,391,1,2026-10-06 08:06,2026-10-06 10:48,2.7,4473.2,6.847,28.09,883.4,SCHEDULED_TRAVEL_AWARE_BOUNDED_CANDIDATE,UNCHANGED_OR_SAME_DATE,39,2026-10-06
TRV-B-2026-10-06-T002-034,T002,2026-10-06,,67,2,2026-10-06 11:00,2026-10-06 13:06,2.1,9353.3,11.68,46.77,798.2,SCHEDULED_TRAVEL_AWARE_BOUNDED_CANDIDATE,UNCHANGED_OR_SAME_DATE,39,2026-10-06
TRV-B-2026-10-06-T002-034,T002,2026-10-06,,121,3,2026-10-06 13:18,2026-10-06 15:24,2.1,6363.0,12.438,21.66,798.2,SCHEDULED_TRAVEL_AWARE_BOUNDED_CANDIDATE,UNCHANGED_OR_SAME_DATE,39,2026-10-06
TRV-B-2026-10-06-T003-035,T003,2026-10-06,,494,1,2026-10-06 08:10,2026-10-06 15:46,7.6,7230.8,10.0,39.26,2162.5,SCHEDULED_TRAVEL_AWARE_BOUNDED_CANDIDATE,UNCHANGED_OR_SAME_DATE,69,2026-10-06
TRV-B-2026-10-06-T004-036,T004,2026-10-06,,225,1,2026-10-06 08:11,2026-10-06 11:11,3.0,5542.8,11.408,43.58,1386.5,SCHEDULED_TRAVEL_AWARE_BOUNDED_CANDIDATE,MOVED_BY_BOUNDED_REPAIR,87,2026-09-28
TRV-B-2026-10-06-T004-036,T004,2026-10-06,,210,2,2026-10-06 11:17,2026-10-06 14:17,3.0,3622.4,6.568,48.01,1386.5,SCHEDULED_TRAVEL_AWARE_BOUNDED_CANDIDATE,UNCHANGED_OR_SAME_DATE,95,2026-10-06
TRV-B-2026-10-06-T004-036,T004,2026-10-06,,100,3,2026-10-06 14:29,2026-10-06 16:29,2.0,8538.4,11.735,33.76,784.0,SCHEDULED_TRAVEL_AWARE_BOUNDED_CANDIDATE,UNCHANGED_OR_SAME_DATE,95,2026-10-06
VRP-T001-2026-10-07-010,T001,2026-10-07,,316,1,2026-10-07 08:03,2026-10-07 10:03,2.0,1441.9,3.502,34.08,1914.0,SCHEDULED_T001_TRAVEL_AWARE_VRP,MOVED_BY_T001_VRP,14,2026-10-11
VRP-T001-2026-10-07-010,T001,2026-10-07,,487,2,2026-10-07 10:03,2026-10-07 12:21,2.3,30.1,0.18,31.07,1956.6,SCHEDULED_T001_TRAVEL_AWARE_VRP,MOVED_BY_T001_VRP,9,2026-10-06
VRP-T001-2026-10-07-010,T001,2026-10-07,,259,3,2026-10-07 12:24,2026-10-07 15:00,2.6,391.2,2.433,35.77,1999.2,SCHEDULED_T001_TRAVEL_AWARE_VRP,MOVED_BY_T001_VRP,29,2026-10-26
TRV-B-2026-10-07-T002-038,T002,2026-10-07,,8,1,2026-10-07 08:08,2026-10-07 13:44,5.6,4420.3,8.493,59.67,1725.0,SCHEDULED_TRAVEL_AWARE_BOUNDED_CANDIDATE,UNCHANGED_OR_SAME_DATE,40,2026-10-07
TRV-B-2026-10-07-T002-038,T002,2026-10-07,,112,2,2026-10-07 13:49,2026-10-07 16:31,2.7,3937.4,4.875,33.59,883.4,SCHEDULED_TRAVEL_AWARE_BOUNDED_CANDIDATE,MOVED_BY_BOUNDED_REPAIR,54,2026-10-21
TRV-B-2026-10-07-T003-039,T003,2026-10-07,,419,1,2026-10-07 08:03,2026-10-07 15:39,7.6,1319.6,3.635,46.04,2162.5,SCHEDULED_TRAVEL_AWARE_BOUNDED_CANDIDATE,UNCHANGED_OR_SAME_DATE,70,2026-10-07
TRV-B-2026-10-07-T004-040,T004,2026-10-07,,322,1,2026-10-07 08:00,2026-10-07 10:00,2.0,445.6,0.978,32.39,784.0,SCHEDULED_TRAVEL_AWARE_BOUNDED_CANDIDATE,UNCHANGED_OR_SAME_DATE,96,2026-10-07
TRV-B-2026-10-07-T004-040,T004,2026-10-07,,451,2,2026-10-07 10:06,2026-10-07 12:06,2.0,2349.5,5.26,45.78,784.0,SCHEDULED_TRAVEL_AWARE_BOUNDED_CANDIDATE,UNCHANGED_OR_SAME_DATE,96,2026-10-07
TRV-B-2026-10-07-T004-040,T004,2026-10-07,,49,3,2026-10-07 12:10,2026-10-07 14:10,2.0,2296.1,3.955,31.96,784.0,SCHEDULED_TRAVEL_AWARE_BOUNDED_CANDIDATE,UNCHANGED_OR_SAME_DATE,96,2026-10-07
TRV-B-2026-10-07-T004-040,T004,2026-10-07,,230,4,2026-10-07 14:13,2026-10-07 16:13,2.0,2215.5,3.657,55.16,937.5,SCHEDULED_TRAVEL_AWARE_BOUNDED_CANDIDATE,UNCHANGED_OR_SAME_DATE,96,2026-10-07
VRP-T001-2026-10-08-011,T001,2026-10-08,,305,1,2026-10-08 08:07,2026-10-08 11:55,3.8,4193.3,7.947,64.89,2461.25,SCHEDULED_T001_TRAVEL_AWARE_VRP,MOVED_BY_T001_VRP,26,2026-10-23
VRP-T001-2026-10-08-011,T001,2026-10-08,,460,2,2026-10-08 11:57,2026-10-08 13:57,2.0,653.4,1.098,40.47,1914.0,SCHEDULED_T001_TRAVEL_AWARE_VRP,MOVED_BY_T001_VRP,30,2026-10-27
VRP-T001-2026-10-08-011,T001,2026-10-08,,205,3,2026-10-08 13:57,2026-10-08 15:57,2.0,38.2,0.092,38.62,1914.0,SCHEDULED_T001_TRAVEL_AWARE_VRP,MOVED_BY_T001_VRP,12,2026-10-09
TRV-B-2026-10-08-T002-042,T002,2026-10-08,,52,1,2026-10-08 08:12,2026-10-08 16:36,8.4,7139.2,12.748,36.14,2782.8,SCHEDULED_TRAVEL_AWARE_BOUNDED_CANDIDATE,UNCHANGED_OR_SAME_DATE,41,2026-10-08
TRV-B-2026-10-08-T003-043,T003,2026-10-08,,287,1,2026-10-08 08:09,2026-10-08 15:27,7.3,4786.3,9.373,51.37,2096.88,SCHEDULED_TRAVEL_AWARE_BOUNDED_CANDIDATE,UNCHANGED_OR_SAME_DATE,71,2026-10-08
TRV-B-2026-10-08-T004-044,T004,2026-10-08,,163,1,2026-10-08 08:10,2026-10-08 10:10,2.0,5049.4,10.208,35.51,784.0,SCHEDULED_TRAVEL_AWARE_BOUNDED_CANDIDATE,UNCHANGED_OR_SAME_DATE,97,2026-10-08
TRV-B-2026-10-08-T004-044,T004,2026-10-08,,272,2,2026-10-08 10:16,2026-10-08 12:16,2.0,3627.1,6.228,45.54,937.5,SCHEDULED_TRAVEL_AWARE_BOUNDED_CANDIDATE,UNCHANGED_OR_SAME_DATE,97,2026-10-08
TRV-B-2026-10-08-T004-044,T004,2026-10-08,,491,3,2026-10-08 12:18,2026-10-08 14:18,2.0,552.1,1.568,46.44,937.5,SCHEDULED_TRAVEL_AWARE_BOUNDED_CANDIDATE,UNCHANGED_OR_SAME_DATE,97,2026-10-08
TRV-B-2026-10-08-T004-044,T004,2026-10-08,,263,4,2026-10-08 14:24,2026-10-08 16:24,2.0,6583.8,6.355,39.08,937.5,SCHEDULED_TRAVEL_AWARE_BOUNDED_CANDIDATE,UNCHANGED_OR_SAME_DATE,97,2026-10-08
VRP-T001-2026-10-09-012,T001,2026-10-09,,388,1,2026-10-09 08:08,2026-10-09 10:26,2.3,4364.9,8.527,46.27,1956.6,SCHEDULED_T001_TRAVEL_AWARE_VRP,MOVED_BY_T001_VRP,8,2026-10-05
VRP-T001-2026-10-09-012,T001,2026-10-09,,346,2,2026-10-09 10:29,2026-10-09 14:23,3.9,3110.7,3.062,30.81,2183.8,SCHEDULED_T001_TRAVEL_AWARE_VRP,MOVED_BY_T001_VRP,23,2026-10-20
VRP-T001-2026-10-09-012,T001,2026-10-09,,76,3,2026-10-09 14:25,2026-10-09 16:25,2.0,874.5,1.78,44.07,1914.0,SCHEDULED_T001_TRAVEL_AWARE_VRP,MOVED_BY_T001_VRP,1,2026-09-28
TRV-B-2026-10-09-T002-046,T002,2026-10-09,,226,1,2026-10-09 08:02,2026-10-09 13:56,5.9,1510.1,2.27,25.4,2427.8,SCHEDULED_TRAVEL_AWARE_BOUNDED_CANDIDATE,UNCHANGED_OR_SAME_DATE,42,2026-10-09
TRV-B-2026-10-09-T002-046,T002,2026-10-09,,286,2,2026-10-09 14:04,2026-10-09 16:46,2.7,4251.2,8.365,33.5,883.4,SCHEDULED_TRAVEL_AWARE_BOUNDED_CANDIDATE,UNCHANGED_OR_SAME_DATE,42,2026-10-09
TRV-B-2026-10-09-T003-047,T003,2026-10-09,,290,1,2026-10-09 08:10,2026-10-09 15:22,7.2,6557.5,10.062,50.87,2075.0,SCHEDULED_TRAVEL_AWARE_BOUNDED_CANDIDATE,UNCHANGED_OR_SAME_DATE,72,2026-10-09
TRV-B-2026-10-09-T004-048,T004,2026-10-09,,157,1,2026-10-09 08:03,2026-10-09 10:03,2.0,1420.0,3.062,42.05,784.0,SCHEDULED_TRAVEL_AWARE_BOUNDED_CANDIDATE,UNCHANGED_OR_SAME_DATE,98,2026-10-09
TRV-B-2026-10-09-T004-048,T004,2026-10-09,,470,2,2026-10-09 10:06,2026-10-09 12:06,2.0,1321.6,2.975,49.35,937.5,SCHEDULED_TRAVEL_AWARE_BOUNDED_CANDIDATE,UNCHANGED_OR_SAME_DATE,98,2026-10-09
TRV-B-2026-10-09-T004-048,T004,2026-10-09,,344,3,2026-10-09 12:13,2026-10-09 14:13,2.0,4697.5,7.448,33.0,937.5,SCHEDULED_TRAVEL_AWARE_BOUNDED_CANDIDATE,UNCHANGED_OR_SAME_DATE,98,2026-10-09
TRV-B-2026-10-09-T004-048,T004,2026-10-09,,89,4,2026-10-09 14:18,2026-10-09 16:18,2.0,3013.2,4.91,31.81,937.5,SCHEDULED_TRAVEL_AWARE_BOUNDED_CANDIDATE,UNCHANGED_OR_SAME_DATE,98,2026-10-09
VRP-T001-2026-10-10-013,T001,2026-10-10,,32,1,2026-10-10 08:00,2026-10-10 11:36,3.6,445.6,0.978,40.85,2417.5,SCHEDULED_T001_TRAVEL_AWARE_VRP,MOVED_BY_T001_VRP,28,2026-10-25
TRV-B-2026-10-10-T002-050,T002,2026-10-10,,394,1,2026-10-10 08:06,2026-10-10 11:36,3.5,2698.7,6.448,33.05,997.0,SCHEDULED_TRAVEL_AWARE_BOUNDED_CANDIDATE,MOVED_BY_BOUNDED_REPAIR,44,2026-10-11
TRV-B-2026-10-10-T002-050,T002,2026-10-10,,359,2,2026-10-10 11:36,2026-10-10 16:36,5.0,198.2,0.477,38.77,1593.75,SCHEDULED_TRAVEL_AWARE_BOUNDED_CANDIDATE,UNCHANGED_OR_SAME_DATE,43,2026-10-10
TRV-B-2026-10-10-T003-051,T003,2026-10-10,,17,1,2026-10-10 08:08,2026-10-10 15:14,7.1,3432.0,8.072,53.94,2053.12,SCHEDULED_TRAVEL_AWARE_BOUNDED_CANDIDATE,UNCHANGED_OR_SAME_DATE,73,2026-10-10
TRV-B-2026-10-10-T004-052,T004,2026-10-10,,125,1,2026-10-10 08:10,2026-10-10 10:10,2.0,6101.1,10.443,45.93,937.5,SCHEDULED_TRAVEL_AWARE_BOUNDED_CANDIDATE,UNCHANGED_OR_SAME_DATE,99,2026-10-10
TRV-B-2026-10-10-T004-052,T004,2026-10-10,,353,2,2026-10-10 10:12,2026-10-10 12:12,2.0,986.9,2.083,43.43,937.5,SCHEDULED_TRAVEL_AWARE_BOUNDED_CANDIDATE,UNCHANGED_OR_SAME_DATE,99,2026-10-10
TRV-B-2026-10-10-T004-052,T004,2026-10-10,,352,3,2026-10-10 12:16,2026-10-10 14:16,2.0,2204.5,4.382,25.92,784.0,SCHEDULED_TRAVEL_AWARE_BOUNDED_CANDIDATE,UNCHANGED_OR_SAME_DATE,99,2026-10-10
TRV-B-2026-10-10-T004-052,T004,2026-10-10,,430,4,2026-10-10 14:28,2026-10-10 16:28,2.0,5665.2,11.478,34.73,784.0,SCHEDULED_TRAVEL_AWARE_BOUNDED_CANDIDATE,UNCHANGED_OR_SAME_DATE,99,2026-10-10
VRP-T001-2026-10-11-014,T001,2026-10-11,,202,1,2026-10-11 08:08,2026-10-11 10:26,2.3,4704.1,8.105,35.93,1956.6,SCHEDULED_T001_TRAVEL_AWARE_VRP,MOVED_BY_T001_VRP,9,2026-10-06
VRP-T001-2026-10-11-014,T001,2026-10-11,,416,2,2026-10-11 10:30,2026-10-11 14:24,3.9,1756.3,4.38,46.91,2483.12,SCHEDULED_T001_TRAVEL_AWARE_VRP,MOVED_BY_T001_VRP,23,2026-10-20
VRP-T001-2026-10-11-014,T001,2026-10-11,,136,3,2026-10-11 14:30,2026-10-11 16:36,2.1,2719.2,6.383,38.29,1928.2,SCHEDULED_T001_TRAVEL_AWARE_VRP,MOVED_BY_T001_VRP,10,2026-10-07
TRV-B-2026-10-11-T002-054,T002,2026-10-11,,82,1,2026-10-11 08:09,2026-10-11 12:21,4.2,4701.8,9.42,32.65,2186.4,SCHEDULED_TRAVEL_AWARE_BOUNDED_CANDIDATE,MOVED_BY_BOUNDED_REPAIR,49,2026-10-16
TRV-B-2026-10-11-T002-054,T002,2026-10-11,,1,2,2026-10-11 12:32,2026-10-11 16:44,4.2,7400.7,11.172,36.54,2186.4,SCHEDULED_TRAVEL_AWARE_BOUNDED_CANDIDATE,MOVED_BY_BOUNDED_REPAIR,48,2026-10-15
TRV-B-2026-10-11-T003-055,T003,2026-10-11,,293,1,2026-10-11 08:12,2026-10-11 15:06,6.9,6162.7,12.265,32.26,2009.38,SCHEDULED_TRAVEL_AWARE_BOUNDED_CANDIDATE,UNCHANGED_OR_SAME_DATE,74,2026-10-11
TRV-B-2026-10-11-T004-056,T004,2026-10-11,,79,1,2026-10-11 08:07,2026-10-11 10:07,2.0,4433.7,7.988,26.12,784.0,SCHEDULED_TRAVEL_AWARE_BOUNDED_CANDIDATE,UNCHANGED_OR_SAME_DATE,100,2026-10-11
TRV-B-2026-10-11-T004-056,T004,2026-10-11,,199,2,2026-10-11 10:18,2026-10-11 12:18,2.0,6530.0,10.378,35.21,784.0,SCHEDULED_TRAVEL_AWARE_BOUNDED_CANDIDATE,UNCHANGED_OR_SAME_DATE,100,2026-10-11
TRV-B-2026-10-11-T004-056,T004,2026-10-11,,244,3,2026-10-11 12:24,2026-10-11 14:24,2.0,4715.0,5.815,31.86,784.0,SCHEDULED_TRAVEL_AWARE_BOUNDED_CANDIDATE,UNCHANGED_OR_SAME_DATE,100,2026-10-11
TRV-B-2026-10-11-T004-056,T004,2026-10-11,,85,4,2026-10-11 14:28,2026-10-11 16:28,2.0,3540.6,4.81,21.25,784.0,SCHEDULED_TRAVEL_AWARE_BOUNDED_CANDIDATE,UNCHANGED_OR_SAME_DATE,100,2026-10-11
VRP-T001-2026-10-12-015,T001,2026-10-12,,34,1,2026-10-12 08:07,2026-10-12 11:55,3.8,3680.3,7.662,29.3,2169.6,SCHEDULED_T001_TRAVEL_AWARE_VRP,MOVED_BY_T001_VRP,25,2026-10-22
VRP-T001-2026-10-12-015,T001,2026-10-12,,461,2,2026-10-12 11:59,2026-10-12 16:35,4.6,1842.3,4.273,38.08,2636.25,SCHEDULED_T001_TRAVEL_AWARE_VRP,MOVED_BY_T001_VRP,20,2026-10-17
TRV-B-2026-10-12-T002-058,T002,2026-10-12,,103,1,2026-10-12 08:07,2026-10-12 11:37,3.5,4614.6,7.053,32.72,997.0,SCHEDULED_TRAVEL_AWARE_BOUNDED_CANDIDATE,UNCHANGED_OR_SAME_DATE,45,2026-10-12
TRV-B-2026-10-12-T002-058,T002,2026-10-12,,13,2,2026-10-12 11:41,2026-10-12 14:05,2.4,5155.1,4.517,44.23,840.8,SCHEDULED_TRAVEL_AWARE_BOUNDED_CANDIDATE,UNCHANGED_OR_SAME_DATE,45,2026-10-12
TRV-B-2026-10-12-T002-058,T002,2026-10-12,,16,3,2026-10-12 14:13,2026-10-12 16:43,2.5,5082.1,7.783,34.56,855.0,SCHEDULED_TRAVEL_AWARE_BOUNDED_CANDIDATE,UNCHANGED_OR_SAME_DATE,45,2026-10-12
TRV-B-2026-10-12-T003-059,T003,2026-10-12,,251,1,2026-10-12 08:09,2026-10-12 14:51,6.7,6388.8,9.943,39.91,1965.62,SCHEDULED_TRAVEL_AWARE_BOUNDED_CANDIDATE,UNCHANGED_OR_SAME_DATE,75,2026-10-12
TRV-B-2026-10-12-T004-060,T004,2026-10-12,,400,1,2026-10-12 08:09,2026-10-12 10:09,2.0,4774.5,9.582,27.78,784.0,SCHEDULED_TRAVEL_AWARE_BOUNDED_CANDIDATE,UNCHANGED_OR_SAME_DATE,101,2026-10-12
TRV-B-2026-10-12-T004-060,T004,2026-10-12,,223,2,2026-10-12 10:14,2026-10-12 12:14,2.0,2838.7,4.663,33.13,784.0,SCHEDULED_TRAVEL_AWARE_BOUNDED_CANDIDATE,UNCHANGED_OR_SAME_DATE,101,2026-10-12
TRV-B-2026-10-12-T004-060,T004,2026-10-12,,178,3,2026-10-12 12:21,2026-10-12 14:21,2.0,5588.7,6.915,38.22,784.0,SCHEDULED_TRAVEL_AWARE_BOUNDED_CANDIDATE,UNCHANGED_OR_SAME_DATE,101,2026-10-12
TRV-B-2026-10-12-T004-060,T004,2026-10-12,,95,4,2026-10-12 14:28,2026-10-12 16:28,2.0,4154.9,7.693,44.1,937.5,SCHEDULED_TRAVEL_AWARE_BOUNDED_CANDIDATE,UNCHANGED_OR_SAME_DATE,101,2026-10-12
VRP-T001-2026-10-13-016,T001,2026-10-13,,10,1,2026-10-13 08:10,2026-10-13 12:04,3.9,4989.0,10.297,26.48,2183.8,SCHEDULED_T001_TRAVEL_AWARE_VRP,MOVED_BY_T001_VRP,22,2026-10-19
VRP-T001-2026-10-13-016,T001,2026-10-13,,314,2,2026-10-13 12:07,2026-10-13 15:55,3.8,665.3,2.832,33.86,2461.25,SCHEDULED_T001_TRAVEL_AWARE_VRP,MOVED_BY_T001_VRP,24,2026-10-21
TRV-B-2026-10-13-T002-062,T002,2026-10-13,,208,1,2026-10-13 08:08,2026-10-13 13:02,4.9,3865.8,8.018,45.4,2285.8,SCHEDULED_TRAVEL_AWARE_BOUNDED_CANDIDATE,UNCHANGED_OR_SAME_DATE,46,2026-10-13
TRV-B-2026-10-13-T002-062,T002,2026-10-13,,412,2,2026-10-13 13:05,2026-10-13 15:29,2.4,2197.7,3.128,35.78,840.8,SCHEDULED_TRAVEL_AWARE_BOUNDED_CANDIDATE,UNCHANGED_OR_SAME_DATE,46,2026-10-13
TRV-B-2026-10-13-T003-063,T003,2026-10-13,,382,1,2026-10-13 08:10,2026-10-13 10:16,2.1,6049.1,10.165,36.97,798.2,SCHEDULED_TRAVEL_AWARE_BOUNDED_CANDIDATE,UNCHANGED_OR_SAME_DATE,76,2026-10-13
TRV-B-2026-10-13-T003-063,T003,2026-10-13,,44,2,2026-10-13 10:23,2026-10-13 16:53,6.5,6612.7,7.077,38.52,1921.88,SCHEDULED_TRAVEL_AWARE_BOUNDED_CANDIDATE,UNCHANGED_OR_SAME_DATE,76,2026-10-13
TRV-B-2026-10-13-T004-064,T004,2026-10-13,,5,1,2026-10-13 08:09,2026-10-13 10:09,2.0,6671.9,9.538,37.57,937.5,SCHEDULED_TRAVEL_AWARE_BOUNDED_CANDIDATE,UNCHANGED_OR_SAME_DATE,102,2026-10-13
TRV-B-2026-10-13-T004-064,T004,2026-10-13,,380,2,2026-10-13 10:19,2026-10-13 12:19,2.0,7461.2,10.405,44.79,937.5,SCHEDULED_TRAVEL_AWARE_BOUNDED_CANDIDATE,UNCHANGED_OR_SAME_DATE,102,2026-10-13
TRV-B-2026-10-13-T004-064,T004,2026-10-13,,475,3,2026-10-13 12:27,2026-10-13 14:27,2.0,3617.3,7.92,37.04,784.0,SCHEDULED_TRAVEL_AWARE_BOUNDED_CANDIDATE,UNCHANGED_OR_SAME_DATE,102,2026-10-13
TRV-B-2026-10-13-T004-064,T004,2026-10-13,,197,4,2026-10-13 14:28,2026-10-13 16:28,2.0,340.0,0.635,46.02,937.5,SCHEDULED_TRAVEL_AWARE_BOUNDED_CANDIDATE,UNCHANGED_OR_SAME_DATE,102,2026-10-13
VRP-T001-2026-10-14-017,T001,2026-10-14,,26,1,2026-10-14 08:11,2026-10-14 12:47,4.6,6054.8,11.538,37.98,2636.25,SCHEDULED_T001_TRAVEL_AWARE_VRP,MOVED_BY_T001_VRP,10,2026-10-07
VRP-T001-2026-10-14-017,T001,2026-10-14,,253,2,2026-10-14 12:57,2026-10-14 16:45,3.8,4958.3,9.658,37.21,2169.6,SCHEDULED_T001_TRAVEL_AWARE_VRP,MOVED_BY_T001_VRP,24,2026-10-21
TRV-B-2026-10-14-T002-066,T002,2026-10-14,,281,1,2026-10-14 08:10,2026-10-14 12:46,4.6,5473.0,10.443,39.03,1506.25,SCHEDULED_TRAVEL_AWARE_BOUNDED_CANDIDATE,UNCHANGED_OR_SAME_DATE,47,2026-10-14
TRV-B-2026-10-14-T002-066,T002,2026-10-14,,43,2,2026-10-14 12:57,2026-10-14 16:39,3.7,5020.9,10.852,33.61,2115.4,SCHEDULED_TRAVEL_AWARE_BOUNDED_CANDIDATE,MOVED_BY_BOUNDED_REPAIR,43,2026-10-10
TRV-B-2026-10-14-T003-067,T003,2026-10-14,,227,1,2026-10-14 08:11,2026-10-14 14:41,6.5,5839.3,11.128,39.16,1921.88,SCHEDULED_TRAVEL_AWARE_BOUNDED_CANDIDATE,UNCHANGED_OR_SAME_DATE,77,2026-10-14
TRV-B-2026-10-14-T004-068,T004,2026-10-14,,271,1,2026-10-14 08:01,2026-10-14 10:01,2.0,782.6,1.173,29.32,784.0,SCHEDULED_TRAVEL_AWARE_BOUNDED_CANDIDATE,UNCHANGED_OR_SAME_DATE,103,2026-10-14
TRV-B-2026-10-14-T004-068,T004,2026-10-14,,454,2,2026-10-14 10:05,2026-10-14 12:05,2.0,2196.4,4.07,30.61,784.0,SCHEDULED_TRAVEL_AWARE_BOUNDED_CANDIDATE,UNCHANGED_OR_SAME_DATE,103,2026-10-14
TRV-B-2026-10-14-T004-068,T004,2026-10-14,,119,3,2026-10-14 12:11,2026-10-14 14:11,2.0,3144.4,5.94,46.13,937.5,SCHEDULED_TRAVEL_AWARE_BOUNDED_CANDIDATE,UNCHANGED_OR_SAME_DATE,103,2026-10-14
TRV-B-2026-10-14-T004-068,T004,2026-10-14,,268,4,2026-10-14 14:17,2026-10-14 16:17,2.0,4000.3,5.995,38.08,784.0,SCHEDULED_TRAVEL_AWARE_BOUNDED_CANDIDATE,UNCHANGED_OR_SAME_DATE,103,2026-10-14
VRP-T001-2026-10-15-018,T001,2026-10-15,,370,1,2026-10-15 08:01,2026-10-15 10:01,2.0,757.6,1.678,28.63,1914.0,SCHEDULED_T001_TRAVEL_AWARE_VRP,MOVED_BY_T001_VRP,14,2026-10-11
VRP-T001-2026-10-15-018,T001,2026-10-15,,70,2,2026-10-15 10:04,2026-10-15 12:28,2.4,1474.0,2.677,29.01,1970.8,SCHEDULED_T001_TRAVEL_AWARE_VRP,MOVED_BY_T001_VRP,6,2026-10-03
VRP-T001-2026-10-15-018,T001,2026-10-15,,457,3,2026-10-15 12:28,2026-10-15 16:52,4.4,190.0,0.285,29.58,2254.8,SCHEDULED_T001_TRAVEL_AWARE_VRP,MOVED_BY_T001_VRP,20,2026-10-17
TRV-B-2026-10-15-T002-070,T002,2026-10-15,,367,1,2026-10-15 08:12,2026-10-15 11:54,3.7,7258.6,12.878,38.25,2115.4,SCHEDULED_TRAVEL_AWARE_BOUNDED_CANDIDATE,MOVED_BY_BOUNDED_REPAIR,31,2026-09-28
TRV-B-2026-10-15-T002-070,T002,2026-10-15,,113,2,2026-10-15 11:59,2026-10-15 16:41,4.7,3197.9,4.645,43.93,1528.12,SCHEDULED_TRAVEL_AWARE_BOUNDED_CANDIDATE,UNCHANGED_OR_SAME_DATE,48,2026-10-15
TRV-B-2026-10-15-T003-071,T003,2026-10-15,,41,1,2026-10-15 08:09,2026-10-15 14:33,6.4,4615.7,9.997,37.06,1900.0,SCHEDULED_TRAVEL_AWARE_BOUNDED_CANDIDATE,UNCHANGED_OR_SAME_DATE,78,2026-10-15
TRV-B-2026-10-15-T004-072,T004,2026-10-15,,128,1,2026-10-15 08:11,2026-10-15 10:11,2.0,5280.9,11.433,32.05,937.5,SCHEDULED_TRAVEL_AWARE_BOUNDED_CANDIDATE,UNCHANGED_OR_SAME_DATE,104,2026-10-15
TRV-B-2026-10-15-T004-072,T004,2026-10-15,,182,2,2026-10-15 10:21,2026-10-15 12:21,2.0,6453.5,10.25,42.18,937.5,SCHEDULED_TRAVEL_AWARE_BOUNDED_CANDIDATE,UNCHANGED_OR_SAME_DATE,104,2026-10-15
TRV-B-2026-10-15-T004-072,T004,2026-10-15,,166,3,2026-10-15 12:26,2026-10-15 14:26,2.0,3048.0,5.13,36.96,784.0,SCHEDULED_TRAVEL_AWARE_BOUNDED_CANDIDATE,UNCHANGED_OR_SAME_DATE,104,2026-10-15
TRV-B-2026-10-15-T004-072,T004,2026-10-15,,140,4,2026-10-15 14:35,2026-10-15 16:35,2.0,4026.4,9.112,38.44,937.5,SCHEDULED_TRAVEL_AWARE_BOUNDED_CANDIDATE,UNCHANGED_OR_SAME_DATE,104,2026-10-15
VRP-T001-2026-10-16-019,T001,2026-10-16,,466,1,2026-10-16 08:09,2026-10-16 12:57,4.8,4220.3,9.293,35.89,2311.6,SCHEDULED_T001_TRAVEL_AWARE_VRP,UNCHANGED,19,2026-10-16
VRP-T001-2026-10-16-019,T001,2026-10-16,,260,2,2026-10-16 13:01,2026-10-16 16:49,3.8,2198.5,4.422,43.26,2461.25,SCHEDULED_T001_TRAVEL_AWARE_VRP,MOVED_BY_T001_VRP,25,2026-10-22
TRV-B-2026-10-16-T002-074,T002,2026-10-16,,215,1,2026-10-16 08:09,2026-10-16 12:51,4.7,5074.7,9.137,52.13,1528.12,SCHEDULED_TRAVEL_AWARE_BOUNDED_CANDIDATE,UNCHANGED_OR_SAME_DATE,49,2026-10-16
TRV-B-2026-10-16-T002-074,T002,2026-10-16,,256,2,2026-10-16 13:00,2026-10-16 15:42,2.7,5445.7,8.867,33.96,883.4,SCHEDULED_TRAVEL_AWARE_BOUNDED_CANDIDATE,MOVED_BY_BOUNDED_REPAIR,44,2026-10-11
TRV-B-2026-10-16-T003-075,T003,2026-10-16,,190,1,2026-10-16 08:11,2026-10-16 10:17,2.1,5756.7,11.655,31.78,798.2,SCHEDULED_TRAVEL_AWARE_BOUNDED_CANDIDATE,MOVED_BY_BOUNDED_REPAIR,74,2026-10-11
TRV-B-2026-10-16-T003-075,T003,2026-10-16,,98,2,2026-10-16 10:23,2026-10-16 16:41,6.3,6758.5,6.118,47.49,1878.12,SCHEDULED_TRAVEL_AWARE_BOUNDED_CANDIDATE,UNCHANGED_OR_SAME_DATE,79,2026-10-16
TRV-B-2026-10-16-T004-076,T004,2026-10-16,,145,1,2026-10-16 08:05,2026-10-16 10:05,2.0,2373.8,5.442,31.66,784.0,SCHEDULED_TRAVEL_AWARE_BOUNDED_CANDIDATE,UNCHANGED_OR_SAME_DATE,105,2026-10-16
TRV-B-2026-10-16-T004-076,T004,2026-10-16,,383,2,2026-10-16 10:13,2026-10-16 12:13,2.0,4314.0,8.22,36.79,937.5,SCHEDULED_TRAVEL_AWARE_BOUNDED_CANDIDATE,UNCHANGED_OR_SAME_DATE,105,2026-10-16
TRV-B-2026-10-16-T004-076,T004,2026-10-16,,137,3,2026-10-16 12:22,2026-10-16 14:22,2.0,3409.2,8.888,33.62,937.5,SCHEDULED_TRAVEL_AWARE_BOUNDED_CANDIDATE,UNCHANGED_OR_SAME_DATE,105,2026-10-16
VRP-T001-2026-10-17-020,T001,2026-10-17,,481,1,2026-10-17 08:11,2026-10-17 10:23,2.2,6341.6,11.467,35.75,1942.4,SCHEDULED_T001_TRAVEL_AWARE_VRP,MOVED_BY_T001_VRP,9,2026-10-06
VRP-T001-2026-10-17-020,T001,2026-10-17,,50,2,2026-10-17 10:26,2026-10-17 14:38,4.2,2269.7,3.345,50.72,2548.75,SCHEDULED_T001_TRAVEL_AWARE_VRP,MOVED_BY_T001_VRP,17,2026-10-14
VRP-T001-2026-10-17-020,T001,2026-10-17,,298,3,2026-10-17 14:42,2026-10-17 16:42,2.0,2433.0,3.5,32.53,1914.0,SCHEDULED_T001_TRAVEL_AWARE_VRP,MOVED_BY_T001_VRP,30,2026-10-27
TRV-B-2026-10-17-T002-078,T002,2026-10-17,,301,1,2026-10-17 08:10,2026-10-17 10:46,2.6,5029.0,10.523,28.73,869.2,SCHEDULED_TRAVEL_AWARE_BOUNDED_CANDIDATE,MOVED_BY_BOUNDED_REPAIR,44,2026-10-11
TRV-B-2026-10-17-T002-078,T002,2026-10-17,,404,2,2026-10-17 11:02,2026-10-17 15:56,4.9,7247.5,15.662,41.88,1571.88,SCHEDULED_TRAVEL_AWARE_BOUNDED_CANDIDATE,UNCHANGED_OR_SAME_DATE,50,2026-10-17
TRV-B-2026-10-17-T003-079,T003,2026-10-17,,397,1,2026-10-17 08:10,2026-10-17 10:22,2.2,5291.8,10.128,41.35,812.4,SCHEDULED_TRAVEL_AWARE_BOUNDED_CANDIDATE,MOVED_BY_BOUNDED_REPAIR,75,2026-10-12
TRV-B-2026-10-17-T003-079,T003,2026-10-17,,71,2,2026-10-17 10:26,2026-10-17 16:32,6.1,4069.9,4.64,45.62,1834.38,SCHEDULED_TRAVEL_AWARE_BOUNDED_CANDIDATE,UNCHANGED_OR_SAME_DATE,80,2026-10-17
TRV-B-2026-10-17-T004-080,T004,2026-10-17,,297,1,2026-10-17 08:08,2026-10-17 11:08,3.0,4307.4,8.468,42.39,1386.5,SCHEDULED_TRAVEL_AWARE_BOUNDED_CANDIDATE,MOVED_BY_BOUNDED_REPAIR,90,2026-10-01
TRV-B-2026-10-17-T004-080,T004,2026-10-17,,267,2,2026-10-17 11:16,2026-10-17 14:16,3.0,4329.2,7.878,41.86,1386.5,SCHEDULED_TRAVEL_AWARE_BOUNDED_CANDIDATE,MOVED_BY_BOUNDED_REPAIR,89,2026-09-30
VRP-T001-2026-10-18-021,T001,2026-10-18,,343,1,2026-10-18 08:09,2026-10-18 11:09,3.0,5349.0,9.482,29.48,2056.0,SCHEDULED_T001_TRAVEL_AWARE_VRP,MOVED_BY_T001_VRP,14,2026-10-11
VRP-T001-2026-10-18-021,T001,2026-10-18,,154,2,2026-10-18 11:12,2026-10-18 14:12,3.0,1000.7,3.453,28.14,2056.0,SCHEDULED_T001_TRAVEL_AWARE_VRP,MOVED_BY_T001_VRP,6,2026-10-03
VRP-T001-2026-10-18-021,T001,2026-10-18,,349,3,2026-10-18 14:15,2026-10-18 16:15,2.0,657.6,2.833,25.34,1914.0,SCHEDULED_T001_TRAVEL_AWARE_VRP,MOVED_BY_T001_VRP,8,2026-10-05
TRV-B-2026-10-18-T002-082,T002,2026-10-18,,170,1,2026-10-18 08:04,2026-10-18 16:28,8.4,3025.5,4.543,46.15,2337.5,SCHEDULED_TRAVEL_AWARE_BOUNDED_CANDIDATE,UNCHANGED_OR_SAME_DATE,51,2026-10-18
TRV-B-2026-10-18-T003-083,T003,2026-10-18,,428,1,2026-10-18 08:05,2026-10-18 13:53,5.8,2461.0,5.735,39.98,1768.75,SCHEDULED_TRAVEL_AWARE_BOUNDED_CANDIDATE,UNCHANGED_OR_SAME_DATE,81,2026-10-18
TRV-B-2026-10-18-T003-083,T003,2026-10-18,,94,2,2026-10-18 13:58,2026-10-18 16:46,2.8,2533.2,4.393,37.72,897.6,SCHEDULED_TRAVEL_AWARE_BOUNDED_CANDIDATE,MOVED_BY_BOUNDED_REPAIR,80,2026-10-17
TRV-B-2026-10-18-T004-084,T004,2026-10-18,,48,1,2026-10-18 08:09,2026-10-18 11:09,3.0,4768.4,9.605,40.34,1386.5,SCHEDULED_TRAVEL_AWARE_BOUNDED_CANDIDATE,MOVED_BY_BOUNDED_REPAIR,92,2026-10-03
TRV-B-2026-10-18-T004-084,T004,2026-10-18,,246,2,2026-10-18 11:17,2026-10-18 14:17,3.0,6402.6,7.695,41.28,1386.5,SCHEDULED_TRAVEL_AWARE_BOUNDED_CANDIDATE,MOVED_BY_BOUNDED_REPAIR,91,2026-10-02
VRP-T001-2026-10-19-022,T001,2026-10-19,,418,1,2026-10-19 08:08,2026-10-19 10:08,2.0,4188.6,8.428,42.85,1914.0,SCHEDULED_T001_TRAVEL_AWARE_VRP,MOVED_BY_T001_VRP,14,2026-10-11
VRP-T001-2026-10-19-022,T001,2026-10-19,,304,2,2026-10-19 10:12,2026-10-19 13:00,2.8,2624.2,3.968,33.46,2027.6,SCHEDULED_T001_TRAVEL_AWARE_VRP,MOVED_BY_T001_VRP,29,2026-10-26
VRP-T001-2026-10-19-022,T001,2026-10-19,,335,3,2026-10-19 13:05,2026-10-19 16:47,3.7,2669.1,5.102,40.3,2439.38,SCHEDULED_T001_TRAVEL_AWARE_VRP,MOVED_BY_T001_VRP,27,2026-10-24
TRV-B-2026-10-19-T002-086,T002,2026-10-19,,4,1,2026-10-19 08:11,2026-10-19 12:53,4.7,4823.6,11.063,34.8,2257.4,SCHEDULED_TRAVEL_AWARE_BOUNDED_CANDIDATE,UNCHANGED_OR_SAME_DATE,52,2026-10-19
TRV-B-2026-10-19-T002-086,T002,2026-10-19,,334,2,2026-10-19 13:10,2026-10-19 16:34,3.4,7967.3,17.283,29.09,982.8,SCHEDULED_TRAVEL_AWARE_BOUNDED_CANDIDATE,UNCHANGED_OR_SAME_DATE,52,2026-10-19
TRV-B-2026-10-19-T003-087,T003,2026-10-19,,193,1,2026-10-19 08:07,2026-10-19 10:55,2.8,3982.6,7.322,30.51,897.6,SCHEDULED_TRAVEL_AWARE_BOUNDED_CANDIDATE,MOVED_BY_BOUNDED_REPAIR,85,2026-10-22
TRV-B-2026-10-19-T003-087,T003,2026-10-19,,449,2,2026-10-19 11:12,2026-10-19 16:42,5.5,9305.8,17.602,33.26,1703.12,SCHEDULED_TRAVEL_AWARE_BOUNDED_CANDIDATE,UNCHANGED_OR_SAME_DATE,82,2026-10-19
TRV-B-2026-10-19-T004-088,T004,2026-10-19,,177,1,2026-10-19 08:11,2026-10-19 11:11,3.0,5857.8,11.03,39.15,1386.5,SCHEDULED_TRAVEL_AWARE_BOUNDED_CANDIDATE,MOVED_BY_BOUNDED_REPAIR,93,2026-10-04
TRV-B-2026-10-19-T004-088,T004,2026-10-19,,155,2,2026-10-19 11:12,2026-10-19 13:12,2.0,609.5,1.928,33.68,937.5,SCHEDULED_TRAVEL_AWARE_BOUNDED_CANDIDATE,MOVED_BY_BOUNDED_REPAIR,95,2026-10-06
TRV-B-2026-10-19-T004-088,T004,2026-10-19,,291,3,2026-10-19 13:19,2026-10-19 16:19,3.0,3676.4,6.735,40.08,1386.5,SCHEDULED_TRAVEL_AWARE_BOUNDED_CANDIDATE,MOVED_BY_BOUNDED_REPAIR,94,2026-10-05
VRP-T001-2026-10-20-023,T001,2026-10-20,,164,1,2026-10-20 08:02,2026-10-20 11:38,3.6,1860.6,2.797,35.1,2417.5,SCHEDULED_T001_TRAVEL_AWARE_VRP,MOVED_BY_T001_VRP,16,2026-10-13
VRP-T001-2026-10-20-023,T001,2026-10-20,,110,2,2026-10-20 11:44,2026-10-20 16:38,4.9,5136.5,5.707,57.62,2701.88,SCHEDULED_T001_TRAVEL_AWARE_VRP,MOVED_BY_T001_VRP,15,2026-10-12
TRV-B-2026-10-20-T002-090,T002,2026-10-20,,19,1,2026-10-20 08:01,2026-10-20 11:01,3.0,618.6,1.345,33.42,926.0,SCHEDULED_TRAVEL_AWARE_BOUNDED_CANDIDATE,MOVED_BY_BOUNDED_REPAIR,55,2026-10-22
TRV-B-2026-10-20-T002-090,T002,2026-10-20,,97,2,2026-10-20 11:03,2026-10-20 15:33,4.5,969.8,1.797,33.29,2229.0,SCHEDULED_TRAVEL_AWARE_BOUNDED_CANDIDATE,UNCHANGED_OR_SAME_DATE,53,2026-10-20
TRV-B-2026-10-20-T003-091,T003,2026-10-20,,265,1,2026-10-20 08:10,2026-10-20 11:22,3.2,7600.6,10.89,25.37,954.4,SCHEDULED_TRAVEL_AWARE_BOUNDED_CANDIDATE,UNCHANGED_OR_SAME_DATE,83,2026-10-20
TRV-B-2026-10-20-T003-091,T003,2026-10-20,,488,2,2026-10-20 11:27,2026-10-20 16:33,5.1,3312.7,4.65,34.36,1615.62,SCHEDULED_TRAVEL_AWARE_BOUNDED_CANDIDATE,UNCHANGED_OR_SAME_DATE,83,2026-10-20
TRV-B-2026-10-20-T004-092,T004,2026-10-20,,81,1,2026-10-20 08:12,2026-10-20 11:12,3.0,6295.4,12.78,34.45,1386.5,SCHEDULED_TRAVEL_AWARE_BOUNDED_CANDIDATE,MOVED_BY_BOUNDED_REPAIR,90,2026-10-01
VRP-T001-2026-10-21-024,T001,2026-10-21,,328,1,2026-10-21 08:10,2026-10-21 10:16,2.1,7282.8,10.125,29.01,1928.2,SCHEDULED_T001_TRAVEL_AWARE_VRP,MOVED_BY_T001_VRP,11,2026-10-08
VRP-T001-2026-10-21-024,T001,2026-10-21,,25,2,2026-10-21 10:16,2026-10-21 13:40,3.4,155.0,0.372,34.62,2112.8,SCHEDULED_T001_TRAVEL_AWARE_VRP,MOVED_BY_T001_VRP,6,2026-10-03
VRP-T001-2026-10-21-024,T001,2026-10-21,,376,3,2026-10-21 13:42,2026-10-21 15:54,2.2,983.8,2.438,37.8,1942.4,SCHEDULED_T001_TRAVEL_AWARE_VRP,MOVED_BY_T001_VRP,29,2026-10-26
TRV-B-2026-10-21-T002-094,T002,2026-10-21,,28,1,2026-10-21 08:05,2026-10-21 10:17,2.2,2354.1,5.727,33.09,812.4,SCHEDULED_TRAVEL_AWARE_BOUNDED_CANDIDATE,MOVED_BY_BOUNDED_REPAIR,47,2026-10-14
TRV-B-2026-10-21-T002-094,T002,2026-10-21,,364,2,2026-10-21 10:20,2026-10-21 13:32,3.2,1581.9,2.673,42.52,954.4,SCHEDULED_TRAVEL_AWARE_BOUNDED_CANDIDATE,UNCHANGED_OR_SAME_DATE,54,2026-10-21
TRV-B-2026-10-21-T002-094,T002,2026-10-21,,151,3,2026-10-21 13:34,2026-10-21 16:40,3.1,897.4,1.85,41.47,940.2,SCHEDULED_TRAVEL_AWARE_BOUNDED_CANDIDATE,UNCHANGED_OR_SAME_DATE,54,2026-10-21
TRV-B-2026-10-21-T003-095,T003,2026-10-21,,118,1,2026-10-21 08:08,2026-10-21 11:14,3.1,4452.4,8.602,48.45,940.2,SCHEDULED_TRAVEL_AWARE_BOUNDED_CANDIDATE,UNCHANGED_OR_SAME_DATE,84,2026-10-21
TRV-B-2026-10-21-T003-095,T003,2026-10-21,,284,2,2026-10-21 11:27,2026-10-21 16:09,4.7,9870.7,12.798,30.16,1528.12,SCHEDULED_TRAVEL_AWARE_BOUNDED_CANDIDATE,UNCHANGED_OR_SAME_DATE,84,2026-10-21
VRP-T001-2026-10-22-025,T001,2026-10-22,,365,1,2026-10-22 08:08,2026-10-22 12:38,4.5,5569.2,8.25,38.2,2614.38,SCHEDULED_T001_TRAVEL_AWARE_VRP,MOVED_BY_T001_VRP,21,2026-10-18
VRP-T001-2026-10-22-025,T001,2026-10-22,,146,2,2026-10-22 12:41,2026-10-22 16:23,3.7,1735.9,3.243,29.74,2439.38,SCHEDULED_T001_TRAVEL_AWARE_VRP,MOVED_BY_T001_VRP,26,2026-10-23
TRV-B-2026-10-22-T002-097,T002,2026-10-22,,196,1,2026-10-22 08:07,2026-10-22 11:07,3.0,4153.5,7.797,37.8,926.0,SCHEDULED_TRAVEL_AWARE_BOUNDED_CANDIDATE,UNCHANGED_OR_SAME_DATE,55,2026-10-22
TRV-B-2026-10-22-T002-097,T002,2026-10-22,,499,2,2026-10-22 11:13,2026-10-22 13:25,2.2,3765.8,5.752,35.58,812.4,SCHEDULED_TRAVEL_AWARE_BOUNDED_CANDIDATE,MOVED_BY_BOUNDED_REPAIR,47,2026-10-14
TRV-B-2026-10-22-T002-097,T002,2026-10-22,,421,3,2026-10-22 13:35,2026-10-22 16:35,3.0,8431.4,10.007,35.96,926.0,SCHEDULED_TRAVEL_AWARE_BOUNDED_CANDIDATE,UNCHANGED_OR_SAME_DATE,55,2026-10-22
TRV-B-2026-10-22-T003-098,T003,2026-10-22,,307,1,2026-10-22 08:02,2026-10-22 11:02,3.0,1221.8,2.57,41.28,926.0,SCHEDULED_TRAVEL_AWARE_BOUNDED_CANDIDATE,UNCHANGED_OR_SAME_DATE,85,2026-10-22
TRV-B-2026-10-22-T003-098,T003,2026-10-22,,310,2,2026-10-22 11:08,2026-10-22 13:56,2.8,3056.3,6.097,33.53,897.6,SCHEDULED_TRAVEL_AWARE_BOUNDED_CANDIDATE,UNCHANGED_OR_SAME_DATE,85,2026-10-22
TRV-B-2026-10-22-T003-098,T003,2026-10-22,,64,3,2026-10-22 14:02,2026-10-22 16:44,2.7,3795.2,6.012,30.52,883.4,SCHEDULED_TRAVEL_AWARE_BOUNDED_CANDIDATE,MOVED_BY_BOUNDED_REPAIR,79,2026-10-16
VRP-T001-2026-10-23-026,T001,2026-10-23,,185,1,2026-10-23 08:10,2026-10-23 12:58,4.8,5153.9,10.957,36.19,2680.0,SCHEDULED_T001_TRAVEL_AWARE_VRP,MOVED_BY_T001_VRP,17,2026-10-14
VRP-T001-2026-10-23-026,T001,2026-10-23,,440,2,2026-10-23 12:59,2026-10-23 16:41,3.7,89.8,0.36,35.19,2439.38,SCHEDULED_T001_TRAVEL_AWARE_VRP,MOVED_BY_T001_VRP,28,2026-10-25
TRV-B-2026-10-23-T002-100,T002,2026-10-23,,37,1,2026-10-23 08:08,2026-10-23 11:08,3.0,4309.5,8.993,37.51,926.0,SCHEDULED_TRAVEL_AWARE_BOUNDED_CANDIDATE,UNCHANGED_OR_SAME_DATE,56,2026-10-23
TRV-B-2026-10-23-T002-100,T002,2026-10-23,,241,2,2026-10-23 11:16,2026-10-23 14:16,3.0,3637.4,7.527,33.29,926.0,SCHEDULED_TRAVEL_AWARE_BOUNDED_CANDIDATE,UNCHANGED_OR_SAME_DATE,56,2026-10-23
TRV-B-2026-10-23-T003-101,T003,2026-10-23,,247,1,2026-10-23 08:08,2026-10-23 10:50,2.7,7009.1,8.512,49.77,883.4,SCHEDULED_TRAVEL_AWARE_BOUNDED_CANDIDATE,UNCHANGED_OR_SAME_DATE,86,2026-10-23
TRV-B-2026-10-23-T003-101,T003,2026-10-23,,175,2,2026-10-23 10:54,2026-10-23 13:36,2.7,3925.1,4.125,40.85,883.4,SCHEDULED_TRAVEL_AWARE_BOUNDED_CANDIDATE,UNCHANGED_OR_SAME_DATE,86,2026-10-23
TRV-B-2026-10-23-T003-101,T003,2026-10-23,,325,3,2026-10-23 13:39,2026-10-23 16:27,2.8,2143.7,2.615,44.52,897.6,SCHEDULED_TRAVEL_AWARE_BOUNDED_CANDIDATE,UNCHANGED_OR_SAME_DATE,86,2026-10-23
VRP-T001-2026-10-24-027,T001,2026-10-24,,347,1,2026-10-24 08:08,2026-10-24 16:14,8.1,4965.5,8.49,63.28,3401.88,SCHEDULED_T001_TRAVEL_AWARE_VRP,MOVED_BY_T001_VRP,7,2026-10-04
TRV-B-2026-10-24-T002-103,T002,2026-10-24,,250,1,2026-10-24 08:08,2026-10-24 10:44,2.6,4555.6,8.985,38.32,869.2,SCHEDULED_TRAVEL_AWARE_BOUNDED_CANDIDATE,UNCHANGED_OR_SAME_DATE,57,2026-10-24
TRV-B-2026-10-24-T002-103,T002,2026-10-24,,439,2,2026-10-24 10:46,2026-10-24 13:22,2.6,548.7,1.412,54.85,869.2,SCHEDULED_TRAVEL_AWARE_BOUNDED_CANDIDATE,UNCHANGED_OR_SAME_DATE,57,2026-10-24
TRV-B-2026-10-24-T002-103,T002,2026-10-24,,229,3,2026-10-24 13:25,2026-10-24 16:13,2.8,2202.6,2.983,45.53,897.6,SCHEDULED_TRAVEL_AWARE_BOUNDED_CANDIDATE,UNCHANGED_OR_SAME_DATE,57,2026-10-24
VRP-T001-2026-10-25-028,T001,2026-10-25,,409,1,2026-10-25 08:08,2026-10-25 10:26,2.3,4430.9,8.162,40.17,1956.6,SCHEDULED_T001_TRAVEL_AWARE_VRP,MOVED_BY_T001_VRP,10,2026-10-07
VRP-T001-2026-10-25-028,T001,2026-10-25,,424,2,2026-10-25 10:31,2026-10-25 12:37,2.1,2040.5,4.993,24.82,1928.2,SCHEDULED_T001_TRAVEL_AWARE_VRP,MOVED_BY_T001_VRP,12,2026-10-09
VRP-T001-2026-10-25-028,T001,2026-10-25,,130,3,2026-10-25 12:38,2026-10-25 14:38,2.0,542.3,1.423,31.83,1914.0,SCHEDULED_T001_TRAVEL_AWARE_VRP,MOVED_BY_T001_VRP,30,2026-10-27
VRP-T001-2026-10-25-028,T001,2026-10-25,,463,4,2026-10-25 14:39,2026-10-25 16:39,2.0,435.4,1.143,32.76,1914.0,SCHEDULED_T001_TRAVEL_AWARE_VRP,MOVED_BY_T001_VRP,13,2026-10-10
TRV-B-2026-10-25-T002-105,T002,2026-10-25,,88,1,2026-10-25 08:07,2026-10-25 10:43,2.6,3885.8,7.038,30.95,869.2,SCHEDULED_TRAVEL_AWARE_BOUNDED_CANDIDATE,UNCHANGED_OR_SAME_DATE,58,2026-10-25
TRV-B-2026-10-25-T002-105,T002,2026-10-25,,469,2,2026-10-25 10:51,2026-10-25 13:15,2.4,4599.3,8.62,37.07,840.8,SCHEDULED_TRAVEL_AWARE_BOUNDED_CANDIDATE,UNCHANGED_OR_SAME_DATE,58,2026-10-25
TRV-B-2026-10-25-T002-105,T002,2026-10-25,,172,3,2026-10-25 13:25,2026-10-25 15:55,2.5,7420.9,9.808,28.91,855.0,SCHEDULED_TRAVEL_AWARE_BOUNDED_CANDIDATE,UNCHANGED_OR_SAME_DATE,58,2026-10-25
VRP-T001-2026-10-26-029,T001,2026-10-26,,31,1,2026-10-26 08:06,2026-10-26 10:36,2.5,4056.2,6.092,28.12,1985.0,SCHEDULED_T001_TRAVEL_AWARE_VRP,MOVED_BY_T001_VRP,8,2026-10-05
VRP-T001-2026-10-26-029,T001,2026-10-26,,277,2,2026-10-26 10:37,2026-10-26 15:25,4.8,494.3,1.425,28.77,2311.6,SCHEDULED_T001_TRAVEL_AWARE_VRP,MOVED_BY_T001_VRP,18,2026-10-15
TRV-B-2026-10-26-T002-107,T002,2026-10-26,,427,1,2026-10-26 08:09,2026-10-26 10:21,2.2,8082.9,9.272,48.08,812.4,SCHEDULED_TRAVEL_AWARE_BOUNDED_CANDIDATE,UNCHANGED_OR_SAME_DATE,59,2026-10-26
TRV-B-2026-10-26-T002-107,T002,2026-10-26,,337,2,2026-10-26 10:23,2026-10-26 12:41,2.3,1610.8,2.187,35.67,826.6,SCHEDULED_TRAVEL_AWARE_BOUNDED_CANDIDATE,UNCHANGED_OR_SAME_DATE,59,2026-10-26
TRV-B-2026-10-26-T002-107,T002,2026-10-26,,73,3,2026-10-26 12:49,2026-10-26 15:13,2.4,4728.3,7.94,35.36,840.8,SCHEDULED_TRAVEL_AWARE_BOUNDED_CANDIDATE,UNCHANGED_OR_SAME_DATE,59,2026-10-26
VRP-T001-2026-10-27-030,T001,2026-10-27,,181,1,2026-10-27 08:05,2026-10-27 10:11,2.1,2291.4,5.393,33.87,1928.2,SCHEDULED_T001_TRAVEL_AWARE_VRP,MOVED_BY_T001_VRP,9,2026-10-06
VRP-T001-2026-10-27-030,T001,2026-10-27,,425,2,2026-10-27 10:14,2026-10-27 14:20,4.1,1201.9,3.063,42.81,2526.87,SCHEDULED_T001_TRAVEL_AWARE_VRP,MOVED_BY_T001_VRP,19,2026-10-16
VRP-T001-2026-10-27-030,T001,2026-10-27,,40,3,2026-10-27 14:23,2026-10-27 16:23,2.0,1580.1,3.497,33.86,1914.0,SCHEDULED_T001_TRAVEL_AWARE_VRP,MOVED_BY_T001_VRP,11,2026-10-08
TRV-B-2026-10-27-T002-109,T002,2026-10-27,,91,1,2026-10-27 08:05,2026-10-27 11:59,3.9,3975.3,5.968,32.95,2143.8,SCHEDULED_TRAVEL_AWARE_BOUNDED_CANDIDATE,MOVED_BY_BOUNDED_REPAIR,50,2026-10-17
TRV-B-2026-10-27-T002-109,T002,2026-10-27,,160,2,2026-10-27 12:02,2026-10-27 14:14,2.2,709.7,2.727,26.61,812.4,SCHEDULED_TRAVEL_AWARE_BOUNDED_CANDIDATE,UNCHANGED_OR_SAME_DATE,60,2026-10-27
