"complaint_id","historical_count","historical_risk_score"
1,6,42.86
2,1,7.14
3,1,7.14
4,6,42.86
5,2,14.29
6,2,14.29
7,5,35.71
8,10,71.43
9,2,14.29
10,3,21.43
11,5,35.71
12,1,7.14
13,2,14.29
14,3,21.43
15,0,0.00
16,4,28.57
17,13,92.86
18,0,0.00
19,3,21.43
20,1,7.14
21,2,14.29
22,3,21.43
23,2,14.29
24,0,0.00
25,0,0.00
26,3,21.43
27,2,14.29
28,0,0.00
29,8,57.14
30,0,0.00
31,2,14.29
32,3,21.43
33,0,0.00
34,2,14.29
35,1,7.14
36,2,14.29
37,4,28.57
38,0,0.00
39,3,21.43
40,0,0.00
41,4,28.57
42,3,21.43
43,0,0.00
44,0,0.00
45,2,14.29
46,3,21.43
47,5,35.71
48,3,21.43
49,5,35.71
50,3,21.43
51,3,21.43
52,0,0.00
53,0,0.00
54,5,35.71
55,0,0.00
56,1,7.14
57,4,28.57
58,5,35.71
59,2,14.29
60,0,0.00
61,1,7.14
62,4,28.57
63,1,7.14
64,0,0.00
65,0,0.00
66,0,0.00
67,2,14.29
68,1,7.14
69,1,7.14
70,0,0.00
71,2,14.29
72,0,0.00
73,1,7.14
74,1,7.14
75,0,0.00
76,0,0.00
77,4,28.57
78,1,7.14
79,0,0.00
80,6,42.86
81,0,0.00
82,1,7.14
83,0,0.00
84,1,7.14
85,3,21.43
86,2,14.29
87,0,0.00
88,0,0.00
89,0,0.00
90,1,7.14
91,1,7.14
92,5,35.71
93,1,7.14
94,1,7.14
95,4,28.57
96,1,7.14
97,0,0.00
98,6,42.86
99,0,0.00
100,4,28.57
101,1,7.14
102,12,85.71
103,2,14.29
104,2,14.29
105,2,14.29
106,2,14.29
107,0,0.00
108,2,14.29
109,5,35.71
110,1,7.14
111,0,0.00
112,8,57.14
113,1,7.14
114,1,7.14
115,1,7.14
116,0,0.00
117,0,0.00
118,1,7.14
119,1,7.14
120,0,0.00
121,1,7.14
122,1,7.14
123,0,0.00
124,1,7.14
125,0,0.00
126,2,14.29
127,0,0.00
128,5,35.71
129,2,14.29
130,1,7.14
131,2,14.29
132,0,0.00
133,4,28.57
134,11,78.57
135,3,21.43
136,3,21.43
137,6,42.86
138,2,14.29
139,0,0.00
140,0,0.00
141,4,28.57
142,3,21.43
143,1,7.14
144,5,35.71
145,1,7.14
146,3,21.43
147,0,0.00
148,7,50.00
149,5,35.71
150,5,35.71
151,2,14.29
152,1,7.14
153,0,0.00
154,2,14.29
155,1,7.14
156,0,0.00
157,0,0.00
158,4,28.57
159,8,57.14
160,1,7.14
161,0,0.00
162,1,7.14
163,9,64.29
164,6,42.86
165,3,21.43
166,4,28.57
167,4,28.57
168,2,14.29
169,0,0.00
170,0,0.00
171,1,7.14
172,0,0.00
173,4,28.57
174,1,7.14
175,0,0.00
176,0,0.00
177,1,7.14
178,14,100.00
179,1,7.14
180,1,7.14
181,2,14.29
182,3,21.43
183,4,28.57
184,0,0.00
185,3,21.43
186,2,14.29
187,1,7.14
188,0,0.00
189,0,0.00
190,4,28.57
191,5,35.71
192,0,0.00
193,0,0.00
194,0,0.00
195,0,0.00
196,4,28.57
197,0,0.00
198,8,57.14
199,9,64.29
200,2,14.29
201,11,78.57
202,2,14.29
203,6,42.86
204,2,14.29
205,7,50.00
206,0,0.00
207,12,85.71
208,9,64.29
209,0,0.00
210,9,64.29
211,1,7.14
212,1,7.14
213,2,14.29
214,4,28.57
215,10,71.43
216,4,28.57
217,4,28.57
218,7,50.00
219,1,7.14
220,3,21.43
221,0,0.00
222,0,0.00
223,1,7.14
224,0,0.00
225,0,0.00
226,0,0.00
227,3,21.43
228,5,35.71
229,0,0.00
230,0,0.00
231,7,50.00
232,1,7.14
233,0,0.00
234,6,42.86
235,6,42.86
236,7,50.00
237,2,14.29
238,4,28.57
239,5,35.71
240,2,14.29
241,5,35.71
242,7,50.00
243,7,50.00
244,1,7.14
245,0,0.00
246,0,0.00
247,5,35.71
248,1,7.14
249,1,7.14
250,1,7.14
251,8,57.14
252,2,14.29
253,6,42.86
254,1,7.14
255,1,7.14
256,0,0.00
257,2,14.29
258,2,14.29
259,2,14.29
260,0,0.00
261,9,64.29
262,3,21.43
263,1,7.14
264,4,28.57
265,1,7.14
266,0,0.00
267,1,7.14
268,2,14.29
269,3,21.43
270,2,14.29
271,5,35.71
272,1,7.14
273,1,7.14
274,2,14.29
275,0,0.00
276,1,7.14
277,0,0.00
278,5,35.71
279,0,0.00
280,5,35.71
281,7,50.00
282,1,7.14
283,1,7.14
284,0,0.00
285,2,14.29
286,3,21.43
287,6,42.86
288,4,28.57
289,6,42.86
290,3,21.43
291,1,7.14
292,3,21.43
293,0,0.00
294,0,0.00
295,3,21.43
296,0,0.00
297,1,7.14
298,4,28.57
299,4,28.57
300,1,7.14
301,1,7.14
302,0,0.00
303,1,7.14
304,9,64.29
305,5,35.71
306,2,14.29
307,4,28.57
308,2,14.29
309,0,0.00
310,3,21.43
311,0,0.00
312,2,14.29
313,2,14.29
314,2,14.29
315,1,7.14
316,0,0.00
317,0,0.00
318,0,0.00
319,0,0.00
320,4,28.57
321,0,0.00
322,2,14.29
323,6,42.86
324,0,0.00
325,0,0.00
326,2,14.29
327,5,35.71
328,2,14.29
329,1,7.14
330,1,7.14
331,2,14.29
332,3,21.43
333,3,21.43
334,4,28.57
335,3,21.43
336,0,0.00
337,2,14.29
338,2,14.29
339,1,7.14
340,1,7.14
341,2,14.29
342,0,0.00
343,0,0.00
344,4,28.57
345,0,0.00
346,8,57.14
347,2,14.29
348,0,0.00
349,0,0.00
350,1,7.14
351,3,21.43
352,0,0.00
353,7,50.00
354,0,0.00
355,0,0.00
356,3,21.43
357,0,0.00
358,13,92.86
359,0,0.00
360,3,21.43
361,3,21.43
362,0,0.00
363,0,0.00
364,2,14.29
365,0,0.00
366,2,14.29
367,1,7.14
368,0,0.00
369,1,7.14
370,2,14.29
371,4,28.57
372,4,28.57
373,0,0.00
374,7,50.00
375,0,0.00
376,0,0.00
377,3,21.43
378,0,0.00
379,3,21.43
380,3,21.43
381,1,7.14
382,1,7.14
383,1,7.14
384,5,35.71
385,2,14.29
386,2,14.29
387,5,35.71
388,4,28.57
389,2,14.29
390,0,0.00
391,0,0.00
392,2,14.29
393,3,21.43
394,1,7.14
395,0,0.00
396,0,0.00
397,8,57.14
398,1,7.14
399,3,21.43
400,2,14.29
401,4,28.57
402,3,21.43
403,0,0.00
404,0,0.00
405,6,42.86
406,5,35.71
407,0,0.00
408,0,0.00
409,0,0.00
410,1,7.14
411,2,14.29
412,1,7.14
413,1,7.14
414,4,28.57
415,6,42.86
416,7,50.00
417,0,0.00
418,11,78.57
419,2,14.29
420,7,50.00
421,1,7.14
422,1,7.14
423,0,0.00
424,1,7.14
425,1,7.14
426,1,7.14
427,0,0.00
428,0,0.00
429,0,0.00
430,0,0.00
431,6,42.86
432,0,0.00
433,0,0.00
434,1,7.14
435,0,0.00
436,3,21.43
437,2,14.29
438,3,21.43
439,7,50.00
440,1,7.14
441,6,42.86
442,5,35.71
443,0,0.00
444,0,0.00
445,2,14.29
446,5,35.71
447,1,7.14
448,1,7.14
449,3,21.43
450,6,42.86
451,1,7.14
452,5,35.71
453,1,7.14
454,5,35.71
455,10,71.43
456,0,0.00
457,0,0.00
458,3,21.43
459,0,0.00
460,3,21.43
461,0,0.00
462,0,0.00
463,0,0.00
464,1,7.14
465,8,57.14
466,1,7.14
467,0,0.00
468,0,0.00
469,1,7.14
470,1,7.14
471,8,57.14
472,0,0.00
473,0,0.00
474,0,0.00
475,1,7.14
476,7,50.00
477,1,7.14
478,2,14.29
479,1,7.14
480,0,0.00
481,4,28.57
482,4,28.57
483,7,50.00
484,1,7.14
485,2,14.29
486,3,21.43
487,8,57.14
488,3,21.43
489,2,14.29
490,0,0.00
491,4,28.57
492,0,0.00
493,9,64.29
494,0,0.00
495,3,21.43
496,3,21.43
497,0,0.00
498,0,0.00
499,1,7.14
500,8,57.14
