ward_number,ward_population,source,source_year
1,4119,Census India,2011
2,2346,Census India,2011
3,3003,Census India,2011
4,1858,Census India,2011
5,3302,Census India,2011
6,4244,Census India,2011
7,1822,Census India,2011
8,2119,Census India,2011
9,1828,Census India,2011
10,1755,Census India,2011
11,2771,Census India,2011
12,2479,Census India,2011
13,1690,Census India,2011
14,1644,Census India,2011
15,3755,Census India,2011
16,1867,Census India,2011
17,2763,Census India,2011
18,2073,Census India,2011
19,3708,Census India,2011
20,2234,Census India,2011
21,1783,Census India,2011
22,1469,Census India,2011
23,1803,Census India,2011