complaint_id,severity_level,severity_score,severity_source
1,LOW,25.0,synthetic_assumption
2,MEDIUM,50.0,synthetic_assumption
3,HIGH,75.0,synthetic_assumption
4,LOW,25.0,synthetic_assumption
5,MEDIUM,50.0,synthetic_assumption
6,HIGH,75.0,synthetic_assumption
7,LOW,25.0,synthetic_assumption
8,MEDIUM,50.0,synthetic_assumption
9,HIGH,75.0,synthetic_assumption
10,LOW,25.0,synthetic_assumption
11,MEDIUM,50.0,synthetic_assumption
12,HIGH,75.0,synthetic_assumption
13,LOW,25.0,synthetic_assumption
14,MEDIUM,50.0,synthetic_assumption
15,HIGH,75.0,synthetic_assumption
16,LOW,25.0,synthetic_assumption
17,MEDIUM,50.0,synthetic_assumption
18,HIGH,75.0,synthetic_assumption
19,LOW,25.0,synthetic_assumption
20,MEDIUM,50.0,synthetic_assumption
21,HIGH,75.0,synthetic_assumption
22,LOW,25.0,synthetic_assumption
23,MEDIUM,50.0,synthetic_assumption
24,HIGH,75.0,synthetic_assumption
25,LOW,25.0,synthetic_assumption
26,MEDIUM,50.0,synthetic_assumption
27,HIGH,75.0,synthetic_assumption
28,LOW,25.0,synthetic_assumption
29,MEDIUM,50.0,synthetic_assumption
30,HIGH,75.0,synthetic_assumption
31,LOW,25.0,synthetic_assumption
32,MEDIUM,50.0,synthetic_assumption
33,HIGH,75.0,synthetic_assumption
34,LOW,25.0,synthetic_assumption
35,MEDIUM,50.0,synthetic_assumption
36,HIGH,75.0,synthetic_assumption
37,LOW,25.0,synthetic_assumption
38,MEDIUM,50.0,synthetic_assumption
39,HIGH,75.0,synthetic_assumption
40,LOW,25.0,synthetic_assumption
41,MEDIUM,50.0,synthetic_assumption
42,HIGH,75.0,synthetic_assumption
43,LOW,25.0,synthetic_assumption
44,MEDIUM,50.0,synthetic_assumption
45,HIGH,75.0,synthetic_assumption
46,LOW,25.0,synthetic_assumption
47,MEDIUM,50.0,synthetic_assumption
48,HIGH,75.0,synthetic_assumption
49,LOW,25.0,synthetic_assumption
50,MEDIUM,50.0,synthetic_assumption
51,HIGH,75.0,synthetic_assumption
52,LOW,25.0,synthetic_assumption
53,MEDIUM,50.0,synthetic_assumption
54,HIGH,75.0,synthetic_assumption
55,LOW,25.0,synthetic_assumption
56,MEDIUM,50.0,synthetic_assumption
57,HIGH,75.0,synthetic_assumption
58,LOW,25.0,synthetic_assumption
59,MEDIUM,50.0,synthetic_assumption
60,HIGH,75.0,synthetic_assumption
61,LOW,25.0,synthetic_assumption
62,MEDIUM,50.0,synthetic_assumption
63,HIGH,75.0,synthetic_assumption
64,LOW,25.0,synthetic_assumption
65,MEDIUM,50.0,synthetic_assumption
66,HIGH,75.0,synthetic_assumption
67,LOW,25.0,synthetic_assumption
68,MEDIUM,50.0,synthetic_assumption
69,HIGH,75.0,synthetic_assumption
70,LOW,25.0,synthetic_assumption
71,MEDIUM,50.0,synthetic_assumption
72,HIGH,75.0,synthetic_assumption
73,LOW,25.0,synthetic_assumption
74,MEDIUM,50.0,synthetic_assumption
75,HIGH,75.0,synthetic_assumption
76,LOW,25.0,synthetic_assumption
77,MEDIUM,50.0,synthetic_assumption
78,HIGH,75.0,synthetic_assumption
79,LOW,25.0,synthetic_assumption
80,MEDIUM,50.0,synthetic_assumption
81,HIGH,75.0,synthetic_assumption
82,LOW,25.0,synthetic_assumption
83,MEDIUM,50.0,synthetic_assumption
84,HIGH,75.0,synthetic_assumption
85,LOW,25.0,synthetic_assumption
86,MEDIUM,50.0,synthetic_assumption
87,HIGH,75.0,synthetic_assumption
88,LOW,25.0,synthetic_assumption
89,MEDIUM,50.0,synthetic_assumption
90,HIGH,75.0,synthetic_assumption
91,LOW,25.0,synthetic_assumption
92,MEDIUM,50.0,synthetic_assumption
93,HIGH,75.0,synthetic_assumption
94,LOW,25.0,synthetic_assumption
95,MEDIUM,50.0,synthetic_assumption
96,HIGH,75.0,synthetic_assumption
97,LOW,25.0,synthetic_assumption
98,MEDIUM,50.0,synthetic_assumption
99,HIGH,75.0,synthetic_assumption
100,LOW,25.0,synthetic_assumption
101,MEDIUM,50.0,synthetic_assumption
102,HIGH,75.0,synthetic_assumption
103,LOW,25.0,synthetic_assumption
104,MEDIUM,50.0,synthetic_assumption
105,HIGH,75.0,synthetic_assumption
106,LOW,25.0,synthetic_assumption
107,MEDIUM,50.0,synthetic_assumption
108,HIGH,75.0,synthetic_assumption
109,LOW,25.0,synthetic_assumption
110,MEDIUM,50.0,synthetic_assumption
111,HIGH,75.0,synthetic_assumption
112,LOW,25.0,synthetic_assumption
113,MEDIUM,50.0,synthetic_assumption
114,HIGH,75.0,synthetic_assumption
115,LOW,25.0,synthetic_assumption
116,MEDIUM,50.0,synthetic_assumption
117,HIGH,75.0,synthetic_assumption
118,LOW,25.0,synthetic_assumption
119,MEDIUM,50.0,synthetic_assumption
120,HIGH,75.0,synthetic_assumption
121,LOW,25.0,synthetic_assumption
122,MEDIUM,50.0,synthetic_assumption
123,HIGH,75.0,synthetic_assumption
124,LOW,25.0,synthetic_assumption
125,MEDIUM,50.0,synthetic_assumption
126,HIGH,75.0,synthetic_assumption
127,LOW,25.0,synthetic_assumption
128,MEDIUM,50.0,synthetic_assumption
129,HIGH,75.0,synthetic_assumption
130,LOW,25.0,synthetic_assumption
131,MEDIUM,50.0,synthetic_assumption
132,HIGH,75.0,synthetic_assumption
133,LOW,25.0,synthetic_assumption
134,MEDIUM,50.0,synthetic_assumption
135,HIGH,75.0,synthetic_assumption
136,LOW,25.0,synthetic_assumption
137,MEDIUM,50.0,synthetic_assumption
138,HIGH,75.0,synthetic_assumption
139,LOW,25.0,synthetic_assumption
140,MEDIUM,50.0,synthetic_assumption
141,HIGH,75.0,synthetic_assumption
142,LOW,25.0,synthetic_assumption
143,MEDIUM,50.0,synthetic_assumption
144,HIGH,75.0,synthetic_assumption
145,LOW,25.0,synthetic_assumption
146,MEDIUM,50.0,synthetic_assumption
147,HIGH,75.0,synthetic_assumption
148,LOW,25.0,synthetic_assumption
149,MEDIUM,50.0,synthetic_assumption
150,HIGH,75.0,synthetic_assumption
151,LOW,25.0,synthetic_assumption
152,MEDIUM,50.0,synthetic_assumption
153,HIGH,75.0,synthetic_assumption
154,LOW,25.0,synthetic_assumption
155,MEDIUM,50.0,synthetic_assumption
156,HIGH,75.0,synthetic_assumption
157,LOW,25.0,synthetic_assumption
158,MEDIUM,50.0,synthetic_assumption
159,HIGH,75.0,synthetic_assumption
160,LOW,25.0,synthetic_assumption
161,MEDIUM,50.0,synthetic_assumption
162,HIGH,75.0,synthetic_assumption
163,LOW,25.0,synthetic_assumption
164,MEDIUM,50.0,synthetic_assumption
165,HIGH,75.0,synthetic_assumption
166,LOW,25.0,synthetic_assumption
167,MEDIUM,50.0,synthetic_assumption
168,HIGH,75.0,synthetic_assumption
169,LOW,25.0,synthetic_assumption
170,MEDIUM,50.0,synthetic_assumption
171,HIGH,75.0,synthetic_assumption
172,LOW,25.0,synthetic_assumption
173,MEDIUM,50.0,synthetic_assumption
174,HIGH,75.0,synthetic_assumption
175,LOW,25.0,synthetic_assumption
176,MEDIUM,50.0,synthetic_assumption
177,HIGH,75.0,synthetic_assumption
178,LOW,25.0,synthetic_assumption
179,MEDIUM,50.0,synthetic_assumption
180,HIGH,75.0,synthetic_assumption
181,LOW,25.0,synthetic_assumption
182,MEDIUM,50.0,synthetic_assumption
183,HIGH,75.0,synthetic_assumption
184,LOW,25.0,synthetic_assumption
185,MEDIUM,50.0,synthetic_assumption
186,HIGH,75.0,synthetic_assumption
187,LOW,25.0,synthetic_assumption
188,MEDIUM,50.0,synthetic_assumption
189,HIGH,75.0,synthetic_assumption
190,LOW,25.0,synthetic_assumption
191,MEDIUM,50.0,synthetic_assumption
192,HIGH,75.0,synthetic_assumption
193,LOW,25.0,synthetic_assumption
194,MEDIUM,50.0,synthetic_assumption
195,HIGH,75.0,synthetic_assumption
196,LOW,25.0,synthetic_assumption
197,MEDIUM,50.0,synthetic_assumption
198,HIGH,75.0,synthetic_assumption
199,LOW,25.0,synthetic_assumption
200,MEDIUM,50.0,synthetic_assumption
201,HIGH,75.0,synthetic_assumption
202,LOW,25.0,synthetic_assumption
203,MEDIUM,50.0,synthetic_assumption
204,HIGH,75.0,synthetic_assumption
205,LOW,25.0,synthetic_assumption
206,MEDIUM,50.0,synthetic_assumption
207,HIGH,75.0,synthetic_assumption
208,LOW,25.0,synthetic_assumption
209,MEDIUM,50.0,synthetic_assumption
210,HIGH,75.0,synthetic_assumption
211,LOW,25.0,synthetic_assumption
212,MEDIUM,50.0,synthetic_assumption
213,HIGH,75.0,synthetic_assumption
214,LOW,25.0,synthetic_assumption
215,MEDIUM,50.0,synthetic_assumption
216,HIGH,75.0,synthetic_assumption
217,LOW,25.0,synthetic_assumption
218,MEDIUM,50.0,synthetic_assumption
219,HIGH,75.0,synthetic_assumption
220,LOW,25.0,synthetic_assumption
221,MEDIUM,50.0,synthetic_assumption
222,HIGH,75.0,synthetic_assumption
223,LOW,25.0,synthetic_assumption
224,MEDIUM,50.0,synthetic_assumption
225,HIGH,75.0,synthetic_assumption
226,LOW,25.0,synthetic_assumption
227,MEDIUM,50.0,synthetic_assumption
228,HIGH,75.0,synthetic_assumption
229,LOW,25.0,synthetic_assumption
230,MEDIUM,50.0,synthetic_assumption
231,HIGH,75.0,synthetic_assumption
232,LOW,25.0,synthetic_assumption
233,MEDIUM,50.0,synthetic_assumption
234,HIGH,75.0,synthetic_assumption
235,LOW,25.0,synthetic_assumption
236,MEDIUM,50.0,synthetic_assumption
237,HIGH,75.0,synthetic_assumption
238,LOW,25.0,synthetic_assumption
239,MEDIUM,50.0,synthetic_assumption
240,HIGH,75.0,synthetic_assumption
241,LOW,25.0,synthetic_assumption
242,MEDIUM,50.0,synthetic_assumption
243,HIGH,75.0,synthetic_assumption
244,LOW,25.0,synthetic_assumption
245,MEDIUM,50.0,synthetic_assumption
246,HIGH,75.0,synthetic_assumption
247,LOW,25.0,synthetic_assumption
248,MEDIUM,50.0,synthetic_assumption
249,HIGH,75.0,synthetic_assumption
250,LOW,25.0,synthetic_assumption
251,MEDIUM,50.0,synthetic_assumption
252,HIGH,75.0,synthetic_assumption
253,LOW,25.0,synthetic_assumption
254,MEDIUM,50.0,synthetic_assumption
255,HIGH,75.0,synthetic_assumption
256,LOW,25.0,synthetic_assumption
257,MEDIUM,50.0,synthetic_assumption
258,HIGH,75.0,synthetic_assumption
259,LOW,25.0,synthetic_assumption
260,MEDIUM,50.0,synthetic_assumption
261,HIGH,75.0,synthetic_assumption
262,LOW,25.0,synthetic_assumption
263,MEDIUM,50.0,synthetic_assumption
264,HIGH,75.0,synthetic_assumption
265,LOW,25.0,synthetic_assumption
266,MEDIUM,50.0,synthetic_assumption
267,HIGH,75.0,synthetic_assumption
268,LOW,25.0,synthetic_assumption
269,MEDIUM,50.0,synthetic_assumption
270,HIGH,75.0,synthetic_assumption
271,LOW,25.0,synthetic_assumption
272,MEDIUM,50.0,synthetic_assumption
273,HIGH,75.0,synthetic_assumption
274,LOW,25.0,synthetic_assumption
275,MEDIUM,50.0,synthetic_assumption
276,HIGH,75.0,synthetic_assumption
277,LOW,25.0,synthetic_assumption
278,MEDIUM,50.0,synthetic_assumption
279,HIGH,75.0,synthetic_assumption
280,LOW,25.0,synthetic_assumption
281,MEDIUM,50.0,synthetic_assumption
282,HIGH,75.0,synthetic_assumption
283,LOW,25.0,synthetic_assumption
284,MEDIUM,50.0,synthetic_assumption
285,HIGH,75.0,synthetic_assumption
286,LOW,25.0,synthetic_assumption
287,MEDIUM,50.0,synthetic_assumption
288,HIGH,75.0,synthetic_assumption
289,LOW,25.0,synthetic_assumption
290,MEDIUM,50.0,synthetic_assumption
291,HIGH,75.0,synthetic_assumption
292,LOW,25.0,synthetic_assumption
293,MEDIUM,50.0,synthetic_assumption
294,HIGH,75.0,synthetic_assumption
295,LOW,25.0,synthetic_assumption
296,MEDIUM,50.0,synthetic_assumption
297,HIGH,75.0,synthetic_assumption
298,LOW,25.0,synthetic_assumption
299,MEDIUM,50.0,synthetic_assumption
300,HIGH,75.0,synthetic_assumption
301,LOW,25.0,synthetic_assumption
302,MEDIUM,50.0,synthetic_assumption
303,HIGH,75.0,synthetic_assumption
304,LOW,25.0,synthetic_assumption
305,MEDIUM,50.0,synthetic_assumption
306,HIGH,75.0,synthetic_assumption
307,LOW,25.0,synthetic_assumption
308,MEDIUM,50.0,synthetic_assumption
309,HIGH,75.0,synthetic_assumption
310,LOW,25.0,synthetic_assumption
311,MEDIUM,50.0,synthetic_assumption
312,HIGH,75.0,synthetic_assumption
313,LOW,25.0,synthetic_assumption
314,MEDIUM,50.0,synthetic_assumption
315,HIGH,75.0,synthetic_assumption
316,LOW,25.0,synthetic_assumption
317,MEDIUM,50.0,synthetic_assumption
318,HIGH,75.0,synthetic_assumption
319,LOW,25.0,synthetic_assumption
320,MEDIUM,50.0,synthetic_assumption
321,HIGH,75.0,synthetic_assumption
322,LOW,25.0,synthetic_assumption
323,MEDIUM,50.0,synthetic_assumption
324,HIGH,75.0,synthetic_assumption
325,LOW,25.0,synthetic_assumption
326,MEDIUM,50.0,synthetic_assumption
327,HIGH,75.0,synthetic_assumption
328,LOW,25.0,synthetic_assumption
329,MEDIUM,50.0,synthetic_assumption
330,HIGH,75.0,synthetic_assumption
331,LOW,25.0,synthetic_assumption
332,MEDIUM,50.0,synthetic_assumption
333,HIGH,75.0,synthetic_assumption
334,LOW,25.0,synthetic_assumption
335,MEDIUM,50.0,synthetic_assumption
336,HIGH,75.0,synthetic_assumption
337,LOW,25.0,synthetic_assumption
338,MEDIUM,50.0,synthetic_assumption
339,HIGH,75.0,synthetic_assumption
340,LOW,25.0,synthetic_assumption
341,MEDIUM,50.0,synthetic_assumption
342,HIGH,75.0,synthetic_assumption
343,LOW,25.0,synthetic_assumption
344,MEDIUM,50.0,synthetic_assumption
345,HIGH,75.0,synthetic_assumption
346,LOW,25.0,synthetic_assumption
347,MEDIUM,50.0,synthetic_assumption
348,HIGH,75.0,synthetic_assumption
349,LOW,25.0,synthetic_assumption
350,MEDIUM,50.0,synthetic_assumption
351,HIGH,75.0,synthetic_assumption
352,LOW,25.0,synthetic_assumption
353,MEDIUM,50.0,synthetic_assumption
354,HIGH,75.0,synthetic_assumption
355,LOW,25.0,synthetic_assumption
356,MEDIUM,50.0,synthetic_assumption
357,HIGH,75.0,synthetic_assumption
358,LOW,25.0,synthetic_assumption
359,MEDIUM,50.0,synthetic_assumption
360,HIGH,75.0,synthetic_assumption
361,LOW,25.0,synthetic_assumption
362,MEDIUM,50.0,synthetic_assumption
363,HIGH,75.0,synthetic_assumption
364,LOW,25.0,synthetic_assumption
365,MEDIUM,50.0,synthetic_assumption
366,HIGH,75.0,synthetic_assumption
367,LOW,25.0,synthetic_assumption
368,MEDIUM,50.0,synthetic_assumption
369,HIGH,75.0,synthetic_assumption
370,LOW,25.0,synthetic_assumption
371,MEDIUM,50.0,synthetic_assumption
372,HIGH,75.0,synthetic_assumption
373,LOW,25.0,synthetic_assumption
374,MEDIUM,50.0,synthetic_assumption
375,HIGH,75.0,synthetic_assumption
376,LOW,25.0,synthetic_assumption
377,MEDIUM,50.0,synthetic_assumption
378,HIGH,75.0,synthetic_assumption
379,LOW,25.0,synthetic_assumption
380,MEDIUM,50.0,synthetic_assumption
381,HIGH,75.0,synthetic_assumption
382,LOW,25.0,synthetic_assumption
383,MEDIUM,50.0,synthetic_assumption
384,HIGH,75.0,synthetic_assumption
385,LOW,25.0,synthetic_assumption
386,MEDIUM,50.0,synthetic_assumption
387,HIGH,75.0,synthetic_assumption
388,LOW,25.0,synthetic_assumption
389,MEDIUM,50.0,synthetic_assumption
390,HIGH,75.0,synthetic_assumption
391,LOW,25.0,synthetic_assumption
392,MEDIUM,50.0,synthetic_assumption
393,HIGH,75.0,synthetic_assumption
394,LOW,25.0,synthetic_assumption
395,MEDIUM,50.0,synthetic_assumption
396,HIGH,75.0,synthetic_assumption
397,LOW,25.0,synthetic_assumption
398,MEDIUM,50.0,synthetic_assumption
399,HIGH,75.0,synthetic_assumption
400,LOW,25.0,synthetic_assumption
401,MEDIUM,50.0,synthetic_assumption
402,HIGH,75.0,synthetic_assumption
403,LOW,25.0,synthetic_assumption
404,MEDIUM,50.0,synthetic_assumption
405,HIGH,75.0,synthetic_assumption
406,LOW,25.0,synthetic_assumption
407,MEDIUM,50.0,synthetic_assumption
408,HIGH,75.0,synthetic_assumption
409,LOW,25.0,synthetic_assumption
410,MEDIUM,50.0,synthetic_assumption
411,HIGH,75.0,synthetic_assumption
412,LOW,25.0,synthetic_assumption
413,MEDIUM,50.0,synthetic_assumption
414,HIGH,75.0,synthetic_assumption
415,LOW,25.0,synthetic_assumption
416,MEDIUM,50.0,synthetic_assumption
417,HIGH,75.0,synthetic_assumption
418,LOW,25.0,synthetic_assumption
419,MEDIUM,50.0,synthetic_assumption
420,HIGH,75.0,synthetic_assumption
421,LOW,25.0,synthetic_assumption
422,MEDIUM,50.0,synthetic_assumption
423,HIGH,75.0,synthetic_assumption
424,LOW,25.0,synthetic_assumption
425,MEDIUM,50.0,synthetic_assumption
426,HIGH,75.0,synthetic_assumption
427,LOW,25.0,synthetic_assumption
428,MEDIUM,50.0,synthetic_assumption
429,HIGH,75.0,synthetic_assumption
430,LOW,25.0,synthetic_assumption
431,MEDIUM,50.0,synthetic_assumption
432,HIGH,75.0,synthetic_assumption
433,LOW,25.0,synthetic_assumption
434,MEDIUM,50.0,synthetic_assumption
435,HIGH,75.0,synthetic_assumption
436,LOW,25.0,synthetic_assumption
437,MEDIUM,50.0,synthetic_assumption
438,HIGH,75.0,synthetic_assumption
439,LOW,25.0,synthetic_assumption
440,MEDIUM,50.0,synthetic_assumption
441,HIGH,75.0,synthetic_assumption
442,LOW,25.0,synthetic_assumption
443,MEDIUM,50.0,synthetic_assumption
444,HIGH,75.0,synthetic_assumption
445,LOW,25.0,synthetic_assumption
446,MEDIUM,50.0,synthetic_assumption
447,HIGH,75.0,synthetic_assumption
448,LOW,25.0,synthetic_assumption
449,MEDIUM,50.0,synthetic_assumption
450,HIGH,75.0,synthetic_assumption
451,LOW,25.0,synthetic_assumption
452,MEDIUM,50.0,synthetic_assumption
453,HIGH,75.0,synthetic_assumption
454,LOW,25.0,synthetic_assumption
455,MEDIUM,50.0,synthetic_assumption
456,HIGH,75.0,synthetic_assumption
457,LOW,25.0,synthetic_assumption
458,MEDIUM,50.0,synthetic_assumption
459,HIGH,75.0,synthetic_assumption
460,LOW,25.0,synthetic_assumption
461,MEDIUM,50.0,synthetic_assumption
462,HIGH,75.0,synthetic_assumption
463,LOW,25.0,synthetic_assumption
464,MEDIUM,50.0,synthetic_assumption
465,HIGH,75.0,synthetic_assumption
466,LOW,25.0,synthetic_assumption
467,MEDIUM,50.0,synthetic_assumption
468,HIGH,75.0,synthetic_assumption
469,LOW,25.0,synthetic_assumption
470,MEDIUM,50.0,synthetic_assumption
471,HIGH,75.0,synthetic_assumption
472,LOW,25.0,synthetic_assumption
473,MEDIUM,50.0,synthetic_assumption
474,HIGH,75.0,synthetic_assumption
475,LOW,25.0,synthetic_assumption
476,MEDIUM,50.0,synthetic_assumption
477,HIGH,75.0,synthetic_assumption
478,LOW,25.0,synthetic_assumption
479,MEDIUM,50.0,synthetic_assumption
480,HIGH,75.0,synthetic_assumption
481,LOW,25.0,synthetic_assumption
482,MEDIUM,50.0,synthetic_assumption
483,HIGH,75.0,synthetic_assumption
484,LOW,25.0,synthetic_assumption
485,MEDIUM,50.0,synthetic_assumption
486,HIGH,75.0,synthetic_assumption
487,LOW,25.0,synthetic_assumption
488,MEDIUM,50.0,synthetic_assumption
489,HIGH,75.0,synthetic_assumption
490,LOW,25.0,synthetic_assumption
491,MEDIUM,50.0,synthetic_assumption
492,HIGH,75.0,synthetic_assumption
493,LOW,25.0,synthetic_assumption
494,MEDIUM,50.0,synthetic_assumption
495,HIGH,75.0,synthetic_assumption
496,LOW,25.0,synthetic_assumption
497,MEDIUM,50.0,synthetic_assumption
498,HIGH,75.0,synthetic_assumption
499,LOW,25.0,synthetic_assumption
500,MEDIUM,50.0,synthetic_assumption
