"complaint_id","wait_days","wait_time_score"
1,70.67,39.42
2,77.25,43.09
3,45.61,25.44
4,39.60,22.09
5,10.65,5.94
6,119.06,66.41
7,71.56,39.92
8,76.34,42.58
9,83.98,46.85
10,75.58,42.16
11,102.67,57.27
12,118.31,65.99
13,140.28,78.25
14,37.48,20.91
15,143.13,79.84
16,60.82,33.93
17,42.77,23.86
18,19.85,11.07
19,37.84,21.11
20,169.74,94.68
21,10.17,5.67
22,163.43,91.16
23,131.77,73.50
24,115.22,64.27
25,175.50,97.89
26,82.27,45.89
27,110.04,61.38
28,122.50,68.33
29,6.82,3.80
30,54.54,30.42
31,50.52,28.18
32,126.07,70.33
33,166.11,92.66
34,11.65,6.50
35,18.88,10.53
36,90.64,50.56
37,59.95,33.44
38,85.01,47.42
39,19.26,10.74
40,151.37,84.44
41,69.12,38.56
42,1.25,0.70
43,154.27,86.05
44,123.30,68.78
45,73.24,40.86
46,125.42,69.96
47,0.97,0.54
48,55.47,30.94
49,23.08,12.87
50,75.66,42.21
51,25.28,14.10
52,140.40,78.32
53,93.84,52.35
54,117.22,65.39
55,166.00,92.60
56,91.25,50.90
57,96.20,53.66
58,46.66,26.03
59,135.45,75.56
60,141.75,79.07
61,13.12,7.32
62,57.76,32.22
63,22.97,12.81
64,102.11,56.96
65,10.07,5.62
66,156.16,87.11
67,103.70,57.84
68,98.02,54.68
69,149.52,83.40
70,13.42,7.48
71,151.87,84.71
72,169.59,94.60
73,46.46,25.92
74,127.86,71.32
75,65.31,36.43
76,171.19,95.49
77,112.13,62.54
78,172.76,96.37
79,5.95,3.32
80,29.81,16.63
81,12.66,7.06
82,97.13,54.18
83,136.33,76.05
84,141.20,78.76
85,48.94,27.30
86,106.81,59.58
87,153.06,85.38
88,118.06,65.85
89,28.59,15.95
90,147.85,82.47
91,132.09,73.68
92,56.61,31.58
93,90.31,50.37
94,159.75,89.11
95,119.81,66.83
96,15.62,8.71
97,171.83,95.85
98,28.87,16.10
99,87.12,48.59
100,121.92,68.01
101,88.81,49.54
102,53.18,29.66
103,133.06,74.22
104,37.76,21.06
105,30.56,17.05
106,140.20,78.21
107,165.81,92.49
108,60.27,33.62
109,1.97,1.10
110,90.47,50.46
111,147.85,82.47
112,7.16,3.99
113,110.97,61.90
114,62.00,34.59
115,142.67,79.58
116,142.03,79.22
117,78.74,43.92
118,169.58,94.59
119,127.36,71.04
120,160.90,89.75
121,13.63,7.61
122,91.03,50.78
123,94.20,52.55
124,77.68,43.33
125,163.14,91.00
126,135.19,75.41
127,65.71,36.65
128,37.75,21.06
129,81.27,45.33
130,112.68,62.85
131,156.12,87.08
132,166.57,92.92
133,46.80,26.11
134,58.10,32.41
135,69.49,38.76
136,73.40,40.94
137,35.22,19.64
138,94.75,52.85
139,141.28,78.81
140,121.31,67.67
141,10.88,6.07
142,104.68,58.39
143,52.85,29.48
144,114.77,64.02
145,29.27,16.33
146,21.94,12.24
147,153.07,85.39
148,84.46,47.11
149,29.80,16.62
150,38.46,21.45
151,166.07,92.64
152,104.64,58.37
153,130.35,72.71
154,100.16,55.87
155,98.17,54.76
156,132.94,74.15
157,171.26,95.53
158,106.34,59.32
159,6.20,3.46
160,103.55,57.76
161,147.65,82.36
162,142.51,79.50
163,13.83,7.72
164,79.65,44.43
165,92.40,51.54
166,56.18,31.34
167,3.48,1.94
168,38.13,21.27
169,63.26,35.28
170,166.62,92.94
171,154.58,86.22
172,157.59,87.91
173,69.70,38.88
174,130.85,72.99
175,177.13,98.81
176,151.09,84.28
177,84.21,46.97
178,21.48,11.98
179,160.36,89.45
180,21.41,11.94
181,77.62,43.30
182,57.44,32.04
183,90.00,50.21
184,62.95,35.11
185,137.54,76.72
186,94.04,52.46
187,37.79,21.08
188,8.91,4.97
189,121.22,67.62
190,11.06,6.17
191,12.42,6.93
192,121.19,67.60
193,151.87,84.72
194,40.18,22.41
195,89.66,50.01
196,73.42,40.96
197,122.71,68.45
198,114.94,64.12
199,31.60,17.62
200,74.58,41.60
201,9.20,5.13
202,43.88,24.48
203,25.85,14.42
204,60.98,34.01
205,51.13,28.52
206,83.90,46.80
207,71.38,39.81
208,79.73,44.48
209,120.77,67.37
210,28.81,16.07
211,97.09,54.16
212,160.36,89.45
213,40.66,22.68
214,7.00,3.90
215,75.57,42.16
216,18.22,10.16
217,5.46,3.04
218,30.54,17.04
219,0.00,0.00
220,72.06,40.19
221,156.94,87.54
222,134.15,74.83
223,149.05,83.14
224,97.01,54.11
225,135.65,75.67
226,25.79,14.39
227,103.31,57.63
228,70.73,39.45
229,174.38,97.27
230,163.10,90.98
231,24.44,13.63
232,109.87,61.29
233,91.65,51.12
234,94.61,52.77
235,76.43,42.63
236,19.30,10.77
237,3.24,1.81
238,61.29,34.19
239,37.12,20.70
240,108.35,60.44
241,9.88,5.51
242,92.97,51.86
243,77.60,43.29
244,75.15,41.92
245,134.25,74.89
246,155.23,86.59
247,127.34,71.03
248,46.25,25.80
249,52.42,29.24
250,122.45,68.31
251,68.95,38.46
252,5.55,3.10
253,56.98,31.78
254,108.04,60.26
255,26.96,15.04
256,153.17,85.44
257,8.09,4.52
258,82.72,46.14
259,149.59,83.44
260,178.44,99.53
261,82.98,46.29
262,65.15,36.34
263,147.75,82.42
264,87.92,49.04
265,20.40,11.38
266,118.03,65.84
267,51.08,28.49
268,149.52,83.41
269,134.81,75.20
270,59.44,33.16
271,5.83,3.25
272,139.98,78.08
273,164.17,91.57
274,30.92,17.25
275,163.40,91.15
276,137.26,76.56
277,155.02,86.47
278,43.76,24.41
279,152.60,85.12
280,7.77,4.33
281,49.78,27.77
282,8.68,4.84
283,115.03,64.16
284,89.02,49.66
285,56.77,31.67
286,74.07,41.32
287,113.09,63.08
288,81.16,45.27
289,40.56,22.62
290,127.86,71.32
291,56.69,31.62
292,47.68,26.60
293,85.45,47.66
294,179.08,99.89
295,97.54,54.41
296,6.18,3.45
297,102.21,57.02
298,86.44,48.22
299,103.65,57.82
300,10.93,6.10
301,114.12,63.66
302,160.54,89.55
303,158.97,88.67
304,0.10,0.06
305,148.80,83.00
306,71.40,39.83
307,31.40,17.52
308,159.86,89.17
309,171.93,95.90
310,72.48,40.43
311,173.88,96.99
312,128.78,71.83
313,122.03,68.07
314,108.64,60.60
315,165.42,92.27
316,162.84,90.83
317,119.56,66.69
318,110.41,61.59
319,144.73,80.73
320,20.75,11.58
321,171.02,95.40
322,99.30,55.39
323,17.19,9.59
324,160.81,89.70
325,179.27,100.00
326,1.97,1.10
327,34.18,19.07
328,49.31,27.51
329,131.90,73.58
330,116.05,64.74
331,143.75,80.18
332,99.90,55.73
333,16.96,9.46
334,22.06,12.31
335,140.02,78.11
336,151.46,84.49
337,128.03,71.42
338,73.45,40.97
339,165.17,92.13
340,129.35,72.15
341,125.75,70.14
342,134.10,74.80
343,167.83,93.62
344,67.57,37.69
345,89.46,49.90
346,32.67,18.22
347,153.12,85.41
348,123.85,69.08
349,73.57,41.04
350,129.85,72.43
351,149.83,83.58
352,42.67,23.80
353,20.58,11.48
354,103.18,57.55
355,167.33,93.34
356,5.29,2.95
357,172.69,96.33
358,43.76,24.41
359,30.63,17.09
360,53.89,30.06
361,149.83,83.58
362,119.33,66.56
363,140.55,78.40
364,100.77,56.21
365,91.26,50.90
366,88.25,49.23
367,165.43,92.28
368,132.89,74.13
369,90.98,50.75
370,56.12,31.31
371,68.25,38.07
372,54.43,30.36
373,138.19,77.08
374,20.86,11.63
375,55.08,30.72
376,152.58,85.11
377,137.36,76.62
378,122.16,68.14
379,48.86,27.26
380,77.79,43.39
381,150.45,83.92
382,157.36,87.78
383,45.95,25.63
384,42.35,23.62
385,116.73,65.12
386,22.99,12.83
387,102.66,57.26
388,159.47,88.95
389,79.65,44.43
390,118.77,66.25
391,142.83,79.67
392,114.88,64.08
393,25.87,14.43
394,9.37,5.22
395,170.62,95.18
396,55.66,31.05
397,87.22,48.65
398,138.50,77.26
399,60.48,33.74
400,40.41,22.54
401,45.13,25.17
402,52.22,29.13
403,163.47,91.19
404,176.29,98.34
405,40.23,22.44
406,28.46,15.87
407,26.47,14.76
408,147.76,82.42
409,167.11,93.21
410,56.05,31.27
411,73.95,41.25
412,53.90,30.06
413,136.26,76.01
414,95.21,53.11
415,127.83,71.31
416,64.60,36.04
417,143.42,80.00
418,75.69,42.22
419,97.58,54.43
420,7.65,4.27
421,39.51,22.04
422,42.59,23.76
423,165.64,92.40
424,54.38,30.33
425,76.73,42.80
426,151.66,84.60
427,171.15,95.47
428,92.68,51.70
429,158.55,88.44
430,166.85,93.07
431,27.13,15.14
432,80.71,45.02
433,139.58,77.86
434,116.64,65.06
435,163.28,91.08
436,118.48,66.09
437,66.04,36.84
438,141.82,79.11
439,122.39,68.27
440,145.33,81.07
441,14.48,8.08
442,71.71,40.00
443,171.01,95.39
444,67.07,37.41
445,143.62,80.11
446,67.91,37.88
447,75.35,42.03
448,53.53,29.86
449,84.99,47.41
450,117.24,65.40
451,94.16,52.53
452,55.61,31.02
453,146.91,81.95
454,36.46,20.34
455,28.92,16.13
456,54.55,30.43
457,172.58,96.27
458,28.01,15.62
459,174.06,97.09
460,117.49,65.54
461,165.50,92.32
462,102.74,57.31
463,121.96,68.03
464,30.37,16.94
465,27.59,15.39
466,55.82,31.14
467,136.74,76.27
468,78.32,43.69
469,105.44,58.82
470,151.82,84.69
471,12.16,6.78
472,149.60,83.45
473,175.44,97.86
474,150.61,84.01
475,128.32,71.58
476,17.91,9.99
477,100.31,55.96
478,41.75,23.29
479,86.79,48.41
480,131.43,73.31
481,139.75,77.95
482,7.80,4.35
483,25.60,14.28
484,123.19,68.72
485,80.28,44.78
486,44.91,25.05
487,6.46,3.60
488,104.81,58.46
489,144.79,80.76
490,40.71,22.71
491,117.61,65.61
492,105.93,59.09
493,2.26,1.26
494,126.53,70.58
495,4.68,2.61
496,99.22,55.35
497,90.41,50.43
498,67.73,37.78
499,140.60,78.43
500,49.78,27.77
