complaint_id,job_id,work_type,priority_score,priority_level,workers_required,service_duration_hours,estimated_cost,required_equipment,required_equipment_raw,latitude,longitude,duplicate_status,is_duplicate_child,status,submitted_at
120,120,WATER,67.25,HIGH,4,14.4,4755.2,drain_cleaning_tools,Drain Cleaning Tools,18.731763,73.669583,NOT_DUPLICATE,False,SUBMITTED,2026-04-14 01:36:22+05:30
305,305,ROAD,64.89,HIGH,3,3.8,2461.25,joint_cutting_machine|plate_compactor,Joint Cutting Machine; Plate Compactor,18.732865,73.663938,NOT_EVALUATED,False,SUBMITTED,2026-04-26 04:02:22+05:30
369,369,ELECTRICITY,63.89,HIGH,4,3.0,1386.5,electrical_maintenance_tools,Electrical Maintenance Tools,18.703875,73.686178,NOT_DUPLICATE,False,SUBMITTED,2026-06-22 23:50:22+05:30
347,347,ROAD,63.28,HIGH,3,8.1,3401.88,joint_cutting_machine|plate_compactor,Joint Cutting Machine; Plate Compactor,18.74234,73.679605,NOT_EVALUATED,False,SUBMITTED,2026-04-21 20:24:22+05:30
102,102,WATER,62.31,HIGH,4,11.6,3927.8,drain_cleaning_tools,Drain Cleaning Tools,18.723044,73.664538,NOT_EVALUATED,False,SUBMITTED,2026-07-30 19:03:22+05:30
54,54,WATER,60.88,HIGH,4,17.4,5641.7,drain_cleaning_tools,Drain Cleaning Tools,18.734165,73.670511,NOT_DUPLICATE,False,SUBMITTED,2026-05-27 18:00:22+05:30
243,243,ROAD,60.37,HIGH,4,8.9,4259.95,joint_cutting_machine|plate_compactor,Joint Cutting Machine; Plate Compactor,18.713551,73.676105,NOT_DUPLICATE,False,SUBMITTED,2026-07-06 08:51:22+05:30
8,8,WATER,59.67,HIGH,3,5.6,1725.0,water_leakage_repair_tools,Water Leakage Repair Tools,18.731086,73.664227,NOT_EVALUATED,False,SUBMITTED,2026-07-07 15:11:22+05:30
414,414,WATER,58.94,HIGH,4,31.4,10868.7,truck_5_5_cum_per_10_mt,Truck 5.5 cum per 10 MT,18.723015,73.662825,NOT_DUPLICATE,False,SUBMITTED,2026-06-18 18:09:22+05:30
339,339,GARBAGE,58.68,HIGH,4,11.6,3927.8,manual_garbage_collection_tools,Manual Garbage Collection Tools,18.736942,73.705491,NOT_EVALUATED,False,SUBMITTED,2026-04-09 19:17:22+05:30
156,156,WATER,58.19,HIGH,4,14.2,4696.1,water_leakage_repair_tools,Water Leakage Repair Tools,18.731086,73.665351,NOT_EVALUATED,False,SUBMITTED,2026-05-12 00:47:22+05:30
110,110,ROAD,57.62,HIGH,3,4.9,2701.88,joint_cutting_machine|plate_compactor,Joint Cutting Machine; Plate Compactor,18.705887,73.684354,NOT_DUPLICATE,False,SUBMITTED,2026-06-23 12:05:22+05:30
471,471,WATER,57.16,HIGH,4,17.9,5789.45,drain_cleaning_tools,Drain Cleaning Tools,18.726662,73.656302,NOT_EVALUATED,False,SUBMITTED,2026-09-09 19:22:22+05:30
9,9,WATER,56.89,HIGH,4,32.3,11134.65,truck_5_5_cum_per_10_mt,Truck 5.5 cum per 10 MT,18.730628,73.663933,NOT_EVALUATED,False,SUBMITTED,2026-06-29 23:40:22+05:30
195,195,GARBAGE,56.51,HIGH,4,15.0,4932.5,manual_garbage_collection_tools,Manual Garbage Collection Tools,18.733635,73.683256,NOT_EVALUATED,False,SUBMITTED,2026-06-24 07:30:22+05:30
207,207,GARBAGE,56.07,HIGH,4,14.3,4725.65,manual_garbage_collection_tools,Manual Garbage Collection Tools,18.72228,73.670987,NOT_DUPLICATE,False,SUBMITTED,2026-07-12 14:13:22+05:30
228,228,WATER,55.82,HIGH,4,41.4,13823.7,truck_5_5_cum_per_10_mt,Truck 5.5 cum per 10 MT,18.745123,73.684989,NOT_EVALUATED,False,SUBMITTED,2026-07-13 05:49:22+05:30
96,96,ROAD,55.75,HIGH,4,7.1,3728.05,joint_cutting_machine|plate_compactor,Joint Cutting Machine; Plate Compactor,18.702651,73.689203,NOT_EVALUATED,False,SUBMITTED,2026-09-06 08:27:22+05:30
198,198,WATER,55.21,HIGH,4,24.1,8711.55,truck_5_5_cum_per_10_mt,Truck 5.5 cum per 10 MT,18.718236,73.669643,NOT_DUPLICATE,False,SUBMITTED,2026-05-30 00:39:22+05:30
275,275,ROAD,55.18,HIGH,3,4.6,2636.25,joint_cutting_machine|plate_compactor,Joint Cutting Machine; Plate Compactor,18.734318,73.684387,NOT_EVALUATED,False,SUBMITTED,2026-04-11 13:33:22+05:30
230,230,ELECTRICITY,55.16,HIGH,3,2.0,937.5,electrical_maintenance_tools,Electrical Maintenance Tools,18.734157,73.684496,NOT_EVALUATED,False,SUBMITTED,2026-04-11 20:52:22+05:30
92,92,ROAD,55.0,HIGH,3,8.5,3489.38,joint_cutting_machine|plate_compactor,Joint Cutting Machine; Plate Compactor,18.734711,73.6725,NOT_DUPLICATE,False,SUBMITTED,2026-07-27 08:34:22+05:30
273,273,ROAD,54.87,HIGH,4,14.9,6032.95,joint_cutting_machine|plate_compactor,Joint Cutting Machine; Plate Compactor,18.745383,73.700192,NOT_EVALUATED,False,SUBMITTED,2026-04-10 19:13:22+05:30
439,439,WATER,54.85,HIGH,2,2.6,869.2,water_leakage_repair_tools,Water Leakage Repair Tools,18.732258,73.664756,NOT_DUPLICATE,False,SUBMITTED,2026-05-22 13:48:22+05:30
459,459,ELECTRICITY,54.71,HIGH,4,3.0,1386.5,electrical_maintenance_tools,Electrical Maintenance Tools,18.744583,73.701988,NOT_EVALUATED,False,SUBMITTED,2026-03-31 21:43:22+05:30
324,324,WATER,54.39,HIGH,4,34.8,11873.4,truck_5_5_cum_per_10_mt,Truck 5.5 cum per 10 MT,18.729376,73.697433,NOT_EVALUATED,False,SUBMITTED,2026-04-14 03:45:22+05:30
444,444,GARBAGE,54.35,HIGH,4,12.8,4282.4,manual_garbage_collection_tools,Manual Garbage Collection Tools,18.705326,73.68439,NOT_EVALUATED,False,SUBMITTED,2026-07-16 21:37:22+05:30
360,360,ELECTRICITY,54.32,HIGH,4,3.0,1386.5,electrical_maintenance_tools,Electrical Maintenance Tools,18.73392,73.69266,NOT_EVALUATED,False,SUBMITTED,2026-07-30 01:55:22+05:30
249,249,ELECTRICITY,54.24,HIGH,4,3.0,1386.5,electrical_maintenance_tools,Electrical Maintenance Tools,18.70274,73.687168,NOT_EVALUATED,False,SUBMITTED,2026-07-31 13:17:22+05:30
134,134,WATER,54.12,HIGH,3,6.9,2009.38,water_leakage_repair_tools,Water Leakage Repair Tools,18.727516,73.673364,NOT_EVALUATED,False,SUBMITTED,2026-07-25 20:56:22+05:30
17,17,GARBAGE,53.94,HIGH,3,7.1,2053.12,manual_garbage_collection_tools,Manual Garbage Collection Tools,18.730622,73.673974,NOT_EVALUATED,False,SUBMITTED,2026-08-10 04:50:22+05:30
453,453,GARBAGE,53.91,HIGH,4,12.3,4134.65,manual_garbage_collection_tools,Manual Garbage Collection Tools,18.747753,73.712948,NOT_EVALUATED,False,SUBMITTED,2026-04-28 01:28:22+05:30
105,105,ROAD,53.74,HIGH,4,21.8,8071.9,joint_cutting_machine|plate_compactor,Joint Cutting Machine; Plate Compactor,18.705537,73.683884,NOT_DUPLICATE,False,SUBMITTED,2026-08-22 09:51:22+05:30
174,174,ELECTRICITY,53.43,HIGH,4,3.0,1386.5,electrical_maintenance_tools,Electrical Maintenance Tools,18.736972,73.692528,NOT_DUPLICATE,False,SUBMITTED,2026-05-14 02:50:22+05:30
87,87,ROAD,53.1,HIGH,4,6.4,3521.2,joint_cutting_machine|plate_compactor,Joint Cutting Machine; Plate Compactor,18.742998,73.666088,NOT_DUPLICATE,False,SUBMITTED,2026-04-21 21:47:22+05:30
341,341,WATER,52.97,HIGH,3,7.4,2118.75,water_leakage_repair_tools,Water Leakage Repair Tools,18.722901,73.665519,NOT_EVALUATED,False,SUBMITTED,2026-05-19 05:21:22+05:30
351,351,ELECTRICITY,52.35,HIGH,4,3.0,1386.5,electrical_maintenance_tools,Electrical Maintenance Tools,18.724198,73.683838,NOT_EVALUATED,False,SUBMITTED,2026-04-25 03:21:22+05:30
215,215,WATER,52.13,HIGH,3,4.7,1528.12,water_leakage_repair_tools,Water Leakage Repair Tools,18.729498,73.662473,NOT_DUPLICATE,False,SUBMITTED,2026-07-08 09:31:22+05:30
240,240,WATER,52.03,HIGH,4,40.3,13498.65,truck_5_5_cum_per_10_mt,Truck 5.5 cum per 10 MT,18.743574,73.673476,NOT_EVALUATED,False,SUBMITTED,2026-06-05 14:49:22+05:30
168,168,WATER,51.86,HIGH,4,16.1,5257.55,drain_cleaning_tools,Drain Cleaning Tools,18.746459,73.678828,NOT_EVALUATED,False,SUBMITTED,2026-08-14 20:07:22+05:30
278,278,WATER,51.82,HIGH,3,9.0,2468.75,drain_cleaning_tools,Drain Cleaning Tools,18.740889,73.680322,NOT_EVALUATED,False,SUBMITTED,2026-08-09 05:06:22+05:30
315,315,WATER,51.79,HIGH,4,13.6,4518.8,drain_cleaning_tools,Drain Cleaning Tools,18.721575,73.68476,NOT_DUPLICATE,False,SUBMITTED,2026-04-09 13:10:22+05:30
330,330,WATER,51.75,HIGH,4,42.0,14001.0,truck_5_5_cum_per_10_mt,Truck 5.5 cum per 10 MT,18.747086,73.679299,NOT_EVALUATED,False,SUBMITTED,2026-05-28 21:57:22+05:30
201,201,WATER,51.64,HIGH,4,11.0,3750.5,water_leakage_repair_tools,Water Leakage Repair Tools,18.736705,73.660208,NOT_EVALUATED,False,SUBMITTED,2026-09-12 18:28:22+05:30
36,36,ROAD,51.48,HIGH,4,16.3,6446.65,joint_cutting_machine|plate_compactor,Joint Cutting Machine; Plate Compactor,18.751406,73.715412,NOT_DUPLICATE,False,SUBMITTED,2026-06-23 07:53:22+05:30
15,15,WATER,51.46,HIGH,4,17.7,5730.35,water_leakage_repair_tools,Water Leakage Repair Tools,18.72889,73.682735,NOT_EVALUATED,False,SUBMITTED,2026-05-01 20:04:22+05:30
473,473,WATER,51.38,HIGH,3,6.2,1856.25,water_leakage_repair_tools,Water Leakage Repair Tools,18.707213,73.683899,NOT_EVALUATED,False,SUBMITTED,2026-03-30 12:36:22+05:30
287,287,GARBAGE,51.37,HIGH,3,7.3,2096.88,manual_garbage_collection_tools,Manual Garbage Collection Tools,18.728417,73.666146,NOT_EVALUATED,False,SUBMITTED,2026-05-31 21:11:22+05:30
84,84,ROAD,51.26,HIGH,4,8.2,4053.1,joint_cutting_machine|plate_compactor,Joint Cutting Machine; Plate Compactor,18.728287,73.697753,NOT_EVALUATED,False,SUBMITTED,2026-05-03 18:31:22+05:30
135,135,WATER,51.02,HIGH,4,15.5,5080.25,drain_cleaning_tools,Drain Cleaning Tools,18.741568,73.697188,NOT_EVALUATED,False,SUBMITTED,2026-07-14 11:36:22+05:30
302,302,WATER,51.01,HIGH,3,9.3,2534.38,water_leakage_repair_tools,Water Leakage Repair Tools,18.744109,73.676508,NOT_EVALUATED,False,SUBMITTED,2026-04-14 10:20:22+05:30
222,222,ELECTRICITY,50.96,HIGH,4,3.0,1386.5,electrical_maintenance_tools,Electrical Maintenance Tools,18.726155,73.68087,NOT_EVALUATED,False,SUBMITTED,2026-05-10 19:45:22+05:30
138,138,ROAD,50.94,HIGH,4,14.9,6032.95,joint_cutting_machine|plate_compactor,Joint Cutting Machine; Plate Compactor,18.702598,73.691792,NOT_EVALUATED,False,SUBMITTED,2026-06-19 05:16:22+05:30
406,406,WATER,50.93,HIGH,2,5.6,2385.2,truck_5_5_cum_per_10_mt,Truck 5.5 cum per 10 MT,18.732546,73.662998,NOT_EVALUATED,False,SUBMITTED,2026-08-24 12:16:22+05:30
378,378,WATER,50.88,HIGH,4,10.7,3661.85,drain_cleaning_tools,Drain Cleaning Tools,18.736899,73.689783,NOT_DUPLICATE,False,SUBMITTED,2026-05-22 19:29:22+05:30
290,290,GARBAGE,50.87,HIGH,3,7.2,2075.0,manual_garbage_collection_tools,Manual Garbage Collection Tools,18.706988,73.684374,NOT_EVALUATED,False,SUBMITTED,2026-05-17 02:32:22+05:30
50,50,ROAD,50.72,HIGH,3,4.2,2548.75,joint_cutting_machine|plate_compactor,Joint Cutting Machine; Plate Compactor,18.705376,73.683264,NOT_EVALUATED,False,SUBMITTED,2026-07-08 07:21:22+05:30
132,132,ROAD,50.35,HIGH,4,7.2,3757.6,joint_cutting_machine|plate_compactor,Joint Cutting Machine; Plate Compactor,18.735481,73.677855,NOT_EVALUATED,False,SUBMITTED,2026-04-08 09:29:22+05:30
180,180,WATER,50.22,HIGH,4,11.6,3927.8,drain_cleaning_tools,Drain Cleaning Tools,18.743374,73.67597,NOT_DUPLICATE,False,SUBMITTED,2026-08-31 13:30:22+05:30
108,108,WATER,50.21,HIGH,4,25.6,9154.8,truck_5_5_cum_per_10_mt,Truck 5.5 cum per 10 MT,18.730967,73.697209,NOT_DUPLICATE,False,SUBMITTED,2026-07-23 16:48:22+05:30
239,239,WATER,50.16,HIGH,3,5.1,1615.62,drain_cleaning_tools,Drain Cleaning Tools,18.730752,73.663807,NOT_EVALUATED,False,SUBMITTED,2026-08-15 20:27:22+05:30
66,66,WATER,49.96,MEDIUM,4,11.0,3750.5,water_leakage_repair_tools,Water Leakage Repair Tools,18.734558,73.701511,NOT_EVALUATED,False,SUBMITTED,2026-04-18 19:23:22+05:30
247,247,GARBAGE,49.77,MEDIUM,2,2.7,883.4,manual_garbage_collection_tools,Manual Garbage Collection Tools,18.706055,73.684373,NOT_EVALUATED,False,SUBMITTED,2026-05-17 15:10:22+05:30
435,435,WATER,49.72,MEDIUM,4,17.9,5789.45,water_leakage_repair_tools,Water Leakage Repair Tools,18.742568,73.690904,NOT_DUPLICATE,False,SUBMITTED,2026-04-11 16:39:22+05:30
455,455,ROAD,49.53,MEDIUM,3,11.4,4123.75,joint_cutting_machine|plate_compactor,Joint Cutting Machine; Plate Compactor,18.731835,73.667277,NOT_DUPLICATE,False,SUBMITTED,2026-08-24 01:18:22+05:30
258,258,WATER,49.52,MEDIUM,4,15.4,5050.7,drain_cleaning_tools,Drain Cleaning Tools,18.728025,73.676559,NOT_EVALUATED,False,SUBMITTED,2026-07-01 06:01:22+05:30
470,470,ELECTRICITY,49.35,MEDIUM,3,2.0,937.5,electrical_maintenance_tools,Electrical Maintenance Tools,18.730163,73.695836,NOT_EVALUATED,False,SUBMITTED,2026-04-23 03:32:22+05:30
321,321,ROAD,49.3,MEDIUM,4,6.8,3639.4,joint_cutting_machine|plate_compactor,Joint Cutting Machine; Plate Compactor,18.713971,73.695705,NOT_EVALUATED,False,SUBMITTED,2026-04-03 22:47:22+05:30
384,384,WATER,49.2,MEDIUM,4,15.3,5021.15,drain_cleaning_tools,Drain Cleaning Tools,18.72521,73.660018,NOT_EVALUATED,False,SUBMITTED,2026-08-10 14:48:22+05:30
234,234,WATER,49.16,MEDIUM,4,13.1,4371.05,water_leakage_repair_tools,Water Leakage Repair Tools,18.722031,73.685417,NOT_DUPLICATE,False,SUBMITTED,2026-06-19 08:39:22+05:30
372,372,ELECTRICITY,49.16,MEDIUM,4,3.0,1386.5,electrical_maintenance_tools,Electrical Maintenance Tools,18.727393,73.671716,NOT_EVALUATED,False,SUBMITTED,2026-07-29 13:01:22+05:30
377,377,ROAD,49.08,MEDIUM,3,3.9,2483.12,joint_cutting_machine|plate_compactor,Joint Cutting Machine; Plate Compactor,18.737665,73.674577,NOT_DUPLICATE,False,SUBMITTED,2026-05-07 14:33:22+05:30
489,489,GARBAGE,49.03,MEDIUM,4,17.5,5671.25,manual_garbage_collection_tools,Manual Garbage Collection Tools,18.723514,73.658407,NOT_EVALUATED,False,SUBMITTED,2026-04-30 04:24:22+05:30
150,150,ELECTRICITY,48.99,MEDIUM,4,3.0,1386.5,electrical_maintenance_tools,Electrical Maintenance Tools,18.727616,73.659288,NOT_EVALUATED,False,SUBMITTED,2026-08-14 12:11:22+05:30
12,12,WATER,48.98,MEDIUM,4,14.1,4666.55,drain_cleaning_tools,Drain Cleaning Tools,18.732153,73.695324,NOT_EVALUATED,False,SUBMITTED,2026-05-26 15:52:22+05:30
423,423,WATER,48.96,MEDIUM,4,12.9,4311.95,drain_cleaning_tools,Drain Cleaning Tools,18.723842,73.678686,NOT_EVALUATED,False,SUBMITTED,2026-04-09 07:54:22+05:30
204,204,ELECTRICITY,48.9,MEDIUM,4,3.0,1386.5,electrical_maintenance_tools,Electrical Maintenance Tools,18.734159,73.687754,NOT_EVALUATED,False,SUBMITTED,2026-07-22 23:51:22+05:30
403,403,GARBAGE,48.68,MEDIUM,2,2.4,840.8,manual_garbage_collection_tools,Manual Garbage Collection Tools,18.742421,73.68188,NOT_DUPLICATE,False,SUBMITTED,2026-04-11 11:53:22+05:30
33,33,GARBAGE,48.62,MEDIUM,4,14.8,4873.4,manual_garbage_collection_tools,Manual Garbage Collection Tools,18.699272,73.698122,NOT_DUPLICATE,False,SUBMITTED,2026-04-08 20:35:22+05:30
264,264,GARBAGE,48.57,MEDIUM,4,15.2,4991.6,manual_garbage_collection_tools,Manual Garbage Collection Tools,18.7472,73.668435,NOT_DUPLICATE,False,SUBMITTED,2026-06-26 01:15:22+05:30
408,408,ROAD,48.56,MEDIUM,4,8.4,4112.2,joint_cutting_machine|plate_compactor,Joint Cutting Machine; Plate Compactor,18.736685,73.687945,NOT_EVALUATED,False,SUBMITTED,2026-04-27 05:08:22+05:30
306,306,WATER,48.52,MEDIUM,4,31.6,10927.8,truck_5_5_cum_per_10_mt,Truck 5.5 cum per 10 MT,18.703219,73.692924,NOT_DUPLICATE,False,SUBMITTED,2026-07-12 13:43:22+05:30
381,381,ROAD,48.46,MEDIUM,4,17.8,6889.9,joint_cutting_machine|plate_compactor,Joint Cutting Machine; Plate Compactor,18.69921,73.698147,NOT_EVALUATED,False,SUBMITTED,2026-04-24 12:25:22+05:30
118,118,GARBAGE,48.45,MEDIUM,2,3.1,940.2,manual_garbage_collection_tools,Manual Garbage Collection Tools,18.730321,73.662323,NOT_EVALUATED,False,SUBMITTED,2026-04-05 09:27:22+05:30
498,498,ROAD,48.34,MEDIUM,4,17.8,6889.9,joint_cutting_machine|plate_compactor,Joint Cutting Machine; Plate Compactor,18.740437,73.673557,NOT_EVALUATED,False,SUBMITTED,2026-07-16 05:41:22+05:30
236,236,GARBAGE,48.13,MEDIUM,3,7.9,2228.12,manual_garbage_collection_tools,Manual Garbage Collection Tools,18.741675,73.672457,NOT_EVALUATED,False,SUBMITTED,2026-09-02 15:59:22+05:30
27,27,ROAD,48.09,MEDIUM,4,7.9,3964.45,joint_cutting_machine|plate_compactor,Joint Cutting Machine; Plate Compactor,18.726238,73.668104,NOT_EVALUATED,False,SUBMITTED,2026-06-03 22:13:22+05:30
427,427,WATER,48.08,MEDIUM,2,2.2,812.4,water_leakage_repair_tools,Water Leakage Repair Tools,18.71252,73.676949,NOT_EVALUATED,False,SUBMITTED,2026-04-03 19:46:22+05:30
210,210,ELECTRICITY,48.01,MEDIUM,4,3.0,1386.5,electrical_maintenance_tools,Electrical Maintenance Tools,18.713191,73.681763,NOT_EVALUATED,False,SUBMITTED,2026-08-24 03:47:22+05:30
276,276,WATER,47.89,MEDIUM,4,13.3,4430.15,drain_cleaning_tools,Drain Cleaning Tools,18.726736,73.670517,NOT_EVALUATED,False,SUBMITTED,2026-05-07 17:03:22+05:30
39,39,WATER,47.77,MEDIUM,4,12.1,4075.55,drain_cleaning_tools,Drain Cleaning Tools,18.747414,73.674083,NOT_EVALUATED,False,SUBMITTED,2026-09-02 17:03:22+05:30
42,42,ROAD,47.63,MEDIUM,4,7.9,3964.45,joint_cutting_machine|plate_compactor,Joint Cutting Machine; Plate Compactor,18.731218,73.697408,NOT_DUPLICATE,False,SUBMITTED,2026-09-20 17:18:22+05:30
438,438,WATER,47.55,MEDIUM,4,12.1,4075.55,water_leakage_repair_tools,Water Leakage Repair Tools,18.747813,73.708191,NOT_EVALUATED,False,SUBMITTED,2026-05-03 03:39:22+05:30
357,357,ROAD,47.53,MEDIUM,4,14.8,6003.4,joint_cutting_machine|plate_compactor,Joint Cutting Machine; Plate Compactor,18.713256,73.700533,NOT_EVALUATED,False,SUBMITTED,2026-04-02 06:38:22+05:30
98,98,GARBAGE,47.49,MEDIUM,3,6.3,1878.12,manual_garbage_collection_tools,Manual Garbage Collection Tools,18.708487,73.685071,NOT_EVALUATED,False,SUBMITTED,2026-08-24 02:26:22+05:30
126,126,GARBAGE,47.47,MEDIUM,4,14.8,4873.4,manual_garbage_collection_tools,Manual Garbage Collection Tools,18.741967,73.707648,NOT_DUPLICATE,False,SUBMITTED,2026-05-09 18:47:22+05:30
131,131,ROAD,47.42,MEDIUM,3,7.9,3358.12,joint_cutting_machine|plate_compactor,Joint Cutting Machine; Plate Compactor,18.716031,73.676799,NOT_DUPLICATE,False,SUBMITTED,2026-04-18 20:27:22+05:30
214,214,ROAD,47.42,MEDIUM,2,2.0,1914.0,joint_cutting_machine|plate_compactor,Joint Cutting Machine; Plate Compactor,18.734994,73.691938,NOT_EVALUATED,False,SUBMITTED,2026-09-14 23:19:22+05:30
183,183,WATER,47.4,MEDIUM,4,11.3,3839.15,water_leakage_repair_tools,Water Leakage Repair Tools,18.722946,73.66059,NOT_DUPLICATE,False,SUBMITTED,2026-06-23 23:10:22+05:30
218,218,WATER,47.26,MEDIUM,3,13.3,4499.38,truck_5_5_cum_per_10_mt,Truck 5.5 cum per 10 MT,18.738256,73.676082,NOT_DUPLICATE,False,SUBMITTED,2026-08-22 10:16:22+05:30
399,399,WATER,47.19,MEDIUM,4,10.8,3691.4,water_leakage_repair_tools,Water Leakage Repair Tools,18.730347,73.694779,NOT_EVALUATED,False,SUBMITTED,2026-07-23 11:45:22+05:30
303,303,ROAD,47.08,MEDIUM,4,6.1,3432.55,joint_cutting_machine|plate_compactor,Joint Cutting Machine; Plate Compactor,18.747335,73.710981,NOT_EVALUATED,False,SUBMITTED,2026-04-16 00:05:22+05:30
72,72,WATER,46.96,MEDIUM,4,24.5,8829.75,truck_5_5_cum_per_10_mt,Truck 5.5 cum per 10 MT,18.738096,73.70369,NOT_DUPLICATE,False,SUBMITTED,2026-04-05 09:12:22+05:30
309,309,WATER,46.94,MEDIUM,4,24.3,8770.65,truck_5_5_cum_per_10_mt,Truck 5.5 cum per 10 MT,18.719568,73.675849,NOT_DUPLICATE,False,SUBMITTED,2026-04-03 00:55:22+05:30
477,477,WATER,46.92,MEDIUM,4,15.1,4962.05,water_leakage_repair_tools,Water Leakage Repair Tools,18.740788,73.692659,NOT_EVALUATED,False,SUBMITTED,2026-06-13 15:46:22+05:30
416,416,ROAD,46.91,MEDIUM,3,3.9,2483.12,joint_cutting_machine|plate_compactor,Joint Cutting Machine; Plate Compactor,18.749503,73.677009,NOT_EVALUATED,False,SUBMITTED,2026-07-19 08:46:22+05:30
29,29,WATER,46.87,MEDIUM,3,7.2,2075.0,water_leakage_repair_tools,Water Leakage Repair Tools,18.730064,73.669682,NOT_EVALUATED,False,SUBMITTED,2026-09-15 03:36:22+05:30
171,171,WATER,46.84,MEDIUM,4,16.4,5346.2,water_leakage_repair_tools,Water Leakage Repair Tools,18.743678,73.707792,NOT_EVALUATED,False,SUBMITTED,2026-04-20 09:25:22+05:30
45,45,ELECTRICITY,46.83,MEDIUM,4,3.0,1386.5,electrical_maintenance_tools,Electrical Maintenance Tools,18.731316,73.691424,NOT_EVALUATED,False,SUBMITTED,2026-07-10 17:25:22+05:30
56,56,ROAD,46.78,MEDIUM,3,11.8,4211.25,joint_cutting_machine|plate_compactor,Joint Cutting Machine; Plate Compactor,18.731953,73.67777,NOT_DUPLICATE,False,SUBMITTED,2026-06-22 17:16:22+05:30
67,67,WATER,46.77,MEDIUM,2,2.1,798.2,water_leakage_repair_tools,Water Leakage Repair Tools,18.742105,73.682827,NOT_EVALUATED,False,SUBMITTED,2026-06-10 06:35:22+05:30
318,318,WATER,46.7,MEDIUM,4,15.7,5139.35,water_leakage_repair_tools,Water Leakage Repair Tools,18.737565,73.684775,NOT_DUPLICATE,False,SUBMITTED,2026-06-03 13:30:22+05:30
431,431,WATER,46.57,MEDIUM,3,9.3,2534.38,drain_cleaning_tools,Drain Cleaning Tools,18.72829,73.66416,NOT_EVALUATED,False,SUBMITTED,2026-08-25 20:02:22+05:30
111,111,WATER,46.54,MEDIUM,4,16.7,5434.85,water_leakage_repair_tools,Water Leakage Repair Tools,18.74521,73.686245,NOT_EVALUATED,False,SUBMITTED,2026-04-27 02:56:22+05:30
350,350,ROAD,46.52,MEDIUM,3,4.8,2680.0,joint_cutting_machine|plate_compactor,Joint Cutting Machine; Plate Compactor,18.736736,73.676131,NOT_EVALUATED,False,SUBMITTED,2026-05-15 02:49:22+05:30
491,491,ELECTRICITY,46.44,MEDIUM,3,2.0,937.5,electrical_maintenance_tools,Electrical Maintenance Tools,18.725741,73.673252,NOT_EVALUATED,False,SUBMITTED,2026-05-27 08:32:22+05:30
117,117,ROAD,46.43,MEDIUM,4,6.7,3609.85,joint_cutting_machine|plate_compactor,Joint Cutting Machine; Plate Compactor,18.737772,73.689696,NOT_EVALUATED,False,SUBMITTED,2026-07-05 05:35:22+05:30
90,90,GARBAGE,46.31,MEDIUM,4,12.0,4046.0,manual_garbage_collection_tools,Manual Garbage Collection Tools,18.724059,73.688211,NOT_DUPLICATE,False,SUBMITTED,2026-04-27 02:50:22+05:30
107,107,ROAD,46.27,MEDIUM,3,7.5,3270.62,joint_cutting_machine|plate_compactor,Joint Cutting Machine; Plate Compactor,18.73956,73.669398,NOT_EVALUATED,False,SUBMITTED,2026-04-09 03:50:22+05:30
388,388,ROAD,46.27,MEDIUM,2,2.3,1956.6,joint_cutting_machine|plate_compactor,Joint Cutting Machine; Plate Compactor,18.734758,73.663541,NOT_EVALUATED,False,SUBMITTED,2026-04-15 12:00:22+05:30
417,417,WATER,46.22,MEDIUM,4,17.5,5671.25,water_leakage_repair_tools,Water Leakage Repair Tools,18.726038,73.685673,NOT_DUPLICATE,False,SUBMITTED,2026-05-01 13:15:22+05:30
170,170,WATER,46.15,MEDIUM,3,8.4,2337.5,drain_cleaning_tools,Drain Cleaning Tools,18.704813,73.700158,NOT_EVALUATED,False,SUBMITTED,2026-04-08 08:19:22+05:30
119,119,ELECTRICITY,46.13,MEDIUM,3,2.0,937.5,electrical_maintenance_tools,Electrical Maintenance Tools,18.745212,73.673748,NOT_DUPLICATE,False,SUBMITTED,2026-05-17 14:40:22+05:30
331,331,WATER,46.12,MEDIUM,2,7.7,2683.4,truck_5_5_cum_per_10_mt,Truck 5.5 cum per 10 MT,18.734042,73.691523,NOT_EVALUATED,False,SUBMITTED,2026-05-01 05:21:22+05:30
405,405,ELECTRICITY,46.05,MEDIUM,4,3.0,1386.5,electrical_maintenance_tools,Electrical Maintenance Tools,18.725679,73.665978,NOT_DUPLICATE,False,SUBMITTED,2026-08-12 17:48:22+05:30
116,116,ROAD,46.04,MEDIUM,3,10.9,4014.38,joint_cutting_machine|plate_compactor,Joint Cutting Machine; Plate Compactor,18.741158,73.696207,DUPLICATE,False,SUBMITTED,2026-05-02 22:37:22+05:30
419,419,GARBAGE,46.04,MEDIUM,3,7.6,2162.5,manual_garbage_collection_tools,Manual Garbage Collection Tools,18.736471,73.692288,NOT_EVALUATED,False,SUBMITTED,2026-06-16 09:17:22+05:30
153,153,ELECTRICITY,46.03,MEDIUM,4,3.0,1386.5,electrical_maintenance_tools,Electrical Maintenance Tools,18.729701,73.687241,NOT_EVALUATED,False,SUBMITTED,2026-05-14 14:58:22+05:30
197,197,ELECTRICITY,46.02,MEDIUM,3,2.0,937.5,electrical_maintenance_tools,Electrical Maintenance Tools,18.731887,73.696693,NOT_EVALUATED,False,SUBMITTED,2026-05-22 06:09:22+05:30
279,279,GARBAGE,46.01,MEDIUM,4,13.6,4518.8,manual_garbage_collection_tools,Manual Garbage Collection Tools,18.737971,73.703041,NOT_EVALUATED,False,SUBMITTED,2026-04-22 08:55:22+05:30
434,434,ROAD,45.97,MEDIUM,3,8.2,3423.75,joint_cutting_machine|plate_compactor,Joint Cutting Machine; Plate Compactor,18.738505,73.696797,NOT_DUPLICATE,False,SUBMITTED,2026-05-28 07:57:22+05:30
125,125,ELECTRICITY,45.93,MEDIUM,3,2.0,937.5,electrical_maintenance_tools,Electrical Maintenance Tools,18.718928,73.672103,NOT_DUPLICATE,False,SUBMITTED,2026-04-11 20:01:22+05:30
450,450,GARBAGE,45.92,MEDIUM,4,11.2,3809.6,manual_garbage_collection_tools,Manual Garbage Collection Tools,18.717174,73.689075,NOT_EVALUATED,False,SUBMITTED,2026-05-27 17:24:22+05:30
451,451,ELECTRICITY,45.78,MEDIUM,2,2.0,784.0,electrical_maintenance_tools,Electrical Maintenance Tools,18.734726,73.685209,NOT_EVALUATED,False,SUBMITTED,2026-06-19 19:19:22+05:30
57,57,ELECTRICITY,45.72,MEDIUM,4,3.0,1386.5,electrical_maintenance_tools,Electrical Maintenance Tools,18.745649,73.705383,NOT_EVALUATED,False,SUBMITTED,2026-06-17 18:22:22+05:30
242,242,WATER,45.71,MEDIUM,3,6.2,1856.25,drain_cleaning_tools,Drain Cleaning Tools,18.721424,73.668408,NOT_EVALUATED,False,SUBMITTED,2026-06-21 00:04:22+05:30
71,71,GARBAGE,45.62,MEDIUM,3,6.1,1834.38,manual_garbage_collection_tools,Manual Garbage Collection Tools,18.717434,73.674057,NOT_DUPLICATE,False,SUBMITTED,2026-04-23 02:27:22+05:30
6,6,WATER,45.57,MEDIUM,4,38.9,13084.95,truck_5_5_cum_per_10_mt,Truck 5.5 cum per 10 MT,18.744505,73.708023,NOT_EVALUATED,False,SUBMITTED,2026-05-25 21:49:22+05:30
272,272,ELECTRICITY,45.54,MEDIUM,3,2.0,937.5,electrical_maintenance_tools,Electrical Maintenance Tools,18.728087,73.670817,NOT_EVALUATED,False,SUBMITTED,2026-05-04 23:51:22+05:30
486,486,ROAD,45.54,MEDIUM,4,6.5,3550.75,joint_cutting_machine|plate_compactor,Joint Cutting Machine; Plate Compactor,18.707133,73.689071,NOT_EVALUATED,False,SUBMITTED,2026-08-08 01:20:22+05:30
229,229,WATER,45.53,MEDIUM,2,2.8,897.6,water_leakage_repair_tools,Water Leakage Repair Tools,18.738814,73.680792,NOT_EVALUATED,False,SUBMITTED,2026-03-31 14:06:22+05:30
173,173,ROAD,45.5,MEDIUM,3,7.9,3358.12,joint_cutting_machine|plate_compactor,Joint Cutting Machine; Plate Compactor,18.743805,73.701405,NOT_DUPLICATE,False,SUBMITTED,2026-07-14 06:27:22+05:30
208,208,WATER,45.4,MEDIUM,2,4.9,2285.8,truck_5_5_cum_per_10_mt,Truck 5.5 cum per 10 MT,18.731241,73.668021,NOT_EVALUATED,False,SUBMITTED,2026-07-04 05:42:22+05:30
311,311,WATER,45.3,MEDIUM,3,8.6,2381.25,drain_cleaning_tools,Drain Cleaning Tools,18.72078,73.684391,NOT_EVALUATED,False,SUBMITTED,2026-04-01 02:09:22+05:30
312,312,ROAD,45.21,MEDIUM,4,8.0,3994.0,joint_cutting_machine|plate_compactor,Joint Cutting Machine; Plate Compactor,18.726077,73.688473,NOT_EVALUATED,False,SUBMITTED,2026-05-16 04:37:22+05:30
294,294,GARBAGE,45.18,MEDIUM,4,11.8,3986.9,manual_garbage_collection_tools,Manual Garbage Collection Tools,18.715657,73.700665,NOT_DUPLICATE,False,SUBMITTED,2026-03-26 21:16:22+05:30
20,20,WATER,45.16,MEDIUM,3,20.8,6140.0,truck_5_5_cum_per_10_mt,Truck 5.5 cum per 10 MT,18.730629,73.677832,NOT_EVALUATED,False,SUBMITTED,2026-04-05 05:26:22+05:30
216,216,ROAD,45.12,MEDIUM,4,21.6,8012.8,joint_cutting_machine|plate_compactor,Joint Cutting Machine; Plate Compactor,18.734154,73.701413,NOT_EVALUATED,False,SUBMITTED,2026-09-03 18:02:22+05:30
147,147,WATER,45.11,MEDIUM,4,15.0,4932.5,drain_cleaning_tools,Drain Cleaning Tools,18.730393,73.692567,NOT_DUPLICATE,False,SUBMITTED,2026-04-21 21:30:22+05:30
209,209,WATER,45.04,MEDIUM,3,7.3,2096.88,water_leakage_repair_tools,Water Leakage Repair Tools,18.746405,73.672901,NOT_DUPLICATE,False,SUBMITTED,2026-05-24 04:41:22+05:30
443,443,GARBAGE,44.96,MEDIUM,3,8.3,2315.63,manual_garbage_collection_tools,Manual Garbage Collection Tools,18.728582,73.694201,NOT_EVALUATED,False,SUBMITTED,2026-04-03 23:02:22+05:30
420,420,WATER,44.95,MEDIUM,4,10.7,3661.85,water_leakage_repair_tools,Water Leakage Repair Tools,18.742354,73.662414,NOT_EVALUATED,False,SUBMITTED,2026-09-14 07:36:22+05:30
336,336,ROAD,44.82,MEDIUM,4,13.1,5501.05,joint_cutting_machine|plate_compactor,Joint Cutting Machine; Plate Compactor,18.703618,73.701617,NOT_DUPLICATE,False,SUBMITTED,2026-04-23 12:12:22+05:30
380,380,ELECTRICITY,44.79,MEDIUM,3,2.0,937.5,electrical_maintenance_tools,Electrical Maintenance Tools,18.744442,73.673521,NOT_DUPLICATE,False,SUBMITTED,2026-07-06 04:22:22+05:30
80,80,ROAD,44.7,MEDIUM,3,7.6,3292.5,joint_cutting_machine|plate_compactor,Joint Cutting Machine; Plate Compactor,18.74246,73.699015,NOT_EVALUATED,False,SUBMITTED,2026-08-23 03:45:22+05:30
362,362,WATER,44.64,MEDIUM,3,8.3,2315.63,drain_cleaning_tools,Drain Cleaning Tools,18.705903,73.691071,NOT_EVALUATED,False,SUBMITTED,2026-05-25 15:17:22+05:30
325,325,GARBAGE,44.52,MEDIUM,2,2.8,897.6,manual_garbage_collection_tools,Manual Garbage Collection Tools,18.731379,73.667031,NOT_DUPLICATE,False,SUBMITTED,2026-03-26 16:43:22+05:30
60,60,WATER,44.51,MEDIUM,4,12.8,4282.4,drain_cleaning_tools,Drain Cleaning Tools,18.712522,73.686042,NOT_EVALUATED,False,SUBMITTED,2026-05-03 05:15:22+05:30
442,442,GARBAGE,44.38,MEDIUM,2,2.5,855.0,manual_garbage_collection_tools,Manual Garbage Collection Tools,18.746457,73.679857,NOT_EVALUATED,False,SUBMITTED,2026-07-12 06:17:22+05:30
75,75,GARBAGE,44.26,MEDIUM,4,13.9,4607.45,manual_garbage_collection_tools,Manual Garbage Collection Tools,18.742167,73.693975,NOT_DUPLICATE,False,SUBMITTED,2026-07-18 15:55:22+05:30
13,13,WATER,44.23,MEDIUM,2,2.4,840.8,drain_cleaning_tools,Drain Cleaning Tools,18.715468,73.673796,NOT_DUPLICATE,False,SUBMITTED,2026-05-04 16:32:22+05:30
179,179,WATER,44.22,MEDIUM,3,9.0,2468.75,water_leakage_repair_tools,Water Leakage Repair Tools,18.744382,73.663693,NOT_DUPLICATE,False,SUBMITTED,2026-04-14 14:42:22+05:30
95,95,ELECTRICITY,44.1,MEDIUM,3,2.0,937.5,electrical_maintenance_tools,Electrical Maintenance Tools,18.743573,73.664486,NOT_EVALUATED,False,SUBMITTED,2026-05-25 03:49:22+05:30
76,76,ROAD,44.07,MEDIUM,2,2.0,1914.0,joint_cutting_machine|plate_compactor,Joint Cutting Machine; Plate Compactor,18.726137,73.672496,NOT_EVALUATED,False,SUBMITTED,2026-04-03 18:43:22+05:30
93,93,WATER,44.02,MEDIUM,4,17.3,5612.15,water_leakage_repair_tools,Water Leakage Repair Tools,18.720747,73.691776,NOT_DUPLICATE,False,SUBMITTED,2026-06-23 15:56:22+05:30
113,113,WATER,43.93,MEDIUM,3,4.7,1528.12,drain_cleaning_tools,Drain Cleaning Tools,18.733837,73.658787,NOT_DUPLICATE,False,SUBMITTED,2026-06-03 00:05:22+05:30
165,165,WATER,43.9,MEDIUM,4,23.3,8475.15,truck_5_5_cum_per_10_mt,Truck 5.5 cum per 10 MT,18.725692,73.69249,NOT_EVALUATED,False,SUBMITTED,2026-06-21 13:34:22+05:30
231,231,WATER,43.86,MEDIUM,4,40.1,13439.55,truck_5_5_cum_per_10_mt,Truck 5.5 cum per 10 MT,18.743484,73.704704,NOT_EVALUATED,False,SUBMITTED,2026-08-28 12:45:22+05:30
225,225,ELECTRICITY,43.58,MEDIUM,4,3.0,1386.5,electrical_maintenance_tools,Electrical Maintenance Tools,18.718337,73.695514,NOT_EVALUATED,False,SUBMITTED,2026-05-09 07:41:22+05:30
353,353,ELECTRICITY,43.43,MEDIUM,3,2.0,937.5,electrical_maintenance_tools,Electrical Maintenance Tools,18.716327,73.678227,NOT_EVALUATED,False,SUBMITTED,2026-09-01 09:15:22+05:30
480,480,ROAD,43.35,MEDIUM,4,7.2,3757.6,joint_cutting_machine|plate_compactor,Joint Cutting Machine; Plate Compactor,18.714507,73.692436,NOT_EVALUATED,False,SUBMITTED,2026-05-13 13:04:22+05:30
393,393,WATER,43.31,MEDIUM,4,13.3,4430.15,drain_cleaning_tools,Drain Cleaning Tools,18.723582,73.678119,NOT_EVALUATED,False,SUBMITTED,2026-08-27 02:22:22+05:30
260,260,ROAD,43.26,MEDIUM,3,3.8,2461.25,joint_cutting_machine|plate_compactor,Joint Cutting Machine; Plate Compactor,18.735682,73.681755,NOT_DUPLICATE,False,SUBMITTED,2026-03-27 12:46:22+05:30
59,59,WATER,43.26,MEDIUM,3,12.3,4280.62,truck_5_5_cum_per_10_mt,Truck 5.5 cum per 10 MT,18.723013,73.665731,NOT_DUPLICATE,False,SUBMITTED,2026-05-09 12:27:22+05:30
206,206,ROAD,43.24,MEDIUM,3,6.0,2942.5,joint_cutting_machine|plate_compactor,Joint Cutting Machine; Plate Compactor,18.736921,73.676222,NOT_EVALUATED,False,SUBMITTED,2026-06-30 01:33:22+05:30
374,374,ROAD,43.19,MEDIUM,3,8.0,3380.0,joint_cutting_machine|plate_compactor,Joint Cutting Machine; Plate Compactor,18.721795,73.672923,NOT_EVALUATED,False,SUBMITTED,2026-09-01 02:44:22+05:30
354,354,ELECTRICITY,43.06,MEDIUM,4,3.0,1386.5,electrical_maintenance_tools,Electrical Maintenance Tools,18.714105,73.698803,NOT_EVALUATED,False,SUBMITTED,2026-06-10 19:02:22+05:30
402,402,WATER,42.98,MEDIUM,4,39.4,13232.7,truck_5_5_cum_per_10_mt,Truck 5.5 cum per 10 MT,18.729571,73.702681,NOT_EVALUATED,False,SUBMITTED,2026-07-31 17:55:22+05:30
320,320,ROAD,42.86,MEDIUM,3,8.7,3533.12,joint_cutting_machine|plate_compactor,Joint Cutting Machine; Plate Compactor,18.709325,73.677424,NOT_EVALUATED,False,SUBMITTED,2026-09-01 05:13:22+05:30
266,266,WATER,42.85,MEDIUM,3,9.3,2534.38,drain_cleaning_tools,Drain Cleaning Tools,18.730856,73.683015,NOT_EVALUATED,False,SUBMITTED,2026-05-26 22:28:22+05:30
418,418,ROAD,42.85,MEDIUM,2,2.0,1914.0,joint_cutting_machine|plate_compactor,Joint Cutting Machine; Plate Compactor,18.735617,73.6656,NOT_EVALUATED,False,SUBMITTED,2026-07-08 06:49:22+05:30
327,327,ELECTRICITY,42.83,MEDIUM,4,3.0,1386.5,electrical_maintenance_tools,Electrical Maintenance Tools,18.718977,73.686839,NOT_DUPLICATE,False,SUBMITTED,2026-08-18 18:57:22+05:30
3,3,ROAD,42.82,MEDIUM,4,6.7,3609.85,joint_cutting_machine|plate_compactor,Joint Cutting Machine; Plate Compactor,18.736897,73.680446,NOT_EVALUATED,False,SUBMITTED,2026-08-07 08:31:22+05:30
425,425,ROAD,42.81,MEDIUM,3,4.1,2526.87,joint_cutting_machine|plate_compactor,Joint Cutting Machine; Plate Compactor,18.732505,73.690148,NOT_EVALUATED,False,SUBMITTED,2026-07-07 05:47:22+05:30
192,192,WATER,42.8,MEDIUM,4,13.3,4430.15,water_leakage_repair_tools,Water Leakage Repair Tools,18.725125,73.694978,NOT_EVALUATED,False,SUBMITTED,2026-05-23 18:39:22+05:30
366,366,WATER,42.72,MEDIUM,4,24.4,8800.2,truck_5_5_cum_per_10_mt,Truck 5.5 cum per 10 MT,18.699568,73.709469,NOT_DUPLICATE,False,SUBMITTED,2026-06-25 17:20:22+05:30
254,254,WATER,42.71,MEDIUM,3,6.4,1900.0,water_leakage_repair_tools,Water Leakage Repair Tools,18.725063,73.682788,NOT_EVALUATED,False,SUBMITTED,2026-06-05 22:25:22+05:30
308,308,ROAD,42.6,MEDIUM,3,7.1,3183.12,joint_cutting_machine|plate_compactor,Joint Cutting Machine; Plate Compactor,18.738586,73.704075,NOT_DUPLICATE,False,SUBMITTED,2026-04-15 02:31:22+05:30
11,11,ROAD,42.57,MEDIUM,3,8.7,3533.12,joint_cutting_machine|plate_compactor,Joint Cutting Machine; Plate Compactor,18.719262,73.664837,NOT_EVALUATED,False,SUBMITTED,2026-06-11 07:06:22+05:30
285,285,ROAD,42.52,MEDIUM,4,7.7,3905.35,joint_cutting_machine|plate_compactor,Joint Cutting Machine; Plate Compactor,18.729104,73.698775,NOT_EVALUATED,False,SUBMITTED,2026-07-27 04:42:22+05:30
364,364,WATER,42.52,MEDIUM,2,3.2,954.4,water_leakage_repair_tools,Water Leakage Repair Tools,18.729996,73.676315,NOT_EVALUATED,False,SUBMITTED,2026-06-13 04:44:22+05:30
297,297,ELECTRICITY,42.39,MEDIUM,4,3.0,1386.5,electrical_maintenance_tools,Electrical Maintenance Tools,18.724406,73.675647,NOT_EVALUATED,False,SUBMITTED,2026-06-11 18:08:22+05:30
496,496,WATER,42.2,MEDIUM,2,7.2,2612.4,truck_5_5_cum_per_10_mt,Truck 5.5 cum per 10 MT,18.728889,73.661733,NOT_EVALUATED,False,SUBMITTED,2026-06-14 17:56:22+05:30
182,182,ELECTRICITY,42.18,MEDIUM,3,2.0,937.5,electrical_maintenance_tools,Electrical Maintenance Tools,18.715622,73.670721,NOT_EVALUATED,False,SUBMITTED,2026-07-26 12:45:22+05:30
270,270,WATER,42.07,MEDIUM,4,39.9,13380.45,truck_5_5_cum_per_10_mt,Truck 5.5 cum per 10 MT,18.71199,73.697196,NOT_EVALUATED,False,SUBMITTED,2026-07-24 12:41:22+05:30
157,157,ELECTRICITY,42.05,MEDIUM,2,2.0,784.0,electrical_maintenance_tools,Electrical Maintenance Tools,18.738144,73.696596,NOT_EVALUATED,False,SUBMITTED,2026-04-03 17:05:22+05:30
22,22,GARBAGE,42.03,MEDIUM,2,3.4,982.8,manual_garbage_collection_tools,Manual Garbage Collection Tools,18.725876,73.661001,NOT_EVALUATED,False,SUBMITTED,2026-04-11 13:02:22+05:30
213,213,GARBAGE,41.96,MEDIUM,4,11.6,3927.8,manual_garbage_collection_tools,Manual Garbage Collection Tools,18.721321,73.690126,NOT_EVALUATED,False,SUBMITTED,2026-08-12 07:31:22+05:30
411,411,ROAD,41.93,MEDIUM,4,6.7,3609.85,joint_cutting_machine|plate_compactor,Joint Cutting Machine; Plate Compactor,18.699376,73.709435,NOT_EVALUATED,False,SUBMITTED,2026-07-10 00:22:22+05:30
387,387,GARBAGE,41.92,MEDIUM,4,13.8,4577.9,manual_garbage_collection_tools,Manual Garbage Collection Tools,18.705662,73.707182,NOT_DUPLICATE,False,SUBMITTED,2026-06-11 07:29:22+05:30
404,404,WATER,41.88,MEDIUM,3,4.9,1571.88,drain_cleaning_tools,Drain Cleaning Tools,18.741288,73.688548,NOT_EVALUATED,False,SUBMITTED,2026-03-29 16:12:22+05:30
267,267,ELECTRICITY,41.86,MEDIUM,4,3.0,1386.5,electrical_maintenance_tools,Electrical Maintenance Tools,18.745516,73.688506,NOT_DUPLICATE,False,SUBMITTED,2026-08-01 21:18:22+05:30
69,69,WATER,41.68,MEDIUM,4,15.6,5109.8,water_leakage_repair_tools,Water Leakage Repair Tools,18.707656,73.708955,NOT_EVALUATED,False,SUBMITTED,2026-04-25 10:48:22+05:30
413,413,WATER,41.59,MEDIUM,3,8.6,2381.25,water_leakage_repair_tools,Water Leakage Repair Tools,18.722609,73.66348,NOT_DUPLICATE,False,SUBMITTED,2026-05-08 17:05:22+05:30
363,363,ROAD,41.58,MEDIUM,4,8.3,4082.65,joint_cutting_machine|plate_compactor,Joint Cutting Machine; Plate Compactor,18.709189,73.711051,NOT_DUPLICATE,False,SUBMITTED,2026-05-04 10:00:22+05:30
151,151,WATER,41.47,MEDIUM,2,3.1,940.2,drain_cleaning_tools,Drain Cleaning Tools,18.727982,73.670873,NOT_EVALUATED,False,SUBMITTED,2026-04-08 21:33:22+05:30
123,123,GARBAGE,41.46,MEDIUM,4,10.9,3720.95,manual_garbage_collection_tools,Manual Garbage Collection Tools,18.71848,73.699765,NOT_DUPLICATE,False,SUBMITTED,2026-06-19 18:26:22+05:30
186,186,WATER,41.41,MEDIUM,4,13.1,4371.05,drain_cleaning_tools,Drain Cleaning Tools,18.710045,73.711702,NOT_EVALUATED,False,SUBMITTED,2026-06-19 22:19:22+05:30
397,397,GARBAGE,41.35,MEDIUM,2,2.2,812.4,manual_garbage_collection_tools,Manual Garbage Collection Tools,18.739109,73.660935,NOT_DUPLICATE,False,SUBMITTED,2026-06-26 17:57:22+05:30
246,246,ELECTRICITY,41.28,MEDIUM,4,3.0,1386.5,electrical_maintenance_tools,Electrical Maintenance Tools,18.703119,73.706955,NOT_DUPLICATE,False,SUBMITTED,2026-04-19 17:48:22+05:30
307,307,GARBAGE,41.28,MEDIUM,2,3.0,926.0,manual_garbage_collection_tools,Manual Garbage Collection Tools,18.736348,73.693356,NOT_DUPLICATE,False,SUBMITTED,2026-08-21 13:34:22+05:30
482,482,WATER,41.27,MEDIUM,3,7.1,2053.12,drain_cleaning_tools,Drain Cleaning Tools,18.703703,73.692543,NOT_EVALUATED,False,SUBMITTED,2026-09-14 03:59:22+05:30
313,313,ROAD,41.26,MEDIUM,2,3.9,2183.8,joint_cutting_machine|plate_compactor,Joint Cutting Machine; Plate Compactor,18.737786,73.670608,NOT_EVALUATED,False,SUBMITTED,2026-05-22 22:33:22+05:30
500,500,GARBAGE,41.09,MEDIUM,3,8.5,2359.38,manual_garbage_collection_tools,Manual Garbage Collection Tools,18.722888,73.678967,NOT_DUPLICATE,False,SUBMITTED,2026-08-03 04:35:22+05:30
348,348,WATER,41.05,MEDIUM,4,17.0,5523.5,drain_cleaning_tools,Drain Cleaning Tools,18.710678,73.699247,NOT_EVALUATED,False,SUBMITTED,2026-05-21 02:53:22+05:30
175,175,GARBAGE,40.85,MEDIUM,2,2.7,883.4,manual_garbage_collection_tools,Manual Garbage Collection Tools,18.729975,73.681613,NOT_EVALUATED,False,SUBMITTED,2026-03-28 20:04:22+05:30
32,32,ROAD,40.85,MEDIUM,3,3.6,2417.5,joint_cutting_machine|plate_compactor,Joint Cutting Machine; Plate Compactor,18.72794,73.701457,NOT_EVALUATED,False,SUBMITTED,2026-05-18 21:29:22+05:30
460,460,ROAD,40.47,MEDIUM,2,2.0,1914.0,joint_cutting_machine|plate_compactor,Joint Cutting Machine; Plate Compactor,18.732962,73.658433,NOT_EVALUATED,False,SUBMITTED,2026-05-27 11:29:22+05:30
48,48,ELECTRICITY,40.34,MEDIUM,4,3.0,1386.5,electrical_maintenance_tools,Electrical Maintenance Tools,18.718887,73.689196,NOT_EVALUATED,False,SUBMITTED,2026-07-28 11:56:22+05:30
335,335,ROAD,40.3,MEDIUM,3,3.7,2439.38,joint_cutting_machine|plate_compactor,Joint Cutting Machine; Plate Compactor,18.723714,73.675482,NOT_DUPLICATE,False,SUBMITTED,2026-05-04 22:41:22+05:30
114,114,WATER,40.19,MEDIUM,4,12.3,4134.65,drain_cleaning_tools,Drain Cleaning Tools,18.71626,73.695549,NOT_DUPLICATE,False,SUBMITTED,2026-07-21 23:09:22+05:30
409,409,ROAD,40.17,MEDIUM,2,2.3,1956.6,joint_cutting_machine|plate_compactor,Joint Cutting Machine; Plate Compactor,18.719144,73.681534,NOT_DUPLICATE,False,SUBMITTED,2026-04-07 20:41:22+05:30
355,355,ROAD,40.15,MEDIUM,2,2.9,2041.8,joint_cutting_machine|plate_compactor,Joint Cutting Machine; Plate Compactor,18.733856,73.678655,NOT_EVALUATED,False,SUBMITTED,2026-04-07 15:26:22+05:30
255,255,GARBAGE,40.14,MEDIUM,4,10.9,3720.95,manual_garbage_collection_tools,Manual Garbage Collection Tools,18.727184,73.696815,NOT_DUPLICATE,False,SUBMITTED,2026-08-26 00:13:22+05:30
342,342,ROAD,40.1,MEDIUM,4,14.2,5826.1,joint_cutting_machine|plate_compactor,Joint Cutting Machine; Plate Compactor,18.705454,73.704505,NOT_EVALUATED,False,SUBMITTED,2026-05-10 20:45:22+05:30
484,484,WATER,40.09,MEDIUM,2,2.9,911.8,water_leakage_repair_tools,Water Leakage Repair Tools,18.750341,73.708686,NOT_EVALUATED,False,SUBMITTED,2026-05-21 18:39:22+05:30
291,291,ELECTRICITY,40.08,MEDIUM,4,3.0,1386.5,electrical_maintenance_tools,Electrical Maintenance Tools,18.717335,73.698479,NOT_EVALUATED,False,SUBMITTED,2026-07-27 06:40:22+05:30
212,212,WATER,40.01,MEDIUM,3,14.5,4761.88,truck_5_5_cum_per_10_mt,Truck 5.5 cum per 10 MT,18.722484,73.676627,NOT_EVALUATED,False,SUBMITTED,2026-04-14 14:35:22+05:30
257,257,ROAD,40.0,MEDIUM,3,7.9,3358.12,joint_cutting_machine|plate_compactor,Joint Cutting Machine; Plate Compactor,18.738701,73.691808,NOT_EVALUATED,False,SUBMITTED,2026-09-13 21:00:22+05:30
428,428,GARBAGE,39.98,MEDIUM,3,5.8,1768.75,manual_garbage_collection_tools,Manual Garbage Collection Tools,18.735408,73.68261,NOT_EVALUATED,False,SUBMITTED,2026-06-21 07:00:22+05:30
282,282,ROAD,39.96,MEDIUM,4,19.7,7451.35,joint_cutting_machine|plate_compactor,Joint Cutting Machine; Plate Compactor,18.729802,73.686621,NOT_DUPLICATE,False,SUBMITTED,2026-09-13 06:51:22+05:30
251,251,GARBAGE,39.91,MEDIUM,3,6.7,1965.62,manual_garbage_collection_tools,Manual Garbage Collection Tools,18.709525,73.685074,NOT_DUPLICATE,False,SUBMITTED,2026-07-15 00:27:22+05:30
462,462,WATER,39.88,MEDIUM,4,14.9,4902.95,drain_cleaning_tools,Drain Cleaning Tools,18.707269,73.699581,DUPLICATE,False,SUBMITTED,2026-06-11 05:32:22+05:30
395,395,WATER,39.57,MEDIUM,3,6.4,1900.0,drain_cleaning_tools,Drain Cleaning Tools,18.71627,73.698474,NOT_DUPLICATE,False,SUBMITTED,2026-04-04 08:18:22+05:30
494,494,GARBAGE,39.26,MEDIUM,3,7.6,2162.5,manual_garbage_collection_tools,Manual Garbage Collection Tools,18.708553,73.687381,NOT_EVALUATED,False,SUBMITTED,2026-05-18 10:35:22+05:30
437,437,WATER,39.18,MEDIUM,3,16.1,5111.88,truck_5_5_cum_per_10_mt,Truck 5.5 cum per 10 MT,18.730626,73.68854,NOT_DUPLICATE,False,SUBMITTED,2026-07-17 22:15:22+05:30
227,227,GARBAGE,39.16,MEDIUM,3,6.5,1921.88,manual_garbage_collection_tools,Manual Garbage Collection Tools,18.748683,73.707113,NOT_EVALUATED,False,SUBMITTED,2026-06-10 15:53:22+05:30
177,177,ELECTRICITY,39.15,MEDIUM,4,3.0,1386.5,electrical_maintenance_tools,Electrical Maintenance Tools,18.712089,73.70869,NOT_EVALUATED,False,SUBMITTED,2026-06-29 18:10:22+05:30
392,392,WATER,39.09,MEDIUM,3,7.6,2162.5,water_leakage_repair_tools,Water Leakage Repair Tools,18.738846,73.704634,NOT_EVALUATED,False,SUBMITTED,2026-05-30 02:15:22+05:30
263,263,ELECTRICITY,39.08,MEDIUM,3,2.0,937.5,electrical_maintenance_tools,Electrical Maintenance Tools,18.701697,73.705392,NOT_DUPLICATE,False,SUBMITTED,2026-04-27 05:16:22+05:30
281,281,WATER,39.03,MEDIUM,3,4.6,1506.25,water_leakage_repair_tools,Water Leakage Repair Tools,18.745878,73.70717,NOT_EVALUATED,False,SUBMITTED,2026-08-03 04:30:22+05:30
479,479,WATER,38.9,MEDIUM,3,21.0,6183.75,truck_5_5_cum_per_10_mt,Truck 5.5 cum per 10 MT,18.721006,73.682248,NOT_EVALUATED,False,SUBMITTED,2026-06-27 04:12:22+05:30
359,359,WATER,38.77,MEDIUM,3,5.0,1593.75,drain_cleaning_tools,Drain Cleaning Tools,18.735933,73.680262,NOT_EVALUATED,False,SUBMITTED,2026-08-22 08:10:22+05:30
142,142,WATER,38.75,MEDIUM,2,6.4,2498.8,truck_5_5_cum_per_10_mt,Truck 5.5 cum per 10 MT,18.740428,73.669205,NOT_EVALUATED,False,SUBMITTED,2026-06-09 06:57:22+05:30
358,358,WATER,38.75,MEDIUM,2,7.3,2626.6,truck_5_5_cum_per_10_mt,Truck 5.5 cum per 10 MT,18.739276,73.663847,NOT_EVALUATED,False,SUBMITTED,2026-08-09 05:04:22+05:30
345,345,ROAD,38.73,MEDIUM,4,20.7,7746.85,joint_cutting_machine|plate_compactor,Joint Cutting Machine; Plate Compactor,18.712535,73.708775,NOT_DUPLICATE,False,SUBMITTED,2026-06-24 12:15:22+05:30
224,224,ROAD,38.72,MEDIUM,3,3.6,2417.5,joint_cutting_machine|plate_compactor,Joint Cutting Machine; Plate Compactor,18.736779,73.681078,NOT_EVALUATED,False,SUBMITTED,2026-06-16 23:02:22+05:30
53,53,ROAD,38.71,MEDIUM,3,9.7,3751.88,joint_cutting_machine|plate_compactor,Joint Cutting Machine; Plate Compactor,18.725841,73.675751,NOT_DUPLICATE,False,SUBMITTED,2026-06-20 03:01:22+05:30
159,159,GARBAGE,38.68,MEDIUM,4,13.5,4489.25,manual_garbage_collection_tools,Manual Garbage Collection Tools,18.701743,73.713152,NOT_EVALUATED,False,SUBMITTED,2026-09-15 18:34:22+05:30
205,205,ROAD,38.62,MEDIUM,2,2.0,1914.0,joint_cutting_machine|plate_compactor,Joint Cutting Machine; Plate Compactor,18.732646,73.658627,NOT_DUPLICATE,False,SUBMITTED,2026-08-01 20:09:22+05:30
252,252,ROAD,38.6,MEDIUM,4,8.3,4082.65,joint_cutting_machine|plate_compactor,Joint Cutting Machine; Plate Compactor,18.743836,73.692451,NOT_EVALUATED,False,SUBMITTED,2026-09-16 10:02:22+05:30
99,99,ROAD,38.6,MEDIUM,4,7.2,3757.6,joint_cutting_machine|plate_compactor,Joint Cutting Machine; Plate Compactor,18.718039,73.710434,NOT_EVALUATED,False,SUBMITTED,2026-06-26 20:30:22+05:30
152,152,ROAD,38.57,MEDIUM,3,5.0,2723.75,joint_cutting_machine|plate_compactor,Joint Cutting Machine; Plate Compactor,18.720076,73.691013,NOT_EVALUATED,False,SUBMITTED,2026-06-09 07:51:22+05:30
44,44,GARBAGE,38.52,MEDIUM,3,6.5,1921.88,manual_garbage_collection_tools,Manual Garbage Collection Tools,18.713756,73.700597,NOT_EVALUATED,False,SUBMITTED,2026-05-21 16:05:22+05:30
468,468,GARBAGE,38.52,MEDIUM,4,18.0,5819.0,manual_garbage_collection_tools,Manual Garbage Collection Tools,18.707018,73.699851,NOT_DUPLICATE,False,SUBMITTED,2026-07-05 15:37:22+05:30
140,140,ELECTRICITY,38.44,MEDIUM,3,2.0,937.5,electrical_maintenance_tools,Electrical Maintenance Tools,18.730445,73.703703,NOT_EVALUATED,False,SUBMITTED,2026-05-23 15:49:22+05:30
415,415,GARBAGE,38.44,MEDIUM,2,3.2,954.4,manual_garbage_collection_tools,Manual Garbage Collection Tools,18.74163,73.666994,NOT_DUPLICATE,False,SUBMITTED,2026-05-17 03:16:22+05:30
371,371,WATER,38.33,MEDIUM,3,13.4,4521.25,truck_5_5_cum_per_10_mt,Truck 5.5 cum per 10 MT,18.73318,73.700481,NOT_EVALUATED,False,SUBMITTED,2026-07-15 17:16:22+05:30
250,250,WATER,38.32,MEDIUM,2,2.6,869.2,water_leakage_repair_tools,Water Leakage Repair Tools,18.736781,73.662012,NOT_EVALUATED,False,SUBMITTED,2026-05-22 12:21:22+05:30
188,188,WATER,38.31,MEDIUM,3,8.4,2337.5,water_leakage_repair_tools,Water Leakage Repair Tools,18.732166,73.690273,NOT_EVALUATED,False,SUBMITTED,2026-09-13 01:23:22+05:30
136,136,ROAD,38.29,MEDIUM,2,2.1,1928.2,joint_cutting_machine|plate_compactor,Joint Cutting Machine; Plate Compactor,18.741266,73.66995,NOT_EVALUATED,False,SUBMITTED,2026-07-10 13:46:22+05:30
367,367,WATER,38.25,MEDIUM,2,3.7,2115.4,truck_5_5_cum_per_10_mt,Truck 5.5 cum per 10 MT,18.748322,73.671046,NOT_EVALUATED,False,SUBMITTED,2026-04-09 12:55:22+05:30
178,178,ELECTRICITY,38.22,MEDIUM,2,2.0,784.0,electrical_maintenance_tools,Electrical Maintenance Tools,18.725609,73.667414,NOT_DUPLICATE,False,SUBMITTED,2026-08-31 11:42:22+05:30
365,365,ROAD,38.2,MEDIUM,3,4.5,2614.38,joint_cutting_machine|plate_compactor,Joint Cutting Machine; Plate Compactor,18.700704,73.696903,NOT_EVALUATED,False,SUBMITTED,2026-06-22 17:06:22+05:30
329,329,GARBAGE,38.19,MEDIUM,3,8.7,2403.12,manual_garbage_collection_tools,Manual Garbage Collection Tools,18.700035,73.709393,NOT_EVALUATED,False,SUBMITTED,2026-05-13 01:38:22+05:30
61,61,ROAD,38.12,MEDIUM,2,3.7,2155.4,joint_cutting_machine|plate_compactor,Joint Cutting Machine; Plate Compactor,18.734918,73.69246,NOT_EVALUATED,False,SUBMITTED,2026-09-08 20:29:22+05:30
268,268,ELECTRICITY,38.08,MEDIUM,2,2.0,784.0,electrical_maintenance_tools,Electrical Maintenance Tools,18.748185,73.669326,NOT_EVALUATED,False,SUBMITTED,2026-04-25 10:41:22+05:30
461,461,ROAD,38.08,MEDIUM,3,4.6,2636.25,joint_cutting_machine|plate_compactor,Joint Cutting Machine; Plate Compactor,18.716401,73.688861,NOT_EVALUATED,False,SUBMITTED,2026-04-09 11:15:22+05:30
26,26,ROAD,37.98,MEDIUM,3,4.6,2636.25,joint_cutting_machine|plate_compactor,Joint Cutting Machine; Plate Compactor,18.748202,73.705266,NOT_DUPLICATE,False,SUBMITTED,2026-07-01 16:49:22+05:30
196,196,WATER,37.8,MEDIUM,2,3.0,926.0,water_leakage_repair_tools,Water Leakage Repair Tools,18.720818,73.683247,NOT_EVALUATED,False,SUBMITTED,2026-07-10 13:08:22+05:30
376,376,ROAD,37.8,MEDIUM,2,2.2,1942.4,joint_cutting_machine|plate_compactor,Joint Cutting Machine; Plate Compactor,18.705033,73.694657,DUPLICATE,False,SUBMITTED,2026-04-22 09:15:22+05:30
441,441,ROAD,37.72,MEDIUM,4,6.5,3550.75,joint_cutting_machine|plate_compactor,Joint Cutting Machine; Plate Compactor,18.70485,73.708771,NOT_EVALUATED,False,SUBMITTED,2026-09-07 11:45:22+05:30
94,94,GARBAGE,37.72,MEDIUM,2,2.8,897.6,manual_garbage_collection_tools,Manual Garbage Collection Tools,18.719464,73.684095,NOT_DUPLICATE,False,SUBMITTED,2026-04-15 05:21:22+05:30
5,5,ELECTRICITY,37.57,MEDIUM,3,2.0,937.5,electrical_maintenance_tools,Electrical Maintenance Tools,18.704151,73.69439,NOT_EVALUATED,False,SUBMITTED,2026-09-11 07:44:22+05:30
338,338,ROAD,37.54,MEDIUM,3,6.7,3095.62,joint_cutting_machine|plate_compactor,Joint Cutting Machine; Plate Compactor,18.719138,73.69078,NOT_DUPLICATE,False,SUBMITTED,2026-07-10 12:29:22+05:30
37,37,WATER,37.51,MEDIUM,2,3.0,926.0,drain_cleaning_tools,Drain Cleaning Tools,18.742114,73.669606,NOT_EVALUATED,False,SUBMITTED,2026-07-24 00:27:22+05:30
187,187,ROAD,37.38,MEDIUM,2,3.4,2112.8,joint_cutting_machine|plate_compactor,Joint Cutting Machine; Plate Compactor,18.732711,73.677332,NOT_EVALUATED,False,SUBMITTED,2026-08-15 04:15:22+05:30
492,492,WATER,37.35,MEDIUM,4,16.5,5375.75,water_leakage_repair_tools,Water Leakage Repair Tools,18.716713,73.703711,NOT_DUPLICATE,False,SUBMITTED,2026-06-08 00:53:22+05:30
18,18,ROAD,37.31,MEDIUM,4,14.8,6003.4,joint_cutting_machine|plate_compactor,Joint Cutting Machine; Plate Compactor,18.719481,73.69961,NOT_EVALUATED,False,SUBMITTED,2026-09-02 02:51:22+05:30
253,253,ROAD,37.21,MEDIUM,2,3.8,2169.6,joint_cutting_machine|plate_compactor,Joint Cutting Machine; Plate Compactor,18.732826,73.70326,NOT_EVALUATED,False,SUBMITTED,2026-07-26 23:46:22+05:30
469,469,WATER,37.07,MEDIUM,2,2.4,840.8,drain_cleaning_tools,Drain Cleaning Tools,18.726855,73.673776,NOT_EVALUATED,False,SUBMITTED,2026-06-08 12:41:22+05:30
41,41,GARBAGE,37.06,MEDIUM,3,6.4,1900.0,manual_garbage_collection_tools,Manual Garbage Collection Tools,18.722704,73.676147,NOT_EVALUATED,False,SUBMITTED,2026-07-14 20:22:22+05:30
238,238,WATER,37.05,MEDIUM,2,7.5,2655.0,truck_5_5_cum_per_10_mt,Truck 5.5 cum per 10 MT,18.735827,73.660085,NOT_EVALUATED,False,SUBMITTED,2026-07-22 16:18:22+05:30
475,475,ELECTRICITY,37.04,MEDIUM,2,2.0,784.0,electrical_maintenance_tools,Electrical Maintenance Tools,18.734937,73.696882,NOT_EVALUATED,False,SUBMITTED,2026-05-16 15:41:22+05:30
14,14,ROAD,37.0,MEDIUM,3,6.6,3073.75,joint_cutting_machine|plate_compactor,Joint Cutting Machine; Plate Compactor,18.722057,73.689876,NOT_EVALUATED,False,SUBMITTED,2026-08-15 11:44:22+05:30
382,382,GARBAGE,36.97,MEDIUM,2,2.1,798.2,manual_garbage_collection_tools,Manual Garbage Collection Tools,18.716846,73.675062,NOT_EVALUATED,False,SUBMITTED,2026-04-17 14:32:22+05:30
166,166,ELECTRICITY,36.96,MEDIUM,2,2.0,784.0,electrical_maintenance_tools,Electrical Maintenance Tools,18.727709,73.681532,NOT_EVALUATED,False,SUBMITTED,2026-07-27 19:02:22+05:30
200,200,ROAD,36.84,MEDIUM,3,6.3,3008.12,joint_cutting_machine|plate_compactor,Joint Cutting Machine; Plate Compactor,18.739595,73.701165,NOT_EVALUATED,False,SUBMITTED,2026-07-09 09:20:22+05:30
383,383,ELECTRICITY,36.79,MEDIUM,3,2.0,937.5,electrical_maintenance_tools,Electrical Maintenance Tools,18.714208,73.695735,NOT_EVALUATED,False,SUBMITTED,2026-08-07 00:25:22+05:30
1,1,WATER,36.54,MEDIUM,2,4.2,2186.4,truck_5_5_cum_per_10_mt,Truck 5.5 cum per 10 MT,18.749726,73.672557,NOT_EVALUATED,False,SUBMITTED,2026-07-13 07:16:22+05:30
55,55,ROAD,36.52,MEDIUM,2,2.0,1914.0,joint_cutting_machine|plate_compactor,Joint Cutting Machine; Plate Compactor,18.716675,73.696687,NOT_EVALUATED,False,SUBMITTED,2026-04-08 23:13:22+05:30
47,47,WATER,36.42,MEDIUM,3,6.3,1878.12,water_leakage_repair_tools,Water Leakage Repair Tools,18.702809,73.69468,NOT_EVALUATED,False,SUBMITTED,2026-09-20 23:59:22+05:30
288,288,WATER,36.26,MEDIUM,4,17.5,5671.25,water_leakage_repair_tools,Water Leakage Repair Tools,18.702486,73.712399,NOT_EVALUATED,False,SUBMITTED,2026-07-02 19:20:22+05:30
485,485,WATER,36.26,MEDIUM,3,5.2,1637.5,drain_cleaning_tools,Drain Cleaning Tools,18.727475,73.688187,NOT_DUPLICATE,False,SUBMITTED,2026-07-03 16:37:22+05:30
446,446,WATER,36.21,MEDIUM,3,8.4,2337.5,drain_cleaning_tools,Drain Cleaning Tools,18.718336,73.688418,NOT_EVALUATED,False,SUBMITTED,2026-07-16 01:30:22+05:30
185,185,ROAD,36.19,MEDIUM,3,4.8,2680.0,joint_cutting_machine|plate_compactor,Joint Cutting Machine; Plate Compactor,18.709222,73.705618,NOT_EVALUATED,False,SUBMITTED,2026-05-07 10:14:22+05:30
46,46,WATER,36.16,MEDIUM,2,7.9,2711.8,truck_5_5_cum_per_10_mt,Truck 5.5 cum per 10 MT,18.742856,73.66458,NOT_EVALUATED,False,SUBMITTED,2026-05-19 13:16:22+05:30
52,52,WATER,36.14,MEDIUM,2,8.4,2782.8,truck_5_5_cum_per_10_mt,Truck 5.5 cum per 10 MT,18.750758,73.670456,NOT_DUPLICATE,False,SUBMITTED,2026-05-04 13:33:22+05:30
63,63,WATER,36.14,MEDIUM,4,31.9,11016.45,truck_5_5_cum_per_10_mt,Truck 5.5 cum per 10 MT,18.709855,73.69784,NOT_EVALUATED,False,SUBMITTED,2026-08-29 23:59:22+05:30
421,421,WATER,35.96,MEDIUM,2,3.0,926.0,water_leakage_repair_tools,Water Leakage Repair Tools,18.706768,73.696391,NOT_EVALUATED,False,SUBMITTED,2026-08-13 10:56:22+05:30
202,202,ROAD,35.93,MEDIUM,2,2.3,1956.6,joint_cutting_machine|plate_compactor,Joint Cutting Machine; Plate Compactor,18.747017,73.683807,NOT_EVALUATED,False,SUBMITTED,2026-08-09 02:03:22+05:30
466,466,ROAD,35.89,MEDIUM,2,4.8,2311.6,joint_cutting_machine|plate_compactor,Joint Cutting Machine; Plate Compactor,18.744007,73.673671,NOT_EVALUATED,False,SUBMITTED,2026-07-28 03:31:22+05:30
396,396,ROAD,35.79,MEDIUM,4,6.2,3462.1,joint_cutting_machine|plate_compactor,Joint Cutting Machine; Plate Compactor,18.719928,73.705258,NOT_EVALUATED,False,SUBMITTED,2026-07-28 07:21:22+05:30
412,412,WATER,35.78,MEDIUM,2,2.4,840.8,water_leakage_repair_tools,Water Leakage Repair Tools,18.741344,73.675277,NOT_EVALUATED,False,SUBMITTED,2026-07-30 01:46:22+05:30
259,259,ROAD,35.77,MEDIUM,2,2.6,1999.2,joint_cutting_machine|plate_compactor,Joint Cutting Machine; Plate Compactor,18.73777,73.705226,NOT_DUPLICATE,False,SUBMITTED,2026-04-25 09:12:22+05:30
481,481,ROAD,35.75,MEDIUM,2,2.2,1942.4,joint_cutting_machine|plate_compactor,Joint Cutting Machine; Plate Compactor,18.710476,73.684758,NOT_DUPLICATE,False,SUBMITTED,2026-05-05 05:16:22+05:30
161,161,ROAD,35.73,MEDIUM,3,9.1,3620.62,joint_cutting_machine|plate_compactor,Joint Cutting Machine; Plate Compactor,18.713936,73.706427,NOT_EVALUATED,False,SUBMITTED,2026-04-27 07:39:22+05:30
30,30,GARBAGE,35.73,MEDIUM,4,14.5,4784.75,manual_garbage_collection_tools,Manual Garbage Collection Tools,18.720028,73.706718,NOT_EVALUATED,False,SUBMITTED,2026-07-29 10:19:22+05:30
456,456,WATER,35.73,MEDIUM,4,38.0,12819.0,truck_5_5_cum_per_10_mt,Truck 5.5 cum per 10 MT,18.721859,73.701567,NOT_DUPLICATE,False,SUBMITTED,2026-07-29 10:00:22+05:30
127,127,GARBAGE,35.72,MEDIUM,2,2.1,798.2,manual_garbage_collection_tools,Manual Garbage Collection Tools,18.743504,73.673102,NOT_EVALUATED,False,SUBMITTED,2026-07-18 06:17:22+05:30
337,337,WATER,35.67,MEDIUM,2,2.3,826.6,drain_cleaning_tools,Drain Cleaning Tools,18.71866,73.685016,NOT_EVALUATED,False,SUBMITTED,2026-05-16 22:36:22+05:30
499,499,WATER,35.58,MEDIUM,2,2.2,812.4,water_leakage_repair_tools,Water Leakage Repair Tools,18.724799,73.656751,DUPLICATE,False,SUBMITTED,2026-05-04 08:57:22+05:30
163,163,ELECTRICITY,35.51,MEDIUM,2,2.0,784.0,electrical_maintenance_tools,Electrical Maintenance Tools,18.745395,73.665148,NOT_EVALUATED,False,SUBMITTED,2026-09-08 03:18:22+05:30
65,65,ROAD,35.37,MEDIUM,3,4.1,2526.87,joint_cutting_machine|plate_compactor,Joint Cutting Machine; Plate Compactor,18.736449,73.677324,NOT_EVALUATED,False,SUBMITTED,2026-09-11 21:40:22+05:30
73,73,WATER,35.36,MEDIUM,2,2.4,840.8,drain_cleaning_tools,Drain Cleaning Tools,18.747654,73.674417,NOT_EVALUATED,False,SUBMITTED,2026-08-06 12:08:22+05:30
237,237,GARBAGE,35.35,MEDIUM,4,15.2,4991.6,manual_garbage_collection_tools,Manual Garbage Collection Tools,18.713152,73.710078,NOT_EVALUATED,False,SUBMITTED,2026-09-18 17:36:22+05:30
74,74,WATER,35.34,MEDIUM,3,8.8,2425.0,water_leakage_repair_tools,Water Leakage Repair Tools,18.715197,73.71076,NOT_EVALUATED,False,SUBMITTED,2026-05-17 02:36:22+05:30
199,199,ELECTRICITY,35.21,MEDIUM,2,2.0,784.0,electrical_maintenance_tools,Electrical Maintenance Tools,18.723263,73.659227,NOT_DUPLICATE,False,SUBMITTED,2026-08-21 08:58:22+05:30
440,440,ROAD,35.19,MEDIUM,3,3.7,2439.38,joint_cutting_machine|plate_compactor,Joint Cutting Machine; Plate Compactor,18.709747,73.706284,NOT_EVALUATED,False,SUBMITTED,2026-04-29 15:17:22+05:30
221,221,WATER,35.13,MEDIUM,3,12.6,4346.25,truck_5_5_cum_per_10_mt,Truck 5.5 cum per 10 MT,18.698822,73.704179,NOT_DUPLICATE,False,SUBMITTED,2026-04-18 00:48:22+05:30
164,164,ROAD,35.1,MEDIUM,3,3.6,2417.5,joint_cutting_machine|plate_compactor,Joint Cutting Machine; Plate Compactor,18.714268,73.701396,NOT_EVALUATED,False,SUBMITTED,2026-07-04 07:45:22+05:30
300,300,WATER,35.06,MEDIUM,4,15.0,4932.5,water_leakage_repair_tools,Water Leakage Repair Tools,18.711741,73.709917,NOT_DUPLICATE,False,SUBMITTED,2026-09-11 00:56:22+05:30
115,115,WATER,35.02,MEDIUM,2,8.0,2726.0,truck_5_5_cum_per_10_mt,Truck 5.5 cum per 10 MT,18.723265,73.678531,NOT_EVALUATED,False,SUBMITTED,2026-05-02 07:08:22+05:30
368,368,WATER,34.9,MEDIUM,3,20.5,6074.38,truck_5_5_cum_per_10_mt,Truck 5.5 cum per 10 MT,18.710133,73.710257,NOT_EVALUATED,False,SUBMITTED,2026-05-12 01:54:22+05:30
86,86,WATER,34.88,MEDIUM,3,8.5,2359.38,drain_cleaning_tools,Drain Cleaning Tools,18.714932,73.707336,NOT_EVALUATED,False,SUBMITTED,2026-06-07 03:46:22+05:30
4,4,WATER,34.8,MEDIUM,2,4.7,2257.4,truck_5_5_cum_per_10_mt,Truck 5.5 cum per 10 MT,18.748642,73.672136,NOT_DUPLICATE,False,SUBMITTED,2026-08-13 08:55:22+05:30
2,2,ROAD,34.79,MEDIUM,3,4.9,2701.88,joint_cutting_machine|plate_compactor,Joint Cutting Machine; Plate Compactor,18.715706,73.693785,NOT_DUPLICATE,False,SUBMITTED,2026-07-06 17:11:22+05:30
430,430,ELECTRICITY,34.73,MEDIUM,2,2.0,784.0,electrical_maintenance_tools,Electrical Maintenance Tools,18.727081,73.696026,NOT_EVALUATED,False,SUBMITTED,2026-04-08 02:59:22+05:30
25,25,ROAD,34.62,MEDIUM,2,3.4,2112.8,joint_cutting_machine|plate_compactor,Joint Cutting Machine; Plate Compactor,18.710346,73.688156,NOT_DUPLICATE,False,SUBMITTED,2026-03-30 11:22:22+05:30
295,295,WATER,34.61,MEDIUM,2,7.8,2697.6,truck_5_5_cum_per_10_mt,Truck 5.5 cum per 10 MT,18.722181,73.661957,NOT_EVALUATED,False,SUBMITTED,2026-06-16 10:15:22+05:30
361,361,WATER,34.6,MEDIUM,2,8.1,2740.2,truck_5_5_cum_per_10_mt,Truck 5.5 cum per 10 MT,18.711681,73.684397,NOT_EVALUATED,False,SUBMITTED,2026-04-25 03:17:22+05:30
16,16,WATER,34.56,MEDIUM,2,2.5,855.0,water_leakage_repair_tools,Water Leakage Repair Tools,18.746606,73.66876,NOT_EVALUATED,False,SUBMITTED,2026-07-23 03:30:22+05:30
81,81,ELECTRICITY,34.45,MEDIUM,4,3.0,1386.5,electrical_maintenance_tools,Electrical Maintenance Tools,18.714306,73.711784,NOT_DUPLICATE,False,SUBMITTED,2026-09-09 07:21:22+05:30
488,488,GARBAGE,34.36,MEDIUM,3,5.1,1615.62,manual_garbage_collection_tools,Manual Garbage Collection Tools,18.698117,73.70688,NOT_EVALUATED,False,SUBMITTED,2026-06-09 03:48:22+05:30
407,407,WATER,34.27,MEDIUM,3,7.8,2206.25,drain_cleaning_tools,Drain Cleaning Tools,18.724913,73.69098,NOT_DUPLICATE,False,SUBMITTED,2026-08-26 12:02:22+05:30
167,167,ROAD,34.15,MEDIUM,3,7.4,3248.75,joint_cutting_machine|plate_compactor,Joint Cutting Machine; Plate Compactor,18.717822,73.685372,NOT_DUPLICATE,False,SUBMITTED,2026-09-18 11:38:22+05:30
472,472,WATER,34.14,MEDIUM,2,7.9,2711.8,truck_5_5_cum_per_10_mt,Truck 5.5 cum per 10 MT,18.744675,73.68657,NOT_EVALUATED,False,SUBMITTED,2026-04-25 08:56:22+05:30
316,316,ROAD,34.08,MEDIUM,2,2.0,1914.0,joint_cutting_machine|plate_compactor,Joint Cutting Machine; Plate Compactor,18.74364,73.706013,NOT_EVALUATED,False,SUBMITTED,2026-04-12 03:04:22+05:30
256,256,WATER,33.96,MEDIUM,2,2.7,883.4,water_leakage_repair_tools,Water Leakage Repair Tools,18.726434,73.69621,NOT_EVALUATED,False,SUBMITTED,2026-04-21 19:07:22+05:30
422,422,WATER,33.88,MEDIUM,3,14.3,4718.12,truck_5_5_cum_per_10_mt,Truck 5.5 cum per 10 MT,18.724841,73.693355,NOT_DUPLICATE,False,SUBMITTED,2026-08-10 09:03:22+05:30
181,181,ROAD,33.87,MEDIUM,2,2.1,1928.2,joint_cutting_machine|plate_compactor,Joint Cutting Machine; Plate Compactor,18.743123,73.690776,NOT_DUPLICATE,False,SUBMITTED,2026-07-06 08:25:22+05:30
314,314,ROAD,33.86,MEDIUM,3,3.8,2461.25,joint_cutting_machine|plate_compactor,Joint Cutting Machine; Plate Compactor,18.711431,73.705318,NOT_EVALUATED,False,SUBMITTED,2026-06-05 07:51:22+05:30
40,40,ROAD,33.86,MEDIUM,2,2.0,1914.0,joint_cutting_machine|plate_compactor,Joint Cutting Machine; Plate Compactor,18.729828,73.699809,NOT_EVALUATED,False,SUBMITTED,2026-04-23 14:21:22+05:30
148,148,WATER,33.81,MEDIUM,2,5.5,2371.0,truck_5_5_cum_per_10_mt,Truck 5.5 cum per 10 MT,18.711039,73.681237,NOT_DUPLICATE,False,SUBMITTED,2026-06-29 12:14:22+05:30
100,100,ELECTRICITY,33.76,MEDIUM,2,2.0,784.0,electrical_maintenance_tools,Electrical Maintenance Tools,18.726333,73.690204,NOT_DUPLICATE,False,SUBMITTED,2026-05-23 01:07:22+05:30
436,436,WATER,33.75,MEDIUM,2,5.4,2356.8,truck_5_5_cum_per_10_mt,Truck 5.5 cum per 10 MT,18.743233,73.711033,NOT_EVALUATED,False,SUBMITTED,2026-05-26 11:48:22+05:30
122,122,WATER,33.69,MEDIUM,3,7.0,2031.25,water_leakage_repair_tools,Water Leakage Repair Tools,18.708316,73.703223,NOT_EVALUATED,False,SUBMITTED,2026-06-22 22:34:22+05:30
155,155,ELECTRICITY,33.68,MEDIUM,3,2.0,937.5,electrical_maintenance_tools,Electrical Maintenance Tools,18.70818,73.712891,NOT_EVALUATED,False,SUBMITTED,2026-06-15 19:06:22+05:30
137,137,ELECTRICITY,33.62,MEDIUM,3,2.0,937.5,electrical_maintenance_tools,Electrical Maintenance Tools,18.713382,73.704035,NOT_EVALUATED,False,SUBMITTED,2026-08-17 18:06:22+05:30
43,43,WATER,33.61,MEDIUM,2,3.7,2115.4,truck_5_5_cum_per_10_mt,Truck 5.5 cum per 10 MT,18.740751,73.704556,NOT_EVALUATED,False,SUBMITTED,2026-04-20 16:52:22+05:30
112,112,WATER,33.59,MEDIUM,2,2.7,883.4,drain_cleaning_tools,Drain Cleaning Tools,18.715922,73.68106,NOT_EVALUATED,False,SUBMITTED,2026-09-14 19:30:22+05:30
310,310,GARBAGE,33.53,MEDIUM,2,2.8,897.6,manual_garbage_collection_tools,Manual Garbage Collection Tools,18.722123,73.67998,NOT_EVALUATED,False,SUBMITTED,2026-07-11 11:38:22+05:30
286,286,WATER,33.5,MEDIUM,2,2.7,883.4,drain_cleaning_tools,Drain Cleaning Tools,18.730983,73.681157,NOT_DUPLICATE,False,SUBMITTED,2026-07-09 21:34:22+05:30
304,304,ROAD,33.46,MEDIUM,2,2.8,2027.6,joint_cutting_machine|plate_compactor,Joint Cutting Machine; Plate Compactor,18.726263,73.655896,NOT_EVALUATED,False,SUBMITTED,2026-09-21 20:48:22+05:30
19,19,WATER,33.42,MEDIUM,2,3.0,926.0,drain_cleaning_tools,Drain Cleaning Tools,18.730033,73.694688,NOT_DUPLICATE,False,SUBMITTED,2026-08-15 03:05:22+05:30
143,143,GARBAGE,33.38,MEDIUM,3,9.0,2468.75,manual_garbage_collection_tools,Manual Garbage Collection Tools,18.725431,73.674742,NOT_DUPLICATE,False,SUBMITTED,2026-07-31 02:59:22+05:30
194,194,ROAD,33.32,MEDIUM,3,10.9,4014.38,joint_cutting_machine|plate_compactor,Joint Cutting Machine; Plate Compactor,18.713298,73.698614,NOT_EVALUATED,False,SUBMITTED,2026-08-12 19:03:22+05:30
241,241,WATER,33.29,MEDIUM,2,3.0,926.0,drain_cleaning_tools,Drain Cleaning Tools,18.730844,73.693364,NOT_DUPLICATE,False,SUBMITTED,2026-09-12 02:10:22+05:30
97,97,WATER,33.29,MEDIUM,2,4.5,2229.0,truck_5_5_cum_per_10_mt,Truck 5.5 cum per 10 MT,18.721081,73.698849,NOT_DUPLICATE,False,SUBMITTED,2026-04-03 03:16:22+05:30
449,449,GARBAGE,33.26,MEDIUM,3,5.5,1703.12,manual_garbage_collection_tools,Manual Garbage Collection Tools,18.704926,73.709685,NOT_EVALUATED,False,SUBMITTED,2026-06-28 23:29:22+05:30
326,326,WATER,33.21,MEDIUM,3,5.0,1593.75,drain_cleaning_tools,Drain Cleaning Tools,18.733037,73.699825,NOT_EVALUATED,False,SUBMITTED,2026-09-20 00:02:22+05:30
223,223,ELECTRICITY,33.13,MEDIUM,2,2.0,784.0,electrical_maintenance_tools,Electrical Maintenance Tools,18.712209,73.681723,NOT_DUPLICATE,False,SUBMITTED,2026-04-25 22:03:22+05:30
203,203,WATER,33.1,MEDIUM,3,5.0,1593.75,water_leakage_repair_tools,Water Leakage Repair Tools,18.707696,73.708651,NOT_DUPLICATE,False,SUBMITTED,2026-08-27 02:53:22+05:30
28,28,WATER,33.09,MEDIUM,2,2.2,812.4,water_leakage_repair_tools,Water Leakage Repair Tools,18.729427,73.685417,NOT_DUPLICATE,False,SUBMITTED,2026-05-22 11:15:22+05:30
319,319,WATER,33.07,MEDIUM,2,4.4,2214.8,truck_5_5_cum_per_10_mt,Truck 5.5 cum per 10 MT,18.74585,73.705545,NOT_EVALUATED,False,SUBMITTED,2026-04-30 05:49:22+05:30
394,394,WATER,33.05,MEDIUM,2,3.5,997.0,water_leakage_repair_tools,Water Leakage Repair Tools,18.734352,73.679373,NOT_EVALUATED,False,SUBMITTED,2026-09-12 14:29:22+05:30
452,452,ROAD,33.05,MEDIUM,3,8.1,3401.88,joint_cutting_machine|plate_compactor,Joint Cutting Machine; Plate Compactor,18.704521,73.705785,NOT_EVALUATED,False,SUBMITTED,2026-07-28 08:33:22+05:30
344,344,ELECTRICITY,33.0,MEDIUM,3,2.0,937.5,electrical_maintenance_tools,Electrical Maintenance Tools,18.701708,73.712805,NOT_DUPLICATE,False,SUBMITTED,2026-07-16 09:39:22+05:30
91,91,WATER,32.95,MEDIUM,2,3.9,2143.8,truck_5_5_cum_per_10_mt,Truck 5.5 cum per 10 MT,18.701306,73.707743,NOT_EVALUATED,False,SUBMITTED,2026-05-12 21:01:22+05:30
385,385,WATER,32.94,MEDIUM,2,8.1,2740.2,truck_5_5_cum_per_10_mt,Truck 5.5 cum per 10 MT,18.739034,73.699239,NOT_DUPLICATE,False,SUBMITTED,2026-05-28 05:39:22+05:30
340,340,ELECTRICITY,32.93,MEDIUM,2,2.0,784.0,electrical_maintenance_tools,Electrical Maintenance Tools,18.740607,73.70795,NOT_DUPLICATE,False,SUBMITTED,2026-05-15 14:47:22+05:30
448,448,GARBAGE,32.87,MEDIUM,2,2.4,840.8,manual_garbage_collection_tools,Manual Garbage Collection Tools,18.731375,73.698715,NOT_DUPLICATE,False,SUBMITTED,2026-07-30 10:39:22+05:30
401,401,WATER,32.86,MEDIUM,3,15.7,5024.38,truck_5_5_cum_per_10_mt,Truck 5.5 cum per 10 MT,18.715725,73.709897,NOT_EVALUATED,False,SUBMITTED,2026-08-07 20:07:22+05:30
463,463,ROAD,32.76,MEDIUM,2,2.0,1914.0,joint_cutting_machine|plate_compactor,Joint Cutting Machine; Plate Compactor,18.706996,73.690635,NOT_EVALUATED,False,SUBMITTED,2026-05-23 00:17:22+05:30
103,103,WATER,32.72,MEDIUM,2,3.5,997.0,water_leakage_repair_tools,Water Leakage Repair Tools,18.69804,73.71191,NOT_EVALUATED,False,SUBMITTED,2026-05-11 21:48:22+05:30
82,82,WATER,32.65,MEDIUM,2,4.2,2186.4,truck_5_5_cum_per_10_mt,Truck 5.5 cum per 10 MT,18.721567,73.689938,NOT_DUPLICATE,False,SUBMITTED,2026-06-16 20:04:22+05:30
298,298,ROAD,32.53,MEDIUM,2,2.0,1914.0,joint_cutting_machine|plate_compactor,Joint Cutting Machine; Plate Compactor,18.721417,73.680125,NOT_EVALUATED,False,SUBMITTED,2026-06-27 12:44:22+05:30
62,62,WATER,32.45,MEDIUM,3,21.1,6205.62,truck_5_5_cum_per_10_mt,Truck 5.5 cum per 10 MT,18.699318,73.708502,NOT_EVALUATED,False,SUBMITTED,2026-07-26 05:06:22+05:30
322,322,ELECTRICITY,32.39,MEDIUM,2,2.0,784.0,electrical_maintenance_tools,Electrical Maintenance Tools,18.727957,73.701211,NOT_EVALUATED,False,SUBMITTED,2026-06-14 16:01:22+05:30
293,293,GARBAGE,32.26,MEDIUM,3,6.9,2009.38,manual_garbage_collection_tools,Manual Garbage Collection Tools,18.717226,73.706708,NOT_EVALUATED,False,SUBMITTED,2026-06-28 12:30:22+05:30
389,389,WATER,32.24,MEDIUM,3,17.9,5505.62,truck_5_5_cum_per_10_mt,Truck 5.5 cum per 10 MT,18.709811,73.706022,NOT_DUPLICATE,False,SUBMITTED,2026-07-04 07:34:22+05:30
373,373,GARBAGE,32.07,MEDIUM,2,2.0,784.0,manual_garbage_collection_tools,Manual Garbage Collection Tools,18.74662,73.695154,NOT_EVALUATED,False,SUBMITTED,2026-05-06 18:44:22+05:30
128,128,ELECTRICITY,32.05,MEDIUM,3,2.0,937.5,electrical_maintenance_tools,Electrical Maintenance Tools,18.712464,73.702348,NOT_DUPLICATE,False,SUBMITTED,2026-08-15 05:20:22+05:30
49,49,ELECTRICITY,31.96,MEDIUM,2,2.0,784.0,electrical_maintenance_tools,Electrical Maintenance Tools,18.723195,73.685861,NOT_EVALUATED,False,SUBMITTED,2026-08-29 21:24:22+05:30
244,244,ELECTRICITY,31.86,MEDIUM,2,2.0,784.0,electrical_maintenance_tools,Electrical Maintenance Tools,18.708585,73.68739,NOT_EVALUATED,False,SUBMITTED,2026-07-08 19:33:22+05:30
130,130,ROAD,31.83,MEDIUM,2,2.0,1914.0,joint_cutting_machine|plate_compactor,Joint Cutting Machine; Plate Compactor,18.710461,73.688789,NOT_EVALUATED,False,SUBMITTED,2026-06-01 07:04:22+05:30
89,89,ELECTRICITY,31.81,MEDIUM,3,2.0,937.5,electrical_maintenance_tools,Electrical Maintenance Tools,18.717372,73.701057,NOT_DUPLICATE,False,SUBMITTED,2026-08-24 09:02:22+05:30
190,190,GARBAGE,31.78,MEDIUM,2,2.1,798.2,manual_garbage_collection_tools,Manual Garbage Collection Tools,18.744117,73.662879,NOT_EVALUATED,False,SUBMITTED,2026-09-10 21:52:22+05:30
145,145,ELECTRICITY,31.66,MEDIUM,2,2.0,784.0,electrical_maintenance_tools,Electrical Maintenance Tools,18.732367,73.685739,NOT_EVALUATED,False,SUBMITTED,2026-08-23 16:52:22+05:30
169,169,ROAD,31.64,MEDIUM,2,2.0,1914.0,joint_cutting_machine|plate_compactor,Joint Cutting Machine; Plate Compactor,18.74267,73.695497,NOT_EVALUATED,False,SUBMITTED,2026-07-20 17:08:22+05:30
233,233,WATER,31.55,MEDIUM,3,7.9,2228.12,drain_cleaning_tools,Drain Cleaning Tools,18.717612,73.705221,NOT_EVALUATED,False,SUBMITTED,2026-06-22 07:45:22+05:30
104,104,ROAD,31.43,MEDIUM,3,11.8,4211.25,joint_cutting_machine|plate_compactor,Joint Cutting Machine; Plate Compactor,18.705079,73.700224,NOT_EVALUATED,False,SUBMITTED,2026-08-15 05:05:22+05:30
493,493,GARBAGE,31.4,MEDIUM,2,3.3,968.6,manual_garbage_collection_tools,Manual Garbage Collection Tools,18.722209,73.677948,NOT_EVALUATED,False,SUBMITTED,2026-09-19 17:02:22+05:30
410,410,ROAD,31.33,MEDIUM,3,6.9,3139.38,joint_cutting_machine|plate_compactor,Joint Cutting Machine; Plate Compactor,18.71427,73.707152,NOT_EVALUATED,False,SUBMITTED,2026-07-27 21:57:22+05:30
458,458,ROAD,31.19,MEDIUM,3,6.4,3030.0,joint_cutting_machine|plate_compactor,Joint Cutting Machine; Plate Compactor,18.70998,73.707376,NOT_DUPLICATE,False,SUBMITTED,2026-08-24 23:07:22+05:30
38,38,GARBAGE,31.18,MEDIUM,3,7.7,2184.38,manual_garbage_collection_tools,Manual Garbage Collection Tools,18.720523,73.702453,NOT_EVALUATED,False,SUBMITTED,2026-06-28 22:56:22+05:30
487,487,ROAD,31.07,MEDIUM,2,2.3,1956.6,joint_cutting_machine|plate_compactor,Joint Cutting Machine; Plate Compactor,18.741241,73.702786,NOT_DUPLICATE,False,SUBMITTED,2026-09-15 12:20:22+05:30
296,296,WATER,30.96,MEDIUM,3,4.9,1571.88,drain_cleaning_tools,Drain Cleaning Tools,18.74565,73.695061,NOT_EVALUATED,False,SUBMITTED,2026-09-15 18:55:22+05:30
88,88,WATER,30.95,MEDIUM,2,2.6,869.2,drain_cleaning_tools,Drain Cleaning Tools,18.744653,73.691076,NOT_DUPLICATE,False,SUBMITTED,2026-05-26 21:53:22+05:30
346,346,ROAD,30.81,MEDIUM,2,3.9,2183.8,joint_cutting_machine|plate_compactor,Joint Cutting Machine; Plate Compactor,18.72277,73.666863,NOT_EVALUATED,False,SUBMITTED,2026-08-20 07:14:22+05:30
454,454,ELECTRICITY,30.61,MEDIUM,2,2.0,784.0,electrical_maintenance_tools,Electrical Maintenance Tools,18.748389,73.70387,NOT_DUPLICATE,False,SUBMITTED,2026-08-16 12:15:22+05:30
64,64,GARBAGE,30.52,MEDIUM,2,2.7,883.4,manual_garbage_collection_tools,Manual Garbage Collection Tools,18.709469,73.687604,NOT_EVALUATED,False,SUBMITTED,2026-06-11 20:44:22+05:30
193,193,GARBAGE,30.51,MEDIUM,2,2.8,897.6,manual_garbage_collection_tools,Manual Garbage Collection Tools,18.746234,73.69017,NOT_EVALUATED,False,SUBMITTED,2026-04-23 02:19:22+05:30
211,211,WATER,30.49,MEDIUM,2,6.3,2484.6,truck_5_5_cum_per_10_mt,Truck 5.5 cum per 10 MT,18.743542,73.693612,NOT_EVALUATED,False,SUBMITTED,2026-06-16 21:00:22+05:30
284,284,GARBAGE,30.16,MEDIUM,3,4.7,1528.12,manual_garbage_collection_tools,Manual Garbage Collection Tools,18.715307,73.703124,NOT_EVALUATED,False,SUBMITTED,2026-06-24 22:45:22+05:30
146,146,ROAD,29.74,MEDIUM,3,3.7,2439.38,joint_cutting_machine|plate_compactor,Joint Cutting Machine; Plate Compactor,18.699035,73.702324,NOT_EVALUATED,False,SUBMITTED,2026-08-31 00:38:22+05:30
457,457,ROAD,29.58,MEDIUM,2,4.4,2254.8,joint_cutting_machine|plate_compactor,Joint Cutting Machine; Plate Compactor,18.719411,73.701194,NOT_EVALUATED,False,SUBMITTED,2026-04-02 09:20:22+05:30
478,478,ROAD,29.52,MEDIUM,2,4.9,2325.8,joint_cutting_machine|plate_compactor,Joint Cutting Machine; Plate Compactor,18.716771,73.690694,NOT_EVALUATED,False,SUBMITTED,2026-08-11 05:10:22+05:30
343,343,ROAD,29.48,MEDIUM,2,3.0,2056.0,joint_cutting_machine|plate_compactor,Joint Cutting Machine; Plate Compactor,18.706066,73.70975,NOT_EVALUATED,False,SUBMITTED,2026-04-07 03:25:22+05:30
124,124,ROAD,29.41,MEDIUM,2,4.9,2325.8,joint_cutting_machine|plate_compactor,Joint Cutting Machine; Plate Compactor,18.74699,73.696762,NOT_EVALUATED,False,SUBMITTED,2026-07-06 06:56:22+05:30
106,106,WATER,29.37,MEDIUM,2,7.1,2598.2,truck_5_5_cum_per_10_mt,Truck 5.5 cum per 10 MT,18.700413,73.702317,NOT_DUPLICATE,False,SUBMITTED,2026-05-04 18:21:22+05:30
271,271,ELECTRICITY,29.32,MEDIUM,2,2.0,784.0,electrical_maintenance_tools,Electrical Maintenance Tools,18.734983,73.699937,NOT_DUPLICATE,False,SUBMITTED,2026-09-16 03:21:22+05:30
34,34,ROAD,29.3,MEDIUM,2,3.8,2169.6,joint_cutting_machine|plate_compactor,Joint Cutting Machine; Plate Compactor,18.724295,73.678754,NOT_EVALUATED,False,SUBMITTED,2026-09-10 07:42:22+05:30
334,334,WATER,29.09,MEDIUM,2,3.4,982.8,water_leakage_repair_tools,Water Leakage Repair Tools,18.746384,73.712423,NOT_EVALUATED,False,SUBMITTED,2026-08-30 21:45:22+05:30
328,328,ROAD,29.01,MEDIUM,2,2.1,1928.2,joint_cutting_machine|plate_compactor,Joint Cutting Machine; Plate Compactor,18.70937,73.687442,NOT_DUPLICATE,False,SUBMITTED,2026-08-03 15:45:22+05:30
70,70,ROAD,29.01,MEDIUM,2,2.4,1970.8,joint_cutting_machine|plate_compactor,Joint Cutting Machine; Plate Compactor,18.720577,73.697461,NOT_EVALUATED,False,SUBMITTED,2026-09-08 13:16:22+05:30
172,172,WATER,28.91,MEDIUM,2,2.5,855.0,drain_cleaning_tools,Drain Cleaning Tools,18.707498,73.706445,NOT_DUPLICATE,False,SUBMITTED,2026-04-17 09:04:22+05:30
277,277,ROAD,28.77,MEDIUM,2,4.8,2311.6,joint_cutting_machine|plate_compactor,Joint Cutting Machine; Plate Compactor,18.69802,73.70995,NOT_DUPLICATE,False,SUBMITTED,2026-04-19 22:50:22+05:30
301,301,WATER,28.73,MEDIUM,2,2.6,869.2,water_leakage_repair_tools,Water Leakage Repair Tools,18.708508,73.702556,NOT_EVALUATED,False,SUBMITTED,2026-05-30 20:28:22+05:30
370,370,ROAD,28.63,MEDIUM,2,2.0,1914.0,joint_cutting_machine|plate_compactor,Joint Cutting Machine; Plate Compactor,18.728417,73.692983,NOT_EVALUATED,False,SUBMITTED,2026-07-27 20:20:22+05:30
217,217,ROAD,28.16,MEDIUM,2,2.5,1985.0,joint_cutting_machine|plate_compactor,Joint Cutting Machine; Plate Compactor,18.746813,73.703666,NOT_EVALUATED,False,SUBMITTED,2026-09-16 12:17:22+05:30
154,154,ROAD,28.14,MEDIUM,2,3.0,2056.0,joint_cutting_machine|plate_compactor,Joint Cutting Machine; Plate Compactor,18.713807,73.705051,NOT_EVALUATED,False,SUBMITTED,2026-06-13 19:31:22+05:30
31,31,ROAD,28.12,MEDIUM,2,2.5,1985.0,joint_cutting_machine|plate_compactor,Joint Cutting Machine; Plate Compactor,18.700823,73.707249,NOT_EVALUATED,False,SUBMITTED,2026-08-02 10:50:22+05:30
391,391,WATER,28.09,MEDIUM,2,2.7,883.4,water_leakage_repair_tools,Water Leakage Repair Tools,18.69875,73.70526,NOT_EVALUATED,False,SUBMITTED,2026-05-02 03:25:22+05:30
262,262,WATER,28.02,MEDIUM,2,2.5,855.0,drain_cleaning_tools,Drain Cleaning Tools,18.712541,73.710954,NOT_EVALUATED,False,SUBMITTED,2026-07-18 19:36:22+05:30
184,184,GARBAGE,27.88,MEDIUM,2,2.4,840.8,manual_garbage_collection_tools,Manual Garbage Collection Tools,18.74649,73.697192,NOT_EVALUATED,False,SUBMITTED,2026-07-21 00:35:22+05:30
400,400,ELECTRICITY,27.78,MEDIUM,2,2.0,784.0,electrical_maintenance_tools,Electrical Maintenance Tools,18.725549,73.690924,NOT_EVALUATED,False,SUBMITTED,2026-08-12 13:31:22+05:30
283,283,WATER,27.25,MEDIUM,2,7.1,2598.2,truck_5_5_cum_per_10_mt,Truck 5.5 cum per 10 MT,18.709195,73.705221,NOT_EVALUATED,False,SUBMITTED,2026-05-29 22:33:22+05:30
160,160,WATER,26.61,MEDIUM,2,2.2,812.4,water_leakage_repair_tools,Water Leakage Repair Tools,18.704378,73.702643,NOT_EVALUATED,False,SUBMITTED,2026-06-10 10:11:22+05:30
280,280,WATER,26.6,MEDIUM,2,5.0,2300.0,truck_5_5_cum_per_10_mt,Truck 5.5 cum per 10 MT,18.715782,73.687706,NOT_DUPLICATE,False,SUBMITTED,2026-09-14 04:46:22+05:30
10,10,ROAD,26.48,MEDIUM,2,3.9,2183.8,joint_cutting_machine|plate_compactor,Joint Cutting Machine; Plate Compactor,18.708357,73.704338,NOT_EVALUATED,False,SUBMITTED,2026-07-08 09:14:22+05:30
79,79,ELECTRICITY,26.12,MEDIUM,2,2.0,784.0,electrical_maintenance_tools,Electrical Maintenance Tools,18.744545,73.688021,NOT_DUPLICATE,False,SUBMITTED,2026-09-16 00:33:22+05:30
352,352,ELECTRICITY,25.92,MEDIUM,2,2.0,784.0,electrical_maintenance_tools,Electrical Maintenance Tools,18.723832,73.693954,NOT_DUPLICATE,False,SUBMITTED,2026-08-10 07:15:22+05:30
490,490,WATER,25.79,MEDIUM,2,3.4,982.8,drain_cleaning_tools,Drain Cleaning Tools,18.709493,73.694733,NOT_EVALUATED,False,SUBMITTED,2026-08-12 06:11:22+05:30
133,133,WATER,25.59,MEDIUM,2,6.0,2442.0,truck_5_5_cum_per_10_mt,Truck 5.5 cum per 10 MT,18.700211,73.700493,NOT_EVALUATED,False,SUBMITTED,2026-08-06 04:02:22+05:30
226,226,WATER,25.4,MEDIUM,2,5.9,2427.8,truck_5_5_cum_per_10_mt,Truck 5.5 cum per 10 MT,18.718074,73.700154,NOT_EVALUATED,False,SUBMITTED,2026-08-27 04:16:22+05:30
265,265,GARBAGE,25.37,MEDIUM,2,3.2,954.4,manual_garbage_collection_tools,Manual Garbage Collection Tools,18.712066,73.689862,NOT_EVALUATED,False,SUBMITTED,2026-09-01 13:40:22+05:30
349,349,ROAD,25.34,MEDIUM,2,2.0,1914.0,joint_cutting_machine|plate_compactor,Joint Cutting Machine; Plate Compactor,18.711956,73.710104,NOT_DUPLICATE,False,SUBMITTED,2026-07-10 09:31:22+05:30
424,424,ROAD,24.82,LOW,2,2.1,1928.2,joint_cutting_machine|plate_compactor,Joint Cutting Machine; Plate Compactor,18.712375,73.694069,NOT_EVALUATED,False,SUBMITTED,2026-07-29 14:06:22+05:30
121,121,WATER,21.66,LOW,2,2.1,798.2,drain_cleaning_tools,Drain Cleaning Tools,18.719882,73.70536,NOT_DUPLICATE,False,SUBMITTED,2026-09-08 08:03:22+05:30
85,85,ELECTRICITY,21.25,LOW,2,2.0,784.0,electrical_maintenance_tools,Electrical Maintenance Tools,18.703483,73.709369,NOT_DUPLICATE,False,SUBMITTED,2026-08-04 00:36:22+05:30
