threshold,mean_precision,std_precision,min_precision,max_precision,mean_recall,std_recall,min_recall,max_recall,mean_f1,std_f1,min_f1,max_f1,total_tp,total_fp,total_tn,total_fn,distance_from_midpoint
0.55,0.6648365818578584,0.05254789717248049,0.5957446808510638,0.7435897435897436,0.9666666666666666,0.02357022603955158,0.9333333333333333,1.0,0.7870840009970446,0.04070560544726563,0.7272727272727273,0.8405797101449275,145,74,76,5,0.04999999999999993
0.56,0.6648365818578584,0.05254789717248049,0.5957446808510638,0.7435897435897436,0.9666666666666666,0.02357022603955158,0.9333333333333333,1.0,0.7870840009970446,0.04070560544726563,0.7272727272727273,0.8405797101449275,145,74,76,5,0.039999999999999925
0.57,0.6747127807592924,0.043671676140968785,0.6222222222222222,0.7435897435897436,0.96,0.027888667551135848,0.9333333333333333,1.0,0.7919089405069155,0.0342333268051844,0.7466666666666667,0.8405797101449275,144,70,80,6,0.030000000000000027
0.58,0.6937264537264537,0.055484709405527924,0.6363636363636364,0.7837837837837838,0.9533333333333334,0.0298142396999972,0.9333333333333333,1.0,0.802203397427278,0.041137478688824274,0.7567567567567568,0.8656716417910447,143,64,86,7,0.020000000000000018
0.59,0.7018212592801362,0.0534672564956622,0.6511627906976745,0.7837837837837838,0.9466666666666667,0.038005847503304574,0.9,1.0,0.8053740641723394,0.0430676872876572,0.7605633802816901,0.8656716417910447,142,61,89,8,0.010000000000000009
0.6,0.7151695415008108,0.0683410277437308,0.65,0.8235294117647058,0.9199999999999999,0.03800584750330461,0.8666666666666667,0.9666666666666667,0.8036741363211952,0.05055599291887049,0.7428571428571429,0.875,138,56,94,12,0.0
0.61,0.7079156429156429,0.06850843575034095,0.65,0.8181818181818182,0.8866666666666667,0.018257418583505533,0.8666666666666667,0.9,0.78620438181762,0.04631898829339903,0.7428571428571429,0.8571428571428571,133,56,94,17,0.010000000000000009
0.62,0.7051195426195427,0.06817223981948002,0.6410256410256411,0.8125,0.86,0.02788866755113583,0.8333333333333334,0.9,0.7738418705909443,0.04698454039056185,0.7246376811594203,0.8387096774193549,129,55,95,21,0.020000000000000018
0.63,0.7030324121113595,0.0711716443361617,0.631578947368421,0.8125,0.8400000000000001,0.054772255750516606,0.7666666666666667,0.9,0.7645920739319023,0.058927905005498604,0.7058823529411765,0.8387096774193549,126,54,96,24,0.030000000000000027
0.64,0.6963406670427543,0.07486322543541185,0.6,0.8064516129032258,0.7866666666666667,0.06912147117775912,0.7,0.8666666666666667,0.738071615739832,0.06758378257641404,0.6461538461538462,0.819672131147541,118,52,98,32,0.040000000000000036
0.65,0.7032567049808429,0.0771749527649663,0.6363636363636364,0.8333333333333334,0.7533333333333333,0.08692269873603534,0.6333333333333333,0.8333333333333334,0.7263604568689315,0.07544443103776086,0.6440677966101694,0.8333333333333334,113,48,102,37,0.050000000000000044
