review_order,pair_id,complaint_id_1,complaint_id_2,category_1,category_2,description_1,description_2,distance_meters,distance_bucket,time_difference_hours,time_bucket,category_match,actual_duplicate,label_notes,review_status,reviewer_notes
1,P00271,198,331,Waterlogging,Waterlogging,Standing water is causing difficulty for commuters.,Standing water is causing difficulty for commuters.,44.604,0-50m,582.983,7-30d,True,,"Identical description and same category, with 44.6 m distance, but the available data does not independently confirm that both complaints refer to the same physical waterlogging issue.",UNCERTAIN,"Identical description and same category, with 44.6 m distance, but the available data does not independently confirm that both complaints refer to the same physical waterlogging issue."
2,P00128,152,70,Pothole,Pothole,Pothole is creating a safety problem for commuters.,Pothole is creating a safety problem for commuters.,4.896,0-50m,1940.2,60-90d,True,,"Identical description and same category, with 4.9 m distance, but the complaints are about 80.8 days apart and the available data does not independently confirm that they refer to the same physical pothole.",UNCERTAIN,"Identical description and same category, with 4.9 m distance, but the complaints are about 80.8 days apart and the available data does not independently confirm that they refer to the same physical pothole."
3,P00274,153,48,Streetlight,Streetlight,Streetlight is not functioning.,Streetlight is not working at night.,91.975,50-100m,326.067,7-30d,True,,"Same category and similar streetlight issue within 92 m and 13.6 days, but the available data does not independently confirm that both complaints refer to the same physical streetlight.",UNCERTAIN,"Same category and similar streetlight issue within 92 m and 13.6 days, but the available data does not independently confirm that both complaints refer to the same physical streetlight."
4,P00222,172,242,Blocked Drain,Blocked Drain,Waste has blocked the drainage system.,Drain requires cleaning and maintenance.,67.395,50-100m,960.817,30-60d,True,,"Same category and nearby location, but the descriptions indicate related drain problems without enough evidence to confirm that both complaints refer to the same physical drain issue.",UNCERTAIN,"Same category and nearby location, but the descriptions indicate related drain problems without enough evidence to confirm that both complaints refer to the same physical drain issue."
5,P00739,211,43,Waterlogging,Waterlogging,Rainwater has accumulated on the road.,Standing water is causing difficulty for commuters.,63.769,50-100m,1051.95,30-60d,True,,"Same category and nearby location with related waterlogging descriptions, but the 43.8-day gap and available data do not independently confirm that both complaints refer to the same physical waterlogging issue.",UNCERTAIN,"Same category and nearby location with related waterlogging descriptions, but the 43.8-day gap and available data do not independently confirm that both complaints refer to the same physical waterlogging issue."
6,P00900,195,227,Garbage Accumulation,Garbage Accumulation,Waste has been dumped near the road.,Garbage has accumulated near the roadside.,57.081,50-100m,853.3,30-60d,True,,"Same category and nearby location with related garbage descriptions, but the 35.6-day gap and available data do not independently confirm that both complaints refer to the same physical garbage issue.",UNCERTAIN,"Same category and nearby location with related garbage descriptions, but the 35.6-day gap and available data do not independently confirm that both complaints refer to the same physical garbage issue."
7,P00122,23,474,Other,Other,A municipal service-related issue has been reported.,A municipal service-related issue has been reported.,92.762,50-100m,1815.6,60-90d,True,,"Identical generic descriptions and same category within 92.8 m, but the complaint text does not identify the actual issue or physical location, and the 75.7-day gap prevents reliable confirmation of the same real-world issue.",UNCERTAIN,"Identical generic descriptions and same category within 92.8 m, but the complaint text does not identify the actual issue or physical location, and the 75.7-day gap prevents reliable confirmation of the same real-world issue."
8,P00006,33,251,Garbage Accumulation,Garbage Accumulation,Garbage has not been collected from the area.,Garbage has accumulated near the roadside.,118.179,100-150m,165.4,3-7d,True,,"Same category and nearby location within 7 days, but the descriptions do not provide enough evidence to confirm that both complaints refer to the same physical garbage accumulation.",UNCERTAIN,"Same category and nearby location within 7 days, but the descriptions do not provide enough evidence to confirm that both complaints refer to the same physical garbage accumulation."
9,P00692,79,454,Streetlight,Streetlight,Streetlight is not functioning.,Streetlight is not functioning.,113.749,100-150m,101.5,3-7d,True,,"Identical descriptions and same category within 114 m and 4.2 days, indicating strong duplicate evidence, but the available data does not independently confirm that both complaints refer to the same physical streetlight.",UNCERTAIN,"Identical descriptions and same category within 114 m and 4.2 days, indicating strong duplicate evidence, but the available data does not independently confirm that both complaints refer to the same physical streetlight."
10,P00326,45,291,Streetlight,Streetlight,Streetlight is not working at night.,Streetlight is not functioning.,100.304,100-150m,644.95,7-30d,True,,"Same category with closely related descriptions, 100.3 m apart and 26.9 days apart, but the available data does not independently confirm that both complaints refer to the same physical streetlight.",UNCERTAIN,"Same category with closely related descriptions, 100.3 m apart and 26.9 days apart, but the available data does not independently confirm that both complaints refer to the same physical streetlight."
11,P00508,166,79,Streetlight,Streetlight,Streetlight is not working at night.,Streetlight is not functioning.,124.94,100-150m,571.517,7-30d,True,,"Same category with closely related descriptions, 124.9 m apart and 23.8 days apart, but the available data does not independently confirm that both complaints refer to the same physical streetlight.",UNCERTAIN,"Same category with closely related descriptions, 124.9 m apart and 23.8 days apart, but the available data does not independently confirm that both complaints refer to the same physical streetlight."
12,P00716,454,150,Streetlight,Streetlight,Streetlight is not functioning.,Streetlight is not functioning.,141.464,100-150m,608.75,7-30d,True,,"Identical descriptions and same category, 141.5 m apart and 25.4 days apart, but the available data does not independently confirm that both complaints refer to the same physical streetlight.",UNCERTAIN,"Identical descriptions and same category, 141.5 m apart and 25.4 days apart, but the available data does not independently confirm that both complaints refer to the same physical streetlight."
13,P00913,53,131,Road Damage,Road Damage,Road surface is damaged and needs repair.,Road surface is damaged and needs repair.,125.368,100-150m,562.733,7-30d,True,,"Identical descriptions and same category, 125.4 m apart and 23.5 days apart, but the available data does not independently confirm that both complaints refer to the same physical road-damage issue.",UNCERTAIN,"Identical descriptions and same category, 125.4 m apart and 23.5 days apart, but the available data does not independently confirm that both complaints refer to the same physical road-damage issue."
14,P00075,348,54,Blocked Drain,Blocked Drain,Drain requires cleaning and maintenance.,Drain is blocked and water is not flowing.,145.581,100-150m,791.983,30-60d,True,,"Same category and related drain descriptions, 145.6 m apart and 33.0 days apart, but the available data does not independently confirm that both complaints refer to the same physical drain issue.",UNCERTAIN,"Same category and related drain descriptions, 145.6 m apart and 33.0 days apart, but the available data does not independently confirm that both complaints refer to the same physical drain issue."
15,P00320,395,311,Blocked Drain,Blocked Drain,Waste has blocked the drainage system.,Drain requires cleaning and maintenance.,137.211,100-150m,1194.95,30-60d,True,,"Same category and related drain descriptions, 137.2 m apart and 49.8 days apart, but the available data does not independently confirm that both complaints refer to the same physical drain issue.",UNCERTAIN,"Same category and related drain descriptions, 137.2 m apart and 49.8 days apart, but the available data does not independently confirm that both complaints refer to the same physical drain issue."
16,P00345,383,272,Streetlight,Streetlight,Streetlight is not functioning.,Streetlight is not functioning.,138.267,100-150m,1121.367,30-60d,True,,,,
17,P00377,181,50,Pothole,Pothole,Large pothole causing difficulty for vehicles.,Pothole is creating a safety problem for commuters.,149.379,100-150m,1369.15,30-60d,True,,,,
18,P00519,440,252,Pothole,Pothole,Large pothole causing difficulty for vehicles.,Pothole is creating a safety problem for commuters.,135.002,100-150m,1418.8,30-60d,True,,,,
19,P00585,209,47,Water Leakage,Water Leakage,Water leakage is observed near the road.,Water leakage is observed near the road.,123.034,100-150m,1081.533,30-60d,True,,,,
20,P00863,248,189,Other,Other,An issue with public infrastructure has been noticed.,A municipal service-related issue has been reported.,130.536,100-150m,814.217,30-60d,True,,,,
21,P00864,248,274,Other,Other,An issue with public infrastructure has been noticed.,A municipal issue has been reported.,110.673,100-150m,846.717,30-60d,True,,,,
22,P00070,132,486,Pothole,Pothole,Deep pothole noticed on the road.,Deep pothole noticed on the road.,123.758,100-150m,1568.2,60-90d,True,,,,
23,P00200,40,205,Pothole,Pothole,Pothole is creating a safety problem for commuters.,Deep pothole noticed on the road.,145.94,100-150m,1752.717,60-90d,True,,,,
24,P00202,40,130,Pothole,Pothole,Pothole is creating a safety problem for commuters.,Pothole is creating a safety problem for commuters.,113.982,100-150m,2041.733,60-90d,True,,,,
25,P00376,29,8,Water Leakage,Water Leakage,A water pipeline appears to be leaking.,Water is leaking from a pipeline.,135.278,100-150m,2072.7,60-90d,True,,,,
26,P00615,309,82,Waterlogging,Waterlogging,Standing water is causing difficulty for commuters.,Standing water is causing difficulty for commuters.,142.422,100-150m,1579.833,60-90d,True,,,,
27,P00670,472,324,Waterlogging,Waterlogging,Standing water is causing difficulty for commuters.,Water is accumulated in the area.,138.37,100-150m,1983.967,60-90d,True,,,,
28,P00776,109,379,Water Leakage,Water Leakage,Water leakage is observed near the road.,Water leakage is observed near the road.,170.55,150-200m,67.2,1-3d,True,,,,
29,P00965,366,456,Waterlogging,Waterlogging,Water is accumulated in the area.,Standing water is causing difficulty for commuters.,181.298,150-200m,60.633,1-3d,True,,,,
30,P00037,89,271,Streetlight,Streetlight,Streetlight is not working at night.,Streetlight requires repair.,163.508,150-200m,119.517,3-7d,True,,,,
31,P00013,73,39,Blocked Drain,Blocked Drain,Drain requires cleaning and maintenance.,Drain is blocked and water is not flowing.,170.978,150-200m,604.433,7-30d,True,,,,
32,P00042,193,255,Garbage Accumulation,Garbage Accumulation,Garbage has accumulated near the roadside.,Garbage has not been collected from the area.,194.932,150-200m,668.267,7-30d,True,,,,
33,P00090,3,487,Pothole,Pothole,Large pothole causing difficulty for vehicles.,Large pothole causing difficulty for vehicles.,183.175,150-200m,604.0,7-30d,True,,,,
34,P00331,310,44,Garbage Accumulation,Garbage Accumulation,Waste has been dumped near the road.,Garbage has accumulated near the roadside.,199.29,150-200m,340.067,7-30d,True,,,,
35,P00404,226,46,Waterlogging,Waterlogging,Rainwater has accumulated on the road.,Standing water is causing difficulty for commuters.,194.762,150-200m,473.583,7-30d,True,,,,
36,P00428,308,25,Road Damage,Road Damage,Road surface is damaged and needs repair.,Road surface is damaged and needs repair.,153.336,150-200m,617.117,7-30d,True,,,,
37,P00446,285,305,Pothole,Pothole,Pothole is creating a safety problem for commuters.,Large pothole causing difficulty for vehicles.,185.2,150-200m,489.883,7-30d,True,,,,
38,P00509,166,454,Streetlight,Streetlight,Streetlight is not working at night.,Streetlight is not functioning.,150.36,150-200m,673.017,7-30d,True,,,,
39,P00673,410,154,Road Damage,Road Damage,Road surface is damaged and needs repair.,Road surface is damaged and needs repair.,186.502,150-200m,306.267,7-30d,True,,,,
40,P00677,481,117,Pothole,Pothole,Pothole is creating a safety problem for commuters.,Large pothole causing difficulty for vehicles.,174.413,150-200m,661.0,7-30d,True,,,,
41,P00923,373,71,Garbage Accumulation,Garbage Accumulation,Garbage has accumulated near the roadside.,Garbage has accumulated near the roadside.,168.211,150-200m,236.65,7-30d,True,,,,
42,P00948,107,167,Road Damage,Road Damage,Road has cracks and damaged portions.,Road has cracks and damaged portions.,170.77,150-200m,384.0,7-30d,True,,,,
43,P00118,281,111,Water Leakage,Water Leakage,Water is leaking from a pipeline.,A water pipeline appears to be leaking.,185.215,150-200m,1045.4,30-60d,True,,,,
44,P00183,215,74,Water Leakage,Water Leakage,Water is leaking from a pipeline.,Water leakage is observed near the road.,172.306,150-200m,1194.35,30-60d,True,,,,
45,P00308,411,480,Pothole,Pothole,Large pothole causing difficulty for vehicles.,Large pothole causing difficulty for vehicles.,175.636,150-200m,868.533,30-60d,True,,,,
46,P00639,466,273,Road Damage,Road Damage,Damaged portion of road requires maintenance.,Road has cracks and damaged portions.,162.965,150-200m,1079.6,30-60d,True,,,,
47,P00649,330,91,Waterlogging,Waterlogging,Standing water is causing difficulty for commuters.,Water is accumulated in the area.,157.911,150-200m,1121.733,30-60d,True,,,,
48,P00798,352,140,Streetlight,Streetlight,Streetlight is not working at night.,Streetlight is not functioning.,189.594,150-200m,1067.567,30-60d,True,,,,
49,P00067,228,106,Waterlogging,Waterlogging,Water is accumulated in the area.,Standing water is causing difficulty for commuters.,195.56,150-200m,1532.35,60-90d,True,,,,
50,P00148,187,277,Road Damage,Road Damage,Damaged portion of road requires maintenance.,Road has cracks and damaged portions.,191.194,150-200m,1670.7,60-90d,True,,,,
51,P00258,303,2,Pothole,Pothole,Deep pothole noticed on the road.,Pothole is creating a safety problem for commuters.,160.572,150-200m,1495.8,60-90d,True,,,,
52,P00304,31,10,Road Damage,Road Damage,Damaged portion of road requires maintenance.,Damaged portion of road requires maintenance.,162.003,150-200m,1920.583,60-90d,True,,,,
53,P00324,461,363,Pothole,Pothole,Pothole is creating a safety problem for commuters.,Deep pothole noticed on the road.,154.626,150-200m,1694.05,60-90d,True,,,,
54,P00412,268,267,Streetlight,Streetlight,Streetlight is not functioning.,Streetlight is not working at night.,195.192,150-200m,2139.717,60-90d,True,,,,
55,P00548,183,318,Water Leakage,Water Leakage,Water leakage is observed near the road.,Water is leaking from a pipeline.,159.24,150-200m,1733.767,60-90d,True,,,,
56,P00559,276,60,Blocked Drain,Blocked Drain,Waste has blocked the drainage system.,Drain requires cleaning and maintenance.,167.457,150-200m,1741.967,60-90d,True,,,,
57,P00600,413,318,Water Leakage,Water Leakage,Water is leaking from a pipeline.,Water is leaking from a pipeline.,152.486,150-200m,1564.517,60-90d,True,,,,
58,P00961,189,274,Other,Other,A municipal service-related issue has been reported.,A municipal issue has been reported.,240.016,200-250m,32.5,1-3d,True,,,,
59,P00116,338,116,Road Damage,Road Damage,Road surface is damaged and needs repair.,Road has cracks and damaged portions.,233.079,200-250m,112.7,3-7d,True,,,,
60,P00551,414,422,Waterlogging,Waterlogging,Rainwater has accumulated on the road.,Rainwater has accumulated on the road.,235.191,200-250m,154.4,3-7d,True,,,,
61,P00854,101,58,Other,Other,A municipal issue has been reported.,A municipal service-related issue has been reported.,242.799,200-250m,93.633,3-7d,True,,,,
62,P00959,129,189,Other,Other,A municipal service-related issue has been reported.,A municipal service-related issue has been reported.,202.586,200-250m,118.15,3-7d,True,,,,
63,P00960,129,274,Other,Other,A municipal service-related issue has been reported.,A municipal issue has been reported.,242.662,200-250m,150.65,3-7d,True,,,,
64,P00141,278,266,Blocked Drain,Blocked Drain,Drain requires cleaning and maintenance.,Drain is blocked and water is not flowing.,228.148,200-250m,529.367,7-30d,True,,,,
65,P00216,169,441,Pothole,Pothole,Large pothole causing difficulty for vehicles.,Deep pothole noticed on the road.,215.83,200-250m,414.533,7-30d,True,,,,
66,P00286,156,229,Water Leakage,Water Leakage,Water is leaking from a pipeline.,Water leakage is observed near the road.,207.437,200-250m,312.833,7-30d,True,,,,
67,P00506,77,474,Other,Other,An issue with public infrastructure has been noticed.,A municipal service-related issue has been reported.,231.233,200-250m,494.717,7-30d,True,,,,
68,P00693,79,150,Streetlight,Streetlight,Streetlight is not functioning.,Streetlight is not functioning.,200.692,200-250m,710.25,7-30d,True,,,,
69,P00704,205,130,Pothole,Pothole,Deep pothole noticed on the road.,Pothole is creating a safety problem for commuters.,240.891,200-250m,289.017,7-30d,True,,,,
70,P00779,355,173,Road Damage,Road Damage,Damaged portion of road requires maintenance.,Damaged portion of road requires maintenance.,230.03,200-250m,607.583,7-30d,True,,,,
71,P00784,443,325,Garbage Accumulation,Garbage Accumulation,Garbage has not been collected from the area.,Garbage has accumulated near the roadside.,247.295,200-250m,313.4,7-30d,True,,,,
72,P00814,490,180,Blocked Drain,Blocked Drain,Waste has blocked the drainage system.,Waste has blocked the drainage system.,232.249,200-250m,341.133,7-30d,True,,,,
73,P00862,248,129,Other,Other,An issue with public infrastructure has been noticed.,A municipal service-related issue has been reported.,202.383,200-250m,696.067,7-30d,True,,,,
74,P00945,178,100,Streetlight,Streetlight,Streetlight is not working at night.,Streetlight requires repair.,202.231,200-250m,255.917,7-30d,True,,,,
75,P00097,425,461,Pothole,Pothole,Large pothole causing difficulty for vehicles.,Pothole is creating a safety problem for commuters.,246.325,200-250m,786.567,30-60d,True,,,,
76,P00098,425,26,Pothole,Pothole,Large pothole causing difficulty for vehicles.,Deep pothole noticed on the road.,231.487,200-250m,883.283,30-60d,True,,,,
77,P00238,270,479,Waterlogging,Waterlogging,Rainwater has accumulated on the road.,Rainwater has accumulated on the road.,201.159,200-250m,900.733,30-60d,True,,,,
78,P00284,264,294,Garbage Accumulation,Garbage Accumulation,Waste has been dumped near the road.,Waste has been dumped near the road.,248.903,200-250m,768.183,30-60d,True,,,,
79,P00323,461,185,Pothole,Pothole,Pothole is creating a safety problem for commuters.,Pothole is creating a safety problem for commuters.,213.387,200-250m,1426.1,30-60d,True,,,,
80,P00351,430,459,Streetlight,Streetlight,Streetlight is not functioning.,Streetlight is not working at night.,209.672,200-250m,1171.5,30-60d,True,,,,
81,P00405,250,15,Water Leakage,Water Leakage,Water is leaking from a pipeline.,A water pipeline appears to be leaking.,210.171,200-250m,1038.55,30-60d,True,,,,
82,P00460,354,204,Streetlight,Streetlight,Streetlight is not functioning.,Streetlight requires repair.,221.759,200-250m,771.2,30-60d,True,,,,
83,P00530,164,349,Pothole,Pothole,Pothole is creating a safety problem for commuters.,Deep pothole noticed on the road.,248.224,200-250m,735.867,30-60d,True,,,,
84,P00657,493,419,Garbage Accumulation,Garbage Accumulation,Waste has been dumped near the road.,Garbage has not been collected from the area.,218.087,200-250m,799.65,30-60d,True,,,,
85,P00766,404,485,Blocked Drain,Blocked Drain,Waste has blocked the drainage system.,Drain requires cleaning and maintenance.,205.136,200-250m,787.683,30-60d,True,,,,
86,P00792,108,9,Waterlogging,Waterlogging,Water is accumulated in the area.,Rainwater has accumulated on the road.,241.843,200-250m,822.367,30-60d,True,,,,
87,P00852,357,14,Road Damage,Road Damage,Road has cracks and damaged portions.,Damaged portion of road requires maintenance.,216.031,200-250m,866.433,30-60d,True,,,,
88,P00130,239,276,Blocked Drain,Blocked Drain,Drain is blocked and water is not flowing.,Waste has blocked the drainage system.,225.976,200-250m,1522.45,60-90d,True,,,,
89,P00152,116,216,Road Damage,Road Damage,Road has cracks and damaged portions.,Road has cracks and damaged portions.,223.703,200-250m,1498.467,60-90d,True,,,,
90,P00301,93,438,Water Leakage,Water Leakage,A water pipeline appears to be leaking.,Water leakage is observed near the road.,209.586,200-250m,1743.633,60-90d,True,,,,
91,P00321,321,408,Pothole,Pothole,Pothole is creating a safety problem for commuters.,Pothole is creating a safety problem for commuters.,242.027,200-250m,1491.15,60-90d,True,,,,
92,P00383,353,125,Streetlight,Streetlight,Streetlight is not functioning.,Streetlight requires repair.,248.442,200-250m,1469.133,60-90d,True,,,,
93,P00434,402,72,Waterlogging,Waterlogging,Water is accumulated in the area.,Standing water is causing difficulty for commuters.,229.14,200-250m,1857.517,60-90d,True,,,,
94,P00436,212,148,Waterlogging,Waterlogging,Standing water is causing difficulty for commuters.,Water is accumulated in the area.,224.898,200-250m,1817.733,60-90d,True,,,,
95,P00520,440,87,Pothole,Pothole,Large pothole causing difficulty for vehicles.,Large pothole causing difficulty for vehicles.,245.036,200-250m,1631.183,60-90d,True,,,,
96,P00709,204,57,Streetlight,Streetlight,Streetlight requires repair.,Streetlight requires repair.,232.482,200-250m,1850.333,60-90d,True,,,,
97,P00730,400,451,Streetlight,Streetlight,Streetlight is not working at night.,Streetlight requires repair.,236.489,200-250m,1460.983,60-90d,True,,,,
98,P00057,105,336,Road Damage,Road Damage,Road surface is damaged and needs repair.,Road surface is damaged and needs repair.,289.825,250-300m,24.333,1-3d,True,,,,
99,P00282,264,307,Garbage Accumulation,Garbage Accumulation,Waste has been dumped near the road.,Garbage has accumulated near the roadside.,279.338,250-300m,41.6,1-3d,True,,,,
100,P00417,387,207,Garbage Accumulation,Garbage Accumulation,Waste has been dumped near the road.,Garbage has not been collected from the area.,279.967,250-300m,90.717,3-7d,True,,,,
101,P00432,141,77,Other,Other,A municipal issue has been reported.,An issue with public infrastructure has been noticed.,255.69,250-300m,159.167,3-7d,True,,,,
102,P00064,142,368,Waterlogging,Waterlogging,Rainwater has accumulated on the road.,Rainwater has accumulated on the road.,270.505,250-300m,376.0,7-30d,True,,,,
103,P00162,328,55,Pothole,Pothole,Deep pothole noticed on the road.,Deep pothole noticed on the road.,255.408,250-300m,519.4,7-30d,True,,,,
104,P00500,124,458,Road Damage,Road Damage,Road surface is damaged and needs repair.,Damaged portion of road requires maintenance.,298.439,250-300m,263.883,7-30d,True,,,,
105,P00540,135,37,Blocked Drain,Blocked Drain,Waste has blocked the drainage system.,Drain requires cleaning and maintenance.,289.953,250-300m,447.117,7-30d,True,,,,
106,P00547,183,413,Water Leakage,Water Leakage,Water leakage is observed near the road.,Water is leaking from a pipeline.,280.839,250-300m,169.25,7-30d,True,,,,
107,P00641,119,497,Streetlight,Streetlight,Streetlight is not functioning.,Streetlight requires repair.,250.406,250-300m,448.867,7-30d,True,,,,
108,P00791,108,52,Waterlogging,Waterlogging,Water is accumulated in the area.,Rainwater has accumulated on the road.,282.643,250-300m,220.5,7-30d,True,,,,
109,P00204,396,202,Pothole,Pothole,Pothole is creating a safety problem for commuters.,Large pothole causing difficulty for vehicles.,254.294,250-300m,941.85,30-60d,True,,,,
110,P00350,476,467,Other,Other,An issue with public infrastructure has been noticed.,An issue with public infrastructure has been noticed.,283.001,250-300m,919.083,30-60d,True,,,,
111,P00371,447,323,Other,Other,An issue with public infrastructure has been noticed.,A municipal issue has been reported.,271.639,250-300m,778.45,30-60d,True,,,,
112,P00511,166,150,Streetlight,Streetlight,Streetlight is not working at night.,Streetlight is not functioning.,286.226,250-300m,1281.767,30-60d,True,,,,
113,P00619,245,333,Other,Other,A municipal issue has been reported.,An issue with public infrastructure has been noticed.,270.309,250-300m,733.35,30-60d,True,,,,
114,P00720,322,344,Streetlight,Streetlight,Streetlight is not working at night.,Streetlight requires repair.,270.819,250-300m,1029.0,30-60d,True,,,,
115,P00799,125,475,Streetlight,Streetlight,Streetlight requires repair.,Streetlight requires repair.,258.58,250-300m,822.067,30-60d,True,,,,
116,P00031,175,294,Garbage Accumulation,Garbage Accumulation,Waste has been dumped near the road.,Waste has been dumped near the road.,291.888,250-300m,1570.583,60-90d,True,,,,
117,P00250,255,22,Garbage Accumulation,Garbage Accumulation,Garbage has not been collected from the area.,Garbage has accumulated near the roadside.,265.085,250-300m,1759.0,60-90d,True,,,,
118,P00292,339,428,Garbage Accumulation,Garbage Accumulation,Waste has been dumped near the road.,Waste has been dumped near the road.,283.898,250-300m,1807.083,60-90d,True,,,,
119,P00300,122,438,Water Leakage,Water Leakage,A water pipeline appears to be leaking.,Water leakage is observed near the road.,260.199,250-300m,1757.133,60-90d,True,,,,
120,P00366,102,86,Blocked Drain,Blocked Drain,Drain is blocked and water is not flowing.,Drain is blocked and water is not flowing.,255.77,250-300m,2004.1,60-90d,True,,,,
121,P00562,6,306,Waterlogging,Waterlogging,Standing water is causing difficulty for commuters.,Rainwater has accumulated on the road.,270.669,250-300m,1938.85,60-90d,True,,,,
122,P00003,260,282,Pothole,Road Damage,Deep pothole noticed on the road.,Road surface is damaged and needs repair.,212.413,,561.283,,False,,,,
123,P00005,260,46,Pothole,Waterlogging,Deep pothole noticed on the road.,Standing water is causing difficulty for commuters.,277.603,,1934.75,,False,,,,
124,P00011,99,160,Pothole,Water Leakage,Deep pothole noticed on the road.,A water pipeline appears to be leaking.,185.915,,428.117,,False,,,,
125,P00014,73,461,Blocked Drain,Pothole,Drain requires cleaning and maintenance.,Pothole is creating a safety problem for commuters.,228.933,,981.583,,False,,,,
126,P00018,384,106,Blocked Drain,Waterlogging,Drain requires cleaning and maintenance.,Standing water is causing difficulty for commuters.,205.022,,1645.8,,False,,,,
127,P00020,104,491,Road Damage,Streetlight,Road has cracks and damaged portions.,Streetlight requires repair.,46.705,,617.2,,False,,,,
128,P00022,350,69,Pothole,Water Leakage,Deep pothole noticed on the road.,A water pipeline appears to be leaking.,192.8,,482.3,,False,,,,
129,P00024,120,468,Blocked Drain,Garbage Accumulation,Drain is blocked and water is not flowing.,Waste has been dumped near the road.,86.781,,121.483,,False,,,,
130,P00027,391,285,Water Leakage,Pothole,Water leakage is observed near the road.,Pothole is creating a safety problem for commuters.,146.841,,1520.683,,False,,,,
131,P00030,175,302,Garbage Accumulation,Water Leakage,Waste has been dumped near the road.,A water pipeline appears to be leaking.,196.967,,232.1,,False,,,,
132,P00040,89,309,Streetlight,Waterlogging,Streetlight is not working at night.,Standing water is causing difficulty for commuters.,163.93,,2011.017,,False,,,,
133,P00043,193,203,Garbage Accumulation,Water Leakage,Garbage has accumulated near the roadside.,Water leakage is observed near the road.,181.584,,770.417,,False,,,,
134,P00049,263,245,Streetlight,Other,Streetlight is not functioning.,A municipal issue has been reported.,214.861,,2010.15,,False,,,,
135,P00050,263,25,Streetlight,Road Damage,Streetlight is not functioning.,Road surface is damaged and needs repair.,175.319,,2075.483,,False,,,,
136,P00058,105,223,Road Damage,Streetlight,Road surface is damaged and needs repair.,Streetlight requires repair.,32.347,,1965.6,,False,,,,
137,P00060,336,223,Road Damage,Streetlight,Road surface is damaged and needs repair.,Streetlight requires repair.,273.671,,1941.267,,False,,,,
138,P00063,126,364,Garbage Accumulation,Water Leakage,Garbage has not been collected from the area.,Water is leaking from a pipeline.,152.279,,2076.333,,False,,,,
139,P00071,317,498,Other,Road Damage,A municipal service-related issue has been reported.,Road has cracks and damaged portions.,254.033,,447.4,,False,,,,
140,P00074,468,6,Garbage Accumulation,Waterlogging,Waste has been dumped near the road.,Standing water is causing difficulty for commuters.,123.087,,1770.283,,False,,,,
141,P00091,3,198,Pothole,Waterlogging,Large pothole causing difficulty for vehicles.,Standing water is causing difficulty for commuters.,196.432,,626.317,,False,,,,
142,P00093,3,283,Pothole,Waterlogging,Large pothole causing difficulty for vehicles.,Standing water is causing difficulty for commuters.,270.922,,1501.55,,False,,,,
143,P00099,425,20,Pothole,Waterlogging,Large pothole causing difficulty for vehicles.,Standing water is causing difficulty for commuters.,299.814,,990.117,,False,,,,
144,P00100,425,488,Pothole,Garbage Accumulation,Large pothole causing difficulty for vehicles.,Waste has been dumped near the road.,280.259,,1353.283,,False,,,,
145,P00101,425,183,Pothole,Water Leakage,Large pothole causing difficulty for vehicles.,Water leakage is observed near the road.,275.771,,1662.45,,False,,,,
146,P00115,495,119,Other,Streetlight,A municipal service-related issue has been reported.,Streetlight is not functioning.,267.136,,1802.35,,False,,,,
147,P00120,23,414,Other,Waterlogging,A municipal service-related issue has been reported.,Rainwater has accumulated on the road.,167.144,,1506.75,,False,,,,
148,P00121,23,422,Other,Waterlogging,A municipal service-related issue has been reported.,Rainwater has accumulated on the road.,184.801,,1661.15,,False,,,,
149,P00127,152,289,Pothole,Other,Pothole is creating a safety problem for commuters.,An issue with public infrastructure has been noticed.,293.756,,259.667,,False,,,,
150,P00134,296,22,Blocked Drain,Garbage Accumulation,Drain is blocked and water is not flowing.,Garbage has accumulated near the roadside.,186.159,,2096.6,,False,,,,
151,P00139,158,210,Other,Streetlight,An issue with public infrastructure has been noticed.,Streetlight is not functioning.,294.586,,999.25,,False,,,,
152,P00144,278,449,Blocked Drain,Garbage Accumulation,Drain requires cleaning and maintenance.,Garbage has accumulated near the roadside.,90.174,,1653.117,,False,,,,
153,P00154,290,270,Garbage Accumulation,Waterlogging,Garbage has accumulated near the roadside.,Rainwater has accumulated on the road.,253.28,,224.917,,False,,,,
154,P00157,500,436,Garbage Accumulation,Waterlogging,Waste has been dumped near the road.,Water is accumulated in the area.,225.359,,934.217,,False,,,,
155,P00174,147,483,Blocked Drain,Other,Drain requires cleaning and maintenance.,An issue with public infrastructure has been noticed.,90.719,,16.5,,False,,,,
156,P00179,215,487,Water Leakage,Pothole,Water is leaking from a pipeline.,Large pothole causing difficulty for vehicles.,244.767,,254.9,,False,,,,
157,P00182,215,331,Water Leakage,Waterlogging,Water is leaking from a pipeline.,Standing water is causing difficulty for commuters.,187.61,,860.2,,False,,,,
158,P00185,478,232,Road Damage,Other,Damaged portion of road requires maintenance.,An issue with public infrastructure has been noticed.,181.429,,563.2,,False,,,,
159,P00186,478,95,Road Damage,Streetlight,Damaged portion of road requires maintenance.,Streetlight requires repair.,231.465,,1783.567,,False,,,,
160,P00190,407,264,Blocked Drain,Garbage Accumulation,Drain is blocked and water is not flowing.,Waste has been dumped near the road.,183.523,,297.483,,False,,,,
161,P00193,405,331,Streetlight,Waterlogging,Streetlight requires repair.,Standing water is causing difficulty for commuters.,285.272,,845.833,,False,,,,
162,P00195,282,340,Road Damage,Streetlight,Road surface is damaged and needs repair.,Streetlight is not working at night.,173.029,,81.083,,False,,,,
163,P00196,282,1,Road Damage,Waterlogging,Road surface is damaged and needs repair.,Standing water is causing difficulty for commuters.,267.882,,1808.233,,False,,,,
164,P00201,40,300,Pothole,Water Leakage,Pothole is creating a safety problem for commuters.,A water pipeline appears to be leaking.,136.551,,1807.783,,False,,,,
165,P00203,396,383,Pothole,Streetlight,Pothole is creating a safety problem for commuters.,Streetlight is not functioning.,235.598,,514.0,,False,,,,
166,P00205,396,59,Pothole,Waterlogging,Pothole is creating a safety problem for commuters.,Standing water is causing difficulty for commuters.,262.812,,1258.617,,False,,,,
167,P00215,415,432,Garbage Accumulation,Other,Waste has been dumped near the road.,A municipal issue has been reported.,176.501,,1701.333,,False,,,,
168,P00223,172,480,Blocked Drain,Pothole,Waste has blocked the drainage system.,Large pothole causing difficulty for vehicles.,208.731,,1162.967,,False,,,,
169,P00225,340,439,Streetlight,Water Leakage,Streetlight is not working at night.,Water is leaking from a pipeline.,227.312,,941.383,,False,,,,
170,P00237,224,212,Pothole,Waterlogging,Pothole is creating a safety problem for commuters.,Standing water is causing difficulty for commuters.,26.622,,863.633,,False,,,,
171,P00239,327,401,Streetlight,Waterlogging,Streetlight requires repair.,Standing water is causing difficulty for commuters.,129.364,,522.467,,False,,,,
172,P00241,327,432,Streetlight,Other,Streetlight requires repair.,A municipal issue has been reported.,197.345,,1625.683,,False,,,,
173,P00244,41,111,Garbage Accumulation,Water Leakage,Waste has been dumped near the road.,A water pipeline appears to be leaking.,146.061,,665.4,,False,,,,
174,P00256,303,447,Pothole,Other,Deep pothole noticed on the road.,An issue with public infrastructure has been noticed.,203.306,,559.667,,False,,,,
175,P00257,303,13,Pothole,Blocked Drain,Deep pothole noticed on the road.,Waste has blocked the drainage system.,267.554,,681.8,,False,,,,
176,P00261,487,198,Pothole,Waterlogging,Large pothole causing difficulty for vehicles.,Standing water is causing difficulty for commuters.,42.187,,22.317,,False,,,,
177,P00272,198,74,Waterlogging,Water Leakage,Standing water is causing difficulty for commuters.,Water leakage is observed near the road.,181.528,,917.133,,False,,,,
178,P00283,264,230,Garbage Accumulation,Streetlight,Waste has been dumped near the road.,Streetlight is not working at night.,224.306,,704.9,,False,,,,
179,P00294,307,154,Garbage Accumulation,Road Damage,Garbage has accumulated near the roadside.,Road surface is damaged and needs repair.,293.292,,1641.9,,False,,,,
180,P00298,122,387,Water Leakage,Garbage Accumulation,A water pipeline appears to be leaking.,Waste has been dumped near the road.,242.321,,610.55,,False,,,,
181,P00310,411,163,Pothole,Streetlight,Large pothole causing difficulty for vehicles.,Streetlight is not working at night.,217.265,,1899.55,,False,,,,
182,P00322,461,380,Pothole,Streetlight,Pothole is creating a safety problem for commuters.,Streetlight is not working at night.,138.174,,1013.017,,False,,,,
183,P00332,310,400,Garbage Accumulation,Streetlight,Waste has been dumped near the road.,Streetlight is not working at night.,221.903,,1401.883,,False,,,,
184,P00336,49,481,Streetlight,Pothole,Streetlight requires repair.,Pothole is creating a safety problem for commuters.,236.288,,1166.367,,False,,,,
185,P00343,383,59,Streetlight,Waterlogging,Streetlight is not functioning.,Standing water is causing difficulty for commuters.,157.914,,744.617,,False,,,,
186,P00357,416,444,Pothole,Garbage Accumulation,Pothole is creating a safety problem for commuters.,Waste has been dumped near the road.,111.668,,1430.767,,False,,,,
187,P00359,114,174,Blocked Drain,Streetlight,Waste has blocked the drainage system.,Streetlight is not functioning.,232.442,,160.117,,False,,,,
188,P00370,447,218,Other,Waterlogging,An issue with public infrastructure has been noticed.,Standing water is causing difficulty for commuters.,268.217,,758.833,,False,,,,
189,P00372,447,2,Other,Pothole,An issue with public infrastructure has been noticed.,Pothole is creating a safety problem for commuters.,68.353,,936.133,,False,,,,
190,P00390,111,65,Water Leakage,Pothole,A water pipeline appears to be leaking.,Deep pothole noticed on the road.,252.627,,225.7,,False,,,,
191,P00396,210,375,Streetlight,Other,Streetlight is not functioning.,A municipal service-related issue has been reported.,242.257,,1622.033,,False,,,,
192,P00399,359,119,Blocked Drain,Streetlight,Waste has blocked the drainage system.,Streetlight is not functioning.,229.034,,727.467,,False,,,,
193,P00410,268,422,Streetlight,Waterlogging,Streetlight is not functioning.,Rainwater has accumulated on the road.,273.742,,537.7,,False,,,,
194,P00413,492,257,Water Leakage,Road Damage,A water pipeline appears to be leaking.,Damaged portion of road requires maintenance.,147.343,,447.033,,False,,,,
195,P00425,308,385,Road Damage,Waterlogging,Road surface is damaged and needs repair.,Standing water is causing difficulty for commuters.,266.947,,165.317,,False,,,,
196,P00435,402,269,Waterlogging,Other,Water is accumulated in the area.,An issue with public infrastructure has been noticed.,168.047,,1906.783,,False,,,,
197,P00442,85,437,Streetlight,Waterlogging,Streetlight is not functioning.,Water is accumulated in the area.,40.041,,81.267,,False,,,,
198,P00443,85,431,Streetlight,Blocked Drain,Streetlight is not functioning.,Waste has blocked the drainage system.,148.672,,1082.217,,False,,,,
199,P00454,439,139,Water Leakage,Other,Water is leaking from a pipeline.,A municipal service-related issue has been reported.,129.176,,20.85,,False,,,,
200,P00459,354,330,Streetlight,Waterlogging,Streetlight is not functioning.,Standing water is causing difficulty for commuters.,80.13,,581.15,,False,,,,
201,P00461,354,91,Streetlight,Waterlogging,Streetlight is not functioning.,Water is accumulated in the area.,233.347,,1702.883,,False,,,,
202,P00463,235,493,Other,Garbage Accumulation,A municipal issue has been reported.,Waste has been dumped near the road.,284.009,,603.567,,False,,,,
203,P00467,235,320,Other,Road Damage,A municipal issue has been reported.,Road has cracks and damaged portions.,104.477,,1719.85,,False,,,,
204,P00477,437,431,Waterlogging,Blocked Drain,Water is accumulated in the area.,Waste has blocked the drainage system.,165.113,,1000.95,,False,,,,
205,P00480,157,173,Streetlight,Road Damage,Streetlight is not functioning.,Damaged portion of road requires maintenance.,248.435,,1686.733,,False,,,,
206,P00489,16,110,Water Leakage,Pothole,A water pipeline appears to be leaking.,Large pothole causing difficulty for vehicles.,271.257,,984.4,,False,,,,
207,P00496,385,19,Waterlogging,Blocked Drain,Standing water is causing difficulty for commuters.,Waste has blocked the drainage system.,130.206,,81.7,,False,,,,
208,P00510,166,10,Streetlight,Road Damage,Streetlight is not working at night.,Damaged portion of road requires maintenance.,249.679,,1149.367,,False,,,,
209,P00513,486,356,Pothole,Other,Deep pothole noticed on the road.,An issue with public infrastructure has been noticed.,64.756,,1748.517,,False,,,,
210,P00515,74,101,Water Leakage,Other,Water leakage is observed near the road.,A municipal issue has been reported.,219.399,,1503.65,,False,,,,
211,P00522,280,12,Waterlogging,Blocked Drain,Standing water is causing difficulty for commuters.,Drain requires cleaning and maintenance.,88.584,,1447.05,,False,,,,
212,P00523,435,313,Water Leakage,Road Damage,A water pipeline appears to be leaking.,Damaged portion of road requires maintenance.,129.475,,460.483,,False,,,,
213,P00524,435,428,Water Leakage,Garbage Accumulation,A water pipeline appears to be leaking.,Waste has been dumped near the road.,148.546,,944.483,,False,,,,
214,P00533,480,392,Pothole,Water Leakage,Large pothole causing difficulty for vehicles.,A water pipeline appears to be leaking.,68.361,,1872.217,,False,,,,
215,P00535,66,311,Water Leakage,Blocked Drain,Water leakage is observed near the road.,Drain requires cleaning and maintenance.,51.563,,343.067,,False,,,,
216,P00539,63,27,Waterlogging,Pothole,Standing water is causing difficulty for commuters.,Large pothole causing difficulty for vehicles.,293.078,,1494.85,,False,,,,
217,P00542,59,183,Waterlogging,Water Leakage,Standing water is causing difficulty for commuters.,Water leakage is observed near the road.,242.364,,8.583,,False,,,,
218,P00555,414,412,Waterlogging,Water Leakage,Rainwater has accumulated on the road.,A water pipeline appears to be leaking.,294.894,,1263.8,,False,,,,
219,P00557,414,100,Waterlogging,Streetlight,Rainwater has accumulated on the road.,Streetlight requires repair.,219.848,,2094.467,,False,,,,
220,P00565,216,490,Road Damage,Blocked Drain,Road has cracks and damaged portions.,Waste has blocked the drainage system.,178.454,,956.167,,False,,,,
221,P00569,257,371,Road Damage,Waterlogging,Damaged portion of road requires maintenance.,Water is accumulated in the area.,132.131,,1610.833,,False,,,,
222,P00572,458,448,Road Damage,Garbage Accumulation,Damaged portion of road requires maintenance.,Waste has been dumped near the road.,120.033,,1702.967,,False,,,,
223,P00573,5,298,Streetlight,Pothole,Streetlight is not functioning.,Large pothole causing difficulty for vehicles.,298.135,,1474.333,,False,,,,
224,P00574,5,201,Streetlight,Water Leakage,Streetlight is not functioning.,Water is leaking from a pipeline.,130.266,,1620.167,,False,,,,
225,P00576,315,47,Blocked Drain,Water Leakage,Drain requires cleaning and maintenance.,Water leakage is observed near the road.,247.573,,1128.35,,False,,,,
226,P00579,346,163,Road Damage,Streetlight,Road has cracks and damaged portions.,Streetlight is not working at night.,281.46,,837.183,,False,,,,
227,P00588,222,398,Streetlight,Other,Streetlight requires repair.,A municipal service-related issue has been reported.,293.178,,1717.583,,False,,,,
228,P00590,258,87,Blocked Drain,Pothole,Drain is blocked and water is not flowing.,Large pothole causing difficulty for vehicles.,156.481,,1340.5,,False,,,,
229,P00604,305,67,Pothole,Water Leakage,Large pothole causing difficulty for vehicles.,Water is leaking from a pipeline.,174.36,,906.85,,False,,,,
230,P00612,11,352,Road Damage,Streetlight,Damaged portion of road requires maintenance.,Streetlight is not working at night.,87.509,,771.1,,False,,,,
231,P00623,218,2,Waterlogging,Pothole,Standing water is causing difficulty for commuters.,Pothole is creating a safety problem for commuters.,239.58,,177.3,,False,,,,
232,P00633,323,14,Other,Road Damage,A municipal issue has been reported.,Damaged portion of road requires maintenance.,262.685,,1990.05,,False,,,,
233,P00642,119,462,Streetlight,Blocked Drain,Streetlight is not functioning.,Waste has blocked the drainage system.,248.325,,474.417,,False,,,,
234,P00643,119,162,Streetlight,Other,Streetlight is not functioning.,An issue with public infrastructure has been noticed.,120.064,,489.217,,False,,,,
235,P00645,119,92,Streetlight,Road Damage,Streetlight is not functioning.,Road has cracks and damaged portions.,260.879,,631.183,,False,,,,
236,P00648,330,204,Waterlogging,Streetlight,Standing water is causing difficulty for commuters.,Streetlight requires repair.,278.427,,190.05,,False,,,,
237,P00659,287,332,Garbage Accumulation,Other,Garbage has accumulated near the roadside.,A municipal issue has been reported.,127.651,,283.45,,False,,,,
238,P00663,287,390,Garbage Accumulation,Streetlight,Garbage has accumulated near the roadside.,Streetlight requires repair.,163.141,,1954.667,,False,,,,
239,P00666,364,38,Water Leakage,Garbage Accumulation,Water is leaking from a pipeline.,Waste has been dumped near the road.,252.472,,2093.65,,False,,,,
240,P00667,335,195,Pothole,Garbage Accumulation,Large pothole causing difficulty for vehicles.,Waste has been dumped near the road.,291.393,,1207.633,,False,,,,
241,P00675,410,12,Road Damage,Blocked Drain,Road surface is damaged and needs repair.,Drain requires cleaning and maintenance.,209.776,,968.75,,False,,,,
242,P00681,481,100,Pothole,Streetlight,Pothole is creating a safety problem for commuters.,Streetlight requires repair.,252.095,,1729.55,,False,,,,
243,P00691,473,98,Water Leakage,Garbage Accumulation,Water is leaking from a pipeline.,Garbage has accumulated near the roadside.,283.857,,1969.533,,False,,,,
244,P00702,34,265,Road Damage,Garbage Accumulation,Road surface is damaged and needs repair.,Garbage has not been collected from the area.,82.195,,1837.117,,False,,,,
245,P00705,205,358,Pothole,Waterlogging,Deep pothole noticed on the road.,Water is accumulated in the area.,283.737,,404.767,,False,,,,
246,P00707,205,82,Pothole,Waterlogging,Deep pothole noticed on the road.,Standing water is causing difficulty for commuters.,281.359,,1285.6,,False,,,,
247,P00710,459,299,Streetlight,Other,Streetlight is not working at night.,An issue with public infrastructure has been noticed.,270.408,,1053.067,,False,,,,
248,P00717,454,84,Streetlight,Pothole,Streetlight is not functioning.,Pothole is creating a safety problem for commuters.,66.343,,1226.2,,False,,,,
249,P00719,322,88,Streetlight,Blocked Drain,Streetlight is not working at night.,Drain requires cleaning and maintenance.,139.604,,969.517,,False,,,,
250,P00722,300,470,Water Leakage,Streetlight,A water pipeline appears to be leaking.,Streetlight is not working at night.,158.063,,970.267,,False,,,,
251,P00731,408,299,Pothole,Other,Pothole is creating a safety problem for commuters.,An issue with public infrastructure has been noticed.,215.353,,947.8,,False,,,,
252,P00737,382,87,Garbage Accumulation,Pothole,Garbage has not been collected from the area.,Large pothole causing difficulty for vehicles.,200.493,,895.9,,False,,,,
253,P00740,211,365,Waterlogging,Pothole,Rainwater has accumulated on the road.,Large pothole causing difficulty for vehicles.,255.273,,1370.7,,False,,,,
254,P00746,154,12,Road Damage,Blocked Drain,Road surface is damaged and needs repair.,Drain requires cleaning and maintenance.,272.454,,662.483,,False,,,,
255,P00748,349,262,Pothole,Blocked Drain,Deep pothole noticed on the road.,Drain requires cleaning and maintenance.,271.962,,1154.867,,False,,,,
256,P00753,497,110,Streetlight,Pothole,Streetlight requires repair.,Large pothole causing difficulty for vehicles.,281.553,,66.767,,False,,,,
257,P00757,162,110,Other,Pothole,An issue with public infrastructure has been noticed.,Large pothole causing difficulty for vehicles.,53.863,,26.417,,False,,,,
258,P00760,145,67,Streetlight,Water Leakage,Streetlight is not functioning.,Water is leaking from a pipeline.,243.121,,311.2,,False,,,,
259,P00761,145,252,Streetlight,Pothole,Streetlight is not functioning.,Pothole is creating a safety problem for commuters.,241.269,,512.533,,False,,,,
260,P00767,428,113,Garbage Accumulation,Blocked Drain,Waste has been dumped near the road.,Waste has blocked the drainage system.,206.732,,805.667,,False,,,,
261,P00771,337,419,Blocked Drain,Garbage Accumulation,Waste has blocked the drainage system.,Garbage has not been collected from the area.,162.573,,284.9,,False,,,,
262,P00782,457,98,Road Damage,Garbage Accumulation,Road surface is damaged and needs repair.,Garbage has accumulated near the roadside.,203.936,,1469.067,,False,,,,
263,P00785,443,188,Garbage Accumulation,Water Leakage,Garbage has not been collected from the area.,Water is leaking from a pipeline.,275.944,,557.217,,False,,,,
264,P00788,379,125,Water Leakage,Streetlight,Water leakage is observed near the road.,Streetlight requires repair.,182.297,,25.917,,False,,,,
265,P00789,379,24,Water Leakage,Other,Water leakage is observed near the road.,A municipal service-related issue has been reported.,267.033,,102.833,,False,,,,
266,P00795,333,149,Other,Garbage Accumulation,An issue with public infrastructure has been noticed.,Garbage has not been collected from the area.,101.789,,1108.967,,False,,,,
267,P00803,163,17,Streetlight,Garbage Accumulation,Streetlight is not working at night.,Waste has been dumped near the road.,198.266,,1332.883,,False,,,,
268,P00812,490,386,Blocked Drain,Other,Waste has blocked the drainage system.,A municipal issue has been reported.,296.748,,183.133,,False,,,,
269,P00817,243,140,Pothole,Streetlight,Pothole is creating a safety problem for commuters.,Streetlight is not functioning.,87.891,,980.483,,False,,,,
270,P00818,297,227,Streetlight,Garbage Accumulation,Streetlight requires repair.,Garbage has accumulated near the roadside.,291.387,,1324.05,,False,,,,
271,P00819,67,244,Water Leakage,Streetlight,Water is leaking from a pipeline.,Streetlight requires repair.,199.029,,614.133,,False,,,,
272,P00823,150,84,Streetlight,Pothole,Streetlight is not functioning.,Pothole is creating a safety problem for commuters.,146.891,,617.45,,False,,,,
273,P00825,419,27,Garbage Accumulation,Pothole,Garbage has not been collected from the area.,Large pothole causing difficulty for vehicles.,84.224,,344.883,,False,,,,
274,P00831,375,61,Other,Road Damage,A municipal service-related issue has been reported.,Damaged portion of road requires maintenance.,281.387,,1070.433,,False,,,,
275,P00845,21,262,Other,Blocked Drain,A municipal service-related issue has been reported.,Drain requires cleaning and maintenance.,138.44,,581.3,,False,,,,
276,P00853,465,173,Other,Road Damage,An issue with public infrastructure has been noticed.,Damaged portion of road requires maintenance.,283.746,,111.65,,False,,,,
277,P00855,180,76,Blocked Drain,Pothole,Waste has blocked the drainage system.,Pothole is creating a safety problem for commuters.,181.056,,845.483,,False,,,,
278,P00859,248,121,Other,Blocked Drain,An issue with public infrastructure has been noticed.,Drain requires cleaning and maintenance.,46.374,,24.133,,False,,,,
279,P00865,42,121,Pothole,Blocked Drain,Large pothole causing difficulty for vehicles.,Drain requires cleaning and maintenance.,290.237,,23.883,,False,,,,
280,P00883,56,189,Road Damage,Other,Damaged portion of road requires maintenance.,A municipal service-related issue has been reported.,270.999,,783.983,,False,,,,
281,P00894,143,72,Garbage Accumulation,Waterlogging,Waste has been dumped near the road.,Standing water is causing difficulty for commuters.,174.972,,19.233,,False,,,,
282,P00898,372,265,Streetlight,Garbage Accumulation,Streetlight requires repair.,Garbage has not been collected from the area.,249.802,,753.2,,False,,,,
283,P00899,72,433,Waterlogging,Other,Standing water is causing difficulty for commuters.,A municipal issue has been reported.,115.731,,62.183,,False,,,,
284,P00903,299,389,Other,Waterlogging,An issue with public infrastructure has been noticed.,Rainwater has accumulated on the road.,203.965,,295.783,,False,,,,
285,P00905,208,118,Waterlogging,Garbage Accumulation,Water is accumulated in the area.,Waste has been dumped near the road.,236.29,,289.067,,False,,,,
286,P00908,424,178,Pothole,Streetlight,Pothole is creating a safety problem for commuters.,Streetlight is not working at night.,257.818,,251.867,,False,,,,
287,P00910,53,378,Road Damage,Blocked Drain,Road surface is damaged and needs repair.,Waste has blocked the drainage system.,155.104,,237.0,,False,,,,
288,P00912,53,234,Road Damage,Water Leakage,Road surface is damaged and needs repair.,Water leakage is observed near the road.,278.724,,489.583,,False,,,,
289,P00914,113,199,Blocked Drain,Streetlight,Waste has blocked the drainage system.,Streetlight requires repair.,272.866,,88.75,,False,,,,
290,P00915,43,365,Waterlogging,Pothole,Standing water is causing difficulty for commuters.,Large pothole causing difficulty for vehicles.,286.999,,318.75,,False,,,,
291,P00917,80,62,Road Damage,Waterlogging,Road surface is damaged and needs repair.,Water is accumulated in the area.,70.235,,684.75,,False,,,,
292,P00934,233,149,Blocked Drain,Garbage Accumulation,Drain is blocked and water is not flowing.,Garbage has not been collected from the area.,213.527,,292.633,,False,,,,
293,P00937,176,345,Other,Road Damage,A municipal service-related issue has been reported.,Damaged portion of road requires maintenance.,213.563,,145.683,,False,,,,
294,P00938,144,112,Other,Blocked Drain,An issue with public infrastructure has been noticed.,Drain requires cleaning and maintenance.,233.932,,362.55,,False,,,,
295,P00940,378,131,Blocked Drain,Road Damage,Waste has blocked the drainage system.,Road surface is damaged and needs repair.,190.02,,325.733,,False,,,,
296,P00943,178,149,Streetlight,Garbage Accumulation,Streetlight is not working at night.,Garbage has not been collected from the area.,243.096,,202.583,,False,,,,
297,P00946,398,98,Other,Garbage Accumulation,A municipal service-related issue has been reported.,Garbage has accumulated near the roadside.,169.363,,495.017,,False,,,,
298,P00953,306,390,Waterlogging,Streetlight,Rainwater has accumulated on the road.,Streetlight requires repair.,235.09,,283.867,,False,,,,
299,P00958,234,131,Water Leakage,Road Damage,Water leakage is observed near the road.,Road surface is damaged and needs repair.,203.616,,73.15,,False,,,,
300,P00963,499,390,Water Leakage,Streetlight,Water leakage is observed near the road.,Streetlight requires repair.,206.869,,45.65,,False,,,,
