pair_id,complaint_id_1,complaint_id_2,text_similarity,distance_meters,distance_score,time_difference_hours,recency_score,duplicate_score,decision,decision_source,review_required,submitted_at_1,submitted_at_2
ENG0001,260,33,0.49791330099105835,204.074,0.31975333333333333,7.95,0.9526785714285715,0.5077578345032646,NOT_DUPLICATE,AI,False,2026-03-27 07:16:22+00:00,2026-04-08 15:05:22+00:00
ENG0002,260,263,0.24646255373954773,282.204,0.05931999999999993,66.133,0.6063511904761905,0.2450229066653024,NOT_DUPLICATE,AI,False,2026-03-27 07:16:22+00:00,2026-04-26 23:46:22+00:00
ENG0003,33,251,0.24786324799060822,118.179,0.60607,165.4,0.015476190476190421,0.29626589264104475,NOT_DUPLICATE,AI,False,2026-04-08 15:05:22+00:00,2026-07-14 18:57:22+00:00
ENG0004,120,468,0.24405550956726074,86.781,0.71073,121.483,0.2768869047619047,0.34067354717327303,NOT_DUPLICATE,AI,False,2026-04-13 20:06:22+00:00,2026-07-05 10:07:22+00:00
ENG0005,89,271,0.10570879280567169,163.508,0.45497333333333334,119.517,0.28858928571428577,0.1938497502020654,NOT_DUPLICATE,AI,False,2026-08-24 03:32:22+00:00,2026-09-15 21:51:22+00:00
ENG0006,105,336,0.09963084012269974,289.825,0.033916666666666706,24.333,0.8551607142857143,0.16204099284779458,NOT_DUPLICATE,AI,False,2026-08-22 04:21:22+00:00,2026-04-23 06:42:22+00:00
ENG0007,128,126,0.23467034101486206,241.553,0.19482333333333335,17.5,0.8958333333333334,0.29281723871040344,NOT_DUPLICATE,AI,False,2026-08-14 23:50:22+00:00,2026-05-09 13:17:22+00:00
ENG0008,35,116,1.0,186.466,0.3784466666666666,142.8,0.1499999999999999,0.7906893333333332,DUPLICATE,AI,False,2026-09-02 20:44:22+00:00,2026-05-02 17:07:22+00:00
ENG0009,338,116,0.6509114503860474,233.079,0.22307,112.7,0.3291666666666666,0.5331686819368998,NOT_DUPLICATE,AI,False,2026-07-10 06:59:22+00:00,2026-05-02 17:07:22+00:00
ENG0010,338,500,0.35816681385040283,299.024,0.0032533333333333303,154.75,0.07886904761904767,0.2592543411238534,NOT_DUPLICATE,AI,False,2026-07-10 06:59:22+00:00,2026-08-02 23:05:22+00:00
ENG0011,116,500,0.41112929582595825,93.858,0.68714,42.05,0.749702380952381,0.5001887451734088,NOT_DUPLICATE,AI,False,2026-05-02 17:07:22+00:00,2026-08-02 23:05:22+00:00
ENG0012,328,219,0.32882869243621826,219.037,0.26987666666666665,18.917,0.8873988095238096,0.37289529899106705,NOT_DUPLICATE,AI,False,2026-08-03 10:15:22+00:00,2026-09-21 17:46:22+00:00
ENG0013,94,407,0.5961466431617737,289.575,0.03475000000000006,26.7,0.8410714285714286,0.5083597930703844,NOT_DUPLICATE,AI,False,2026-04-14 23:51:22+00:00,2026-08-26 06:32:22+00:00
ENG0014,28,172,0.12054254859685898,254.771,0.15076333333333336,122.167,0.2728154761904762,0.14181399830351557,NOT_DUPLICATE,AI,False,2026-05-22 05:45:22+00:00,2026-04-17 03:34:22+00:00
ENG0015,147,483,0.1522977650165558,90.719,0.6976033333333334,16.5,0.9017857142857143,0.3363076736068272,NOT_DUPLICATE,AI,False,2026-04-21 16:00:22+00:00,2026-08-27 03:25:22+00:00
ENG0016,215,405,0.2314440906047821,200.158,0.3328066666666667,14.367,0.9144821428571428,0.3200204110423951,NOT_DUPLICATE,AI,False,2026-07-08 04:01:22+00:00,2026-08-12 12:18:22+00:00
ENG0017,282,340,0.12054254859685898,173.029,0.4232366666666667,81.083,0.5173630952380952,0.22076342687494416,NOT_DUPLICATE,AI,False,2026-09-13 01:21:22+00:00,2026-05-15 09:17:22+00:00
ENG0018,415,327,0.5961466431617737,235.059,0.21647000000000005,75.65,0.5497023809523809,0.5155668883084796,NOT_DUPLICATE,AI,False,2026-05-16 21:46:22+00:00,2026-08-18 13:27:22+00:00
ENG0019,255,203,0.22443026304244995,87.261,0.70913,102.15,0.39196428571428565,0.33812361270114355,NOT_DUPLICATE,AI,False,2026-08-25 18:43:22+00:00,2026-08-26 21:23:22+00:00
ENG0020,487,198,0.3280840516090393,42.187,0.8593766666666667,22.317,0.8671607142857143,0.4882502408882323,NOT_DUPLICATE,AI,False,2026-09-15 06:50:22+00:00,2026-05-29 19:09:22+00:00
ENG0021,487,434,0.13104304671287537,283.802,0.05399333333333323,40.283,0.7602202380952381,0.1785508231752032,NOT_DUPLICATE,AI,False,2026-09-15 06:50:22+00:00,2026-05-28 02:27:22+00:00
ENG0022,409,434,0.13119807839393616,296.423,0.011923333333333286,32.383,0.8072440476190477,0.17494772630432676,NOT_DUPLICATE,AI,False,2026-04-07 15:11:22+00:00,2026-05-28 02:27:22+00:00
ENG0023,81,93,0.2669629156589508,227.74,0.24086666666666667,110.283,0.34355357142857146,0.2694027314374561,NOT_DUPLICATE,AI,False,2026-09-09 01:51:22+00:00,2026-06-23 10:26:22+00:00
ENG0024,198,434,0.17000767588615417,255.631,0.14789666666666668,17.967,0.8930535714285714,0.2378900635964984,NOT_DUPLICATE,AI,False,2026-05-29 19:09:22+00:00,2026-05-28 02:27:22+00:00
ENG0025,264,307,0.3507148325443268,279.338,0.06887333333333323,41.6,0.7523809523809524,0.33451314468579063,NOT_DUPLICATE,AI,False,2026-06-25 19:45:22+00:00,2026-08-21 08:04:22+00:00
ENG0026,54,26,0.4252471327781677,283.744,0.054186666666666605,138.717,0.17430357142857134,0.3259406834209078,NOT_DUPLICATE,AI,False,2026-05-27 12:30:22+00:00,2026-07-01 11:19:22+00:00
ENG0027,395,417,0.04413056746125221,288.094,0.03968666666666665,159.967,0.0478154761904761,0.043610278175257484,NOT_DUPLICATE,AI,False,2026-04-04 02:48:22+00:00,2026-05-01 07:45:22+00:00
ENG0028,114,174,0.1663396656513214,232.442,0.22519333333333336,160.117,0.046922619047619074,0.16616869452735356,NOT_DUPLICATE,AI,False,2026-07-21 17:39:22+00:00,2026-05-13 21:20:22+00:00
ENG0029,455,181,0.12054254859685898,249.53,0.16823333333333335,51.617,0.6927559523809523,0.18730204592256317,NOT_DUPLICATE,AI,False,2026-08-23 19:48:22+00:00,2026-07-06 02:55:22+00:00
ENG0030,123,492,0.3844941556453705,119.293,0.6023566666666667,123.25,0.26636904761904767,0.4162541470469974,NOT_DUPLICATE,AI,False,2026-06-19 12:56:22+00:00,2026-06-07 19:23:22+00:00
ENG0031,13,97,0.12991338968276978,257.996,0.14001333333333343,75.917,0.5481130952380953,0.17375334896841504,NOT_DUPLICATE,AI,False,2026-05-04 11:02:22+00:00,2026-04-02 21:46:22+00:00
ENG0032,36,369,0.03584040701389313,106.478,0.6450733333333334,41.6,0.7523809523809524,0.2293410468144871,NOT_DUPLICATE,AI,False,2026-06-23 02:23:22+00:00,2026-06-22 18:20:22+00:00
ENG0033,387,207,0.5490026473999023,279.967,0.0667766666666667,90.717,0.46001785714285715,0.44365897222755063,NOT_DUPLICATE,AI,False,2026-06-11 01:59:22+00:00,2026-07-12 08:43:22+00:00
ENG0034,308,385,0.24786324799060822,266.947,0.1101766666666667,165.317,0.01597023809523801,0.1971366307362829,NOT_DUPLICATE,AI,False,2026-04-14 21:01:22+00:00,2026-05-28 00:09:22+00:00
ENG0035,141,259,0.18535369634628296,266.888,0.11037333333333343,146.283,0.12926785714285727,0.16474903982335048,NOT_DUPLICATE,AI,False,2026-09-10 20:44:22+00:00,2026-04-25 03:42:22+00:00
ENG0036,141,77,0.43971601128578186,255.69,0.14770000000000005,159.167,0.05257738095238096,0.3425989459952854,NOT_DUPLICATE,AI,False,2026-09-10 20:44:22+00:00,2026-06-01 14:46:22+00:00
ENG0037,85,437,0.3134852647781372,40.041,0.86653,81.267,0.5162678571428572,0.4443724710589817,NOT_DUPLICATE,AI,False,2026-08-03 19:06:22+00:00,2026-07-17 16:45:22+00:00
ENG0038,439,139,0.25836026668548584,129.176,0.5694133333333333,20.85,0.8758928571428571,0.38232413906079243,NOT_DUPLICATE,AI,False,2026-05-22 08:18:22+00:00,2026-05-03 11:06:22+00:00
ENG0039,294,280,0.18151283264160156,223.702,0.2543266666666667,130.75,0.22172619047619047,0.2000969352300735,NOT_DUPLICATE,AI,False,2026-03-26 15:46:22+00:00,2026-09-13 23:16:22+00:00
ENG0040,106,435,0.11756092309951782,237.634,0.20788666666666666,76.85,0.5425595238095238,0.17812593188394818,NOT_DUPLICATE,AI,False,2026-05-04 12:51:22+00:00,2026-04-11 11:09:22+00:00
ENG0041,385,19,0.20390799641609192,130.206,0.56598,81.7,0.5136904761904761,0.30730064511031197,NOT_DUPLICATE,AI,False,2026-05-28 00:09:22+00:00,2026-08-14 21:35:22+00:00
ENG0042,59,183,0.35816681385040283,242.364,0.19211999999999996,8.583,0.9489107142857143,0.3840318411238534,NOT_DUPLICATE,AI,False,2026-05-09 06:57:22+00:00,2026-06-23 17:40:22+00:00
ENG0043,414,422,0.22063907980918884,235.191,0.21602999999999994,154.4,0.08095238095238089,0.20574859396167028,NOT_DUPLICATE,AI,False,2026-06-18 12:39:22+00:00,2026-08-10 03:33:22+00:00
ENG0044,458,309,0.214338481426239,245.115,0.18294999999999995,108.317,0.3552559523809524,0.22215253223646253,NOT_DUPLICATE,AI,False,2026-08-24 17:37:22+00:00,2026-04-02 19:25:22+00:00
ENG0045,315,209,0.23329511284828186,163.648,0.4545066666666667,46.817,0.721327380952381,0.32634065042236876,NOT_DUPLICATE,AI,False,2026-04-09 07:40:22+00:00,2026-05-23 23:11:22+00:00
ENG0046,380,286,0.24032825231552124,245.503,0.1816566666666667,97.65,0.41874999999999996,0.24643610995419818,NOT_DUPLICATE,AI,False,2026-07-05 22:52:22+00:00,2026-07-09 16:04:22+00:00
ENG0047,422,474,0.10052908211946487,182.691,0.39103,154.45,0.08065476190476195,0.15664183367410162,NOT_DUPLICATE,AI,False,2026-08-10 03:33:22+00:00,2026-04-24 03:10:22+00:00
ENG0048,223,83,0.24558503925800323,214.018,0.2866066666666667,73.85,0.5604166666666667,0.2852725274806023,NOT_DUPLICATE,AI,False,2026-04-25 16:33:22+00:00,2026-05-08 09:51:22+00:00
ENG0049,413,335,0.07766715437173843,150.639,0.4978699999999999,157.4,0.0630952380952381,0.16025053186974073,NOT_DUPLICATE,AI,False,2026-05-08 11:35:22+00:00,2026-05-04 17:11:22+00:00
ENG0050,245,25,0.13595014810562134,236.743,0.2108566666666667,65.333,0.6111130952380952,0.1984477465310778,NOT_DUPLICATE,AI,False,2026-05-10 11:39:22+00:00,2026-03-30 05:52:22+00:00
ENG0051,218,323,0.3134852647781372,295.816,0.013946666666666774,19.617,0.8832321428571428,0.3105522329637437,NOT_DUPLICATE,AI,False,2026-08-22 04:46:22+00:00,2026-09-04 13:13:22+00:00
ENG0052,218,119,0.14995108544826508,44.446,0.8518466666666666,56.833,0.6617083333333333,0.34150592648045225,NOT_DUPLICATE,AI,False,2026-08-22 04:46:22+00:00,2026-05-17 09:10:22+00:00
ENG0053,277,79,0.15067580342292786,275.768,0.08077333333333347,165.45,0.015178571428571486,0.12314558620557334,NOT_DUPLICATE,AI,False,2026-04-19 17:20:22+00:00,2026-09-15 19:03:22+00:00
ENG0054,119,2,0.22972512245178223,265.067,0.11644333333333334,120.467,0.2829345238095238,0.2123897047638666,NOT_DUPLICATE,AI,False,2026-05-17 09:10:22+00:00,2026-07-06 11:41:22+00:00
ENG0055,474,481,0.4512651562690735,160.477,0.4650766666666667,56.067,0.6662678571428571,0.47552772843597046,NOT_DUPLICATE,AI,False,2026-04-24 03:10:22+00:00,2026-05-04 23:46:22+00:00
ENG0056,79,454,0.4512651562690735,113.749,0.6208366666666667,101.5,0.39583333333333337,0.47963627605501813,NOT_DUPLICATE,AI,False,2026-09-15 19:03:22+00:00,2026-08-16 06:45:22+00:00
ENG0057,205,300,0.2725270986557007,28.718,0.9042733333333334,55.067,0.6722202380952381,0.43884565953518095,NOT_DUPLICATE,AI,False,2026-08-01 14:39:22+00:00,2026-09-10 19:26:22+00:00
ENG0058,349,90,0.1613493263721466,265.156,0.11614666666666662,156.117,0.07073214285714291,0.14324707607955023,NOT_DUPLICATE,AI,False,2026-07-10 04:01:22+00:00,2026-04-26 21:20:22+00:00
ENG0059,497,462,0.7584357857704163,191.194,0.3626866666666667,25.55,0.8479166666666667,0.6882340500392914,DUPLICATE,AI,False,2026-06-23 07:55:22+00:00,2026-06-11 00:02:22+00:00
ENG0060,497,162,0.09889812767505646,232.983,0.22338999999999998,40.35,0.7598214285714285,0.18988883222968236,NOT_DUPLICATE,AI,False,2026-06-23 07:55:22+00:00,2026-05-02 05:27:22+00:00
ENG0061,497,110,0.10495119541883469,281.553,0.061490000000000045,66.767,0.602577380952381,0.14602157488842238,NOT_DUPLICATE,AI,False,2026-06-23 07:55:22+00:00,2026-06-23 06:35:22+00:00
ENG0062,462,162,0.14995108544826508,145.012,0.5166266666666667,14.8,0.9119047619047619,0.29948156933759507,NOT_DUPLICATE,AI,False,2026-06-11 00:02:22+00:00,2026-05-02 05:27:22+00:00
ENG0063,462,110,0.10729119926691055,160.438,0.46520666666666666,41.217,0.7546607142857142,0.24361124424874214,NOT_DUPLICATE,AI,False,2026-06-11 00:02:22+00:00,2026-06-23 06:35:22+00:00
ENG0064,462,92,0.22868166863918304,254.553,0.15149,156.767,0.0668630952380953,0.19706147757123763,NOT_DUPLICATE,AI,False,2026-06-11 00:02:22+00:00,2026-07-27 03:04:22+00:00
ENG0065,162,110,0.2538573741912842,53.863,0.8204566666666666,26.417,0.8427559523809524,0.42606709050532754,NOT_DUPLICATE,AI,False,2026-05-02 05:27:22+00:00,2026-06-23 06:35:22+00:00
ENG0066,162,92,0.11174389719963074,180.725,0.3975833333333334,141.967,0.1549583333333333,0.1732332280397415,NOT_DUPLICATE,AI,False,2026-05-02 05:27:22+00:00,2026-07-27 03:04:22+00:00
ENG0067,110,92,0.055108148604631424,127.225,0.5759166666666666,115.55,0.31220238095238095,0.18497927545181342,NOT_DUPLICATE,AI,False,2026-06-23 06:35:22+00:00,2026-07-27 03:04:22+00:00
ENG0068,363,108,0.13119807839393616,193.32,0.3556,106.7,0.3648809523809524,0.19944675011385055,NOT_DUPLICATE,AI,False,2026-05-04 04:30:22+00:00,2026-07-23 11:18:22+00:00
ENG0069,109,379,0.603462815284729,170.55,0.4315,67.2,0.6,0.5687239706993104,UNCERTAIN,AI,True,2026-09-19 18:28:22+00:00,2026-08-03 21:02:22+00:00
ENG0070,379,125,0.08793237060308456,182.297,0.3923433333333334,25.917,0.8457321428571428,0.22459454037454019,NOT_DUPLICATE,AI,False,2026-08-03 21:02:22+00:00,2026-04-11 14:31:22+00:00
ENG0071,379,24,0.27254343032836914,267.033,0.10988999999999993,102.833,0.3878988095238095,0.25154828218223935,NOT_DUPLICATE,AI,False,2026-08-03 21:02:22+00:00,2026-05-29 12:26:22+00:00
ENG0072,352,243,0.5703287124633789,216.696,0.27768000000000004,87.083,0.4816488095238095,0.5029309796767462,NOT_DUPLICATE,AI,False,2026-08-10 01:45:22+00:00,2026-07-06 03:21:22+00:00
ENG0073,261,4,0.1613493263721466,278.786,0.0707133333333333,109.383,0.3489107142857143,0.16197826655574069,NOT_DUPLICATE,AI,False,2026-06-30 18:17:22+00:00,2026-08-13 03:25:22+00:00
ENG0074,52,375,0.138565331697464,259.913,0.13362333333333332,4.417,0.9737083333333333,0.2210912321882248,NOT_DUPLICATE,AI,False,2026-05-04 08:03:22+00:00,2026-07-28 15:51:22+00:00
ENG0075,386,180,0.11756092309951782,141.079,0.5297366666666666,158.0,0.059523809523809534,0.19419236045537677,NOT_DUPLICATE,AI,False,2026-08-29 17:55:22+00:00,2026-08-31 08:00:22+00:00
ENG0076,179,180,0.1789994239807129,264.808,0.11730666666666667,156.35,0.06934523809523818,0.15569545392935616,NOT_DUPLICATE,AI,False,2026-04-14 09:12:22+00:00,2026-08-31 08:00:22+00:00
ENG0077,325,377,0.1613493263721466,194.948,0.35017333333333334,27.683,0.835220238095238,0.2665012189366931,NOT_DUPLICATE,AI,False,2026-03-26 11:13:22+00:00,2026-05-07 09:03:22+00:00
ENG0078,465,173,0.20367440581321716,283.746,0.05418000000000012,111.65,0.3354166666666666,0.18694975073591868,NOT_DUPLICATE,AI,False,2026-08-25 03:38:22+00:00,2026-07-14 00:57:22+00:00
ENG0079,101,58,0.1669907420873642,242.799,0.19067,93.633,0.4426607142857143,0.19929359088972637,NOT_DUPLICATE,AI,False,2026-06-24 22:24:22+00:00,2026-08-06 01:54:22+00:00
ENG0080,248,121,0.1057087779045105,46.374,0.8454200000000001,24.133,0.8563511904761905,0.3287152635807764,NOT_DUPLICATE,AI,False,2026-08-06 11:40:22+00:00,2026-09-08 02:33:22+00:00
ENG0081,248,56,0.14995108544826508,259.601,0.13466333333333336,30.233,0.8200416666666667,0.2139025931471189,NOT_DUPLICATE,AI,False,2026-08-06 11:40:22+00:00,2026-06-22 11:46:22+00:00
ENG0082,42,121,0.4979630708694458,290.237,0.03254333333333326,23.883,0.8578392857142857,0.4408667448467073,NOT_DUPLICATE,AI,False,2026-09-20 11:48:22+00:00,2026-09-08 02:33:22+00:00
ENG0083,121,56,0.3236572742462158,297.745,0.007516666666666616,6.1,0.9636904761904762,0.324432472924732,NOT_DUPLICATE,AI,False,2026-09-08 02:33:22+00:00,2026-06-22 11:46:22+00:00
ENG0084,88,344,0.09448227286338806,170.307,0.4323100000000001,59.483,0.6459345238095238,0.21719304338532402,NOT_DUPLICATE,AI,False,2026-05-26 16:23:22+00:00,2026-07-16 04:09:22+00:00
ENG0085,87,148,0.32699406147003174,273.579,0.08806999999999998,0.033,0.9998035714285715,0.3464902001718793,NOT_DUPLICATE,AI,False,2026-04-21 16:17:22+00:00,2026-06-29 06:44:22+00:00
ENG0086,143,72,0.2307380884885788,174.972,0.41676,19.233,0.8855178571428571,0.33342044765629086,NOT_DUPLICATE,AI,False,2026-07-30 21:29:22+00:00,2026-04-05 03:42:22+00:00
ENG0087,143,433,0.1287660300731659,97.963,0.6734566666666667,81.417,0.5153749999999999,0.2763650543845495,NOT_DUPLICATE,AI,False,2026-07-30 21:29:22+00:00,2026-05-05 03:47:22+00:00
ENG0088,72,433,0.27603286504745483,115.731,0.61423,62.183,0.6298630952380952,0.3790553150570279,NOT_DUPLICATE,AI,False,2026-04-05 03:42:22+00:00,2026-05-05 03:47:22+00:00
ENG0089,299,53,0.30292171239852905,100.966,0.6634466666666667,56.4,0.6642857142857144,0.4111631034408751,NOT_DUPLICATE,AI,False,2026-06-10 02:10:22+00:00,2026-06-19 21:31:22+00:00
ENG0090,356,485,0.1455136090517044,212.141,0.29286333333333336,6.117,0.9635892857142857,0.25679112157428835,NOT_DUPLICATE,AI,False,2026-09-16 10:44:22+00:00,2026-07-03 11:07:22+00:00
ENG0091,113,199,0.18942075967788696,272.866,0.09044666666666668,88.75,0.47172619047619047,0.19785648415547324,NOT_DUPLICATE,AI,False,2026-06-02 18:35:22+00:00,2026-08-21 03:28:22+00:00
ENG0092,397,267,0.13227203488349915,243.738,0.18754000000000004,71.867,0.5722202380952381,0.18732044822797322,NOT_DUPLICATE,AI,False,2026-06-26 12:27:22+00:00,2026-08-01 15:48:22+00:00
ENG0093,318,176,0.5038243532180786,247.512,0.17496,64.683,0.6149821428571428,0.44916726153836933,NOT_DUPLICATE,AI,False,2026-06-03 08:00:22+00:00,2026-04-23 15:40:22+00:00
ENG0094,82,448,0.06537368893623352,264.021,0.11992999999999998,14.817,0.9118035714285714,0.1609279393982206,NOT_DUPLICATE,AI,False,2026-06-16 14:34:22+00:00,2026-07-30 05:09:22+00:00
ENG0095,176,345,0.28722822666168213,213.563,0.2881233333333334,145.683,0.13283928571428572,0.2719683539012727,NOT_DUPLICATE,AI,False,2026-04-23 15:40:22+00:00,2026-06-24 06:45:22+00:00
ENG0096,378,389,0.16811279952526093,203.714,0.3209533333333333,2.383,0.9858154761904762,0.2804511739533969,NOT_DUPLICATE,AI,False,2026-05-22 13:59:22+00:00,2026-07-04 02:04:22+00:00
ENG0097,178,71,0.33176833391189575,252.904,0.15698666666666672,105.683,0.37093452380952374,0.3007286194526127,NOT_DUPLICATE,AI,False,2026-08-31 06:12:22+00:00,2026-04-22 20:57:22+00:00
ENG0098,246,234,0.1722431480884552,236.8,0.21066666666666667,147.033,0.12480357142857146,0.17518389413810911,NOT_DUPLICATE,AI,False,2026-04-19 12:18:22+00:00,2026-06-19 03:09:22+00:00
ENG0099,71,100,0.44374579191207886,260.098,0.1330066666666666,150.233,0.10575595238095237,0.34779898290988376,NOT_DUPLICATE,AI,False,2026-04-22 20:57:22+00:00,2026-05-22 19:37:22+00:00
ENG0100,306,241,0.3255729079246521,121.156,0.5961466666666666,47.0,0.7202380952380952,0.41915417840439934,NOT_DUPLICATE,AI,False,2026-07-12 08:13:22+00:00,2026-09-11 20:40:22+00:00
ENG0101,149,376,0.5703287124633789,64.05,0.7865,39.767,0.7632916666666667,0.6328592653910319,DUPLICATE,AI,False,2026-08-22 22:41:22+00:00,2026-04-22 03:45:22+00:00
ENG0102,234,131,0.3269940912723541,203.616,0.3212799999999999,73.15,0.5645833333333333,0.3496101972239812,NOT_DUPLICATE,AI,False,2026-06-19 03:09:22+00:00,2026-04-18 14:57:22+00:00
ENG0103,129,189,0.23773865401744843,202.586,0.3247133333333333,118.15,0.2967261904761904,0.26103234352649957,NOT_DUPLICATE,AI,False,2026-07-02 11:16:22+00:00,2026-05-23 12:25:22+00:00
ENG0104,129,274,0.24032825231552124,242.662,0.19112666666666667,150.65,0.10327380952380949,0.21678249090657914,NOT_DUPLICATE,AI,False,2026-07-02 11:16:22+00:00,2026-08-21 19:45:22+00:00
ENG0105,189,274,0.45708680152893066,240.016,0.19994666666666672,32.5,0.8065476190476191,0.4406048563083467,NOT_DUPLICATE,AI,False,2026-05-23 12:25:22+00:00,2026-08-21 19:45:22+00:00
ENG0106,403,221,0.17165352404117584,218.006,0.2733133333333333,128.033,0.2378988095238096,0.19861001444787071,NOT_DUPLICATE,AI,False,2026-04-11 06:23:22+00:00,2026-04-17 19:18:22+00:00
ENG0107,499,390,0.8134259581565857,206.869,0.3104366666666667,45.65,0.7282738095238095,0.7043128849953243,DUPLICATE,AI,False,2026-05-04 03:27:22+00:00,2026-05-25 23:23:22+00:00
ENG0108,167,75,0.21004065871238708,201.316,0.3289466666666666,66.167,0.6061488095238095,0.2734326753843852,NOT_DUPLICATE,AI,False,2026-09-18 06:08:22+00:00,2026-07-18 10:25:22+00:00
ENG0109,366,456,0.3576691746711731,181.298,0.3956733333333333,60.633,0.6390892857142857,0.39341201750791643,NOT_DUPLICATE,AI,False,2026-06-25 11:50:22+00:00,2026-07-29 04:30:22+00:00
