cluster_id,cluster_type,work_type,complaint_count,centroid_lat,centroid_lon,max_internal_distance_m,total_service_duration_hours,max_workers_required,required_equipment,priority_max,priority_mean,estimated_cost_total,serviceability_status,serviceability_reason,candidate_source
CL_0001,DBSCAN_REFINED,ELECTRICITY,6,18.707458499999998,73.68643533333334,1667.029,15.0,4.0,Electrical Maintenance Tools,63.89,44.783333,6665.0,PENDING,Serviceability is evaluated in the next Step 13 phase.,CAND_0001
CL_0002,DBSCAN_REFINED,ELECTRICITY,8,18.731038499999997,73.68787387500001,1184.687,19.0,4.0,Electrical Maintenance Tools,55.16,41.9875,8233.0,PENDING,Serviceability is evaluated in the next Step 13 phase.,CAND_0001
CL_0003,DBSCAN_REFINED,ELECTRICITY,6,18.744471,73.697394,1832.281,15.0,4.0,Electrical Maintenance Tools,54.71,40.178333,6511.5,PENDING,Serviceability is evaluated in the next Step 13 phase.,CAND_0001
CL_0004,DBSCAN_REFINED,ELECTRICITY,5,18.7345398,73.69574,810.929,12.0,4.0,Electrical Maintenance Tools,54.32,44.026,5278.5,PENDING,Serviceability is evaluated in the next Step 13 phase.,CAND_0001
CL_0005,DBSCAN_REFINED,ELECTRICITY,8,18.723332375,73.67891625,1524.59,19.0,4.0,Electrical Maintenance Tools,52.35,43.8025,8540.0,PENDING,Serviceability is evaluated in the next Step 13 phase.,CAND_0001
CL_0006,DBSCAN_REFINED,ELECTRICITY,4,18.727258250000002,73.69675675,891.307,8.0,3.0,Electrical Maintenance Tools,49.35,35.5975,3289.5,PENDING,Serviceability is evaluated in the next Step 13 phase.,CAND_0001
CL_0007,DBSCAN_REFINED,ELECTRICITY,7,18.724752714285717,73.66645157142857,1796.764,17.0,4.0,Electrical Maintenance Tools,49.16,43.621429,7602.5,PENDING,Serviceability is evaluated in the next Step 13 phase.,CAND_0001
CL_0008,DBSCAN_REFINED,ELECTRICITY,5,18.7453614,73.6692458,992.146,10.0,3.0,Electrical Maintenance Tools,46.13,41.722,4380.5,PENDING,Serviceability is evaluated in the next Step 13 phase.,CAND_0001
CL_0009,DBSCAN_REFINED,ELECTRICITY,7,18.71703157142857,73.69508900000001,1507.948,19.0,4.0,Electrical Maintenance Tools,43.58,39.784286,8807.5,PENDING,Serviceability is evaluated in the next Step 13 phase.,CAND_0001
CL_0010,DBSCAN_REFINED,ELECTRICITY,9,18.707825333333332,73.70825211111111,1625.85,21.0,4.0,Electrical Maintenance Tools,41.28,34.173333,9631.0,PENDING,Serviceability is evaluated in the next Step 13 phase.,CAND_0001
CL_0011,DBSCAN_REFINED,ELECTRICITY,2,18.735526,73.7058265,1215.246,4.0,3.0,Electrical Maintenance Tools,38.44,35.685,1721.5,PENDING,Serviceability is evaluated in the next Step 13 phase.,CAND_0001
CL_0012,DBSCAN_REFINED,GARBAGE,3,18.742220666666668,73.70869566666666,1435.852,38.7,4.0,Manual Garbage Collection Tools,58.68,53.353333,12935.85,PENDING,Serviceability is evaluated in the next Step 13 phase.,CAND_0002
CL_0013,DBSCAN_REFINED,GARBAGE,5,18.7307398,73.6819328,1667.446,42.6,4.0,Manual Garbage Collection Tools,56.51,47.518,13683.77,PENDING,Serviceability is evaluated in the next Step 13 phase.,CAND_0002
CL_0014,DBSCAN_REFINED,GARBAGE,9,18.721264333333334,73.67688722222222,1415.497,55.3,4.0,Manual Garbage Collection Tools,56.07,39.204444,16850.16,PENDING,Serviceability is evaluated in the next Step 13 phase.,CAND_0002
CL_0015,DBSCAN_REFINED,GARBAGE,9,18.709293666666664,73.68635599999999,1406.805,60.4,4.0,Manual Garbage Collection Tools,54.35,42.606667,18894.44,PENDING,Serviceability is evaluated in the next Step 13 phase.,CAND_0002
CL_0016,DBSCAN_REFINED,GARBAGE,5,18.7279014,73.6629816,1260.8,34.1,4.0,Manual Garbage Collection Tools,51.37,47.08,10588.73,PENDING,Serviceability is evaluated in the next Step 13 phase.,CAND_0002
CL_0017,DBSCAN_REFINED,GARBAGE,6,18.741683000000002,73.68858766666666,1812.183,32.2,4.0,Manual Garbage Collection Tools,48.68,42.525,10289.35,PENDING,Serviceability is evaluated in the next Step 13 phase.,CAND_0002
CL_0018,DBSCAN_REFINED,GARBAGE,8,18.703740625,73.70679287499999,1991.902,94.6,4.0,Manual Garbage Collection Tools,48.62,38.6125,30473.01,PENDING,Serviceability is evaluated in the next Step 13 phase.,CAND_0002
CL_0019,DBSCAN_REFINED,GARBAGE,6,18.7428725,73.66746699999999,1371.219,32.7,4.0,Manual Garbage Collection Tools,48.57,40.665,10582.92,PENDING,Serviceability is evaluated in the next Step 13 phase.,CAND_0002
CL_0020,DBSCAN_REFINED,GARBAGE,4,18.731278000000003,73.698193,1398.753,35.2,4.0,Manual Garbage Collection Tools,46.01,40.995,11396.18,PENDING,Serviceability is evaluated in the next Step 13 phase.,CAND_0002
CL_0021,DBSCAN_REFINED,GARBAGE,8,18.71778725,73.7012695,1804.688,74.6,4.0,Manual Garbage Collection Tools,45.18,37.05625,24064.16,PENDING,Serviceability is evaluated in the next Step 13 phase.,CAND_0002
CL_0022,DBSCAN_REFINED,GARBAGE,3,18.747264333333334,73.69981966666667,1279.95,10.9,3.0,Manual Garbage Collection Tools,39.16,33.036667,3546.68,PENDING,Serviceability is evaluated in the next Step 13 phase.,CAND_0002
CL_0023,DBSCAN_REFINED,ROAD,10,18.729521599999998,73.66331160000001,1820.367,46.8,4.0,Joint Cutting Machine; Plate Compactor,64.89,43.756,25992.57,PENDING,Serviceability is evaluated in the next Step 13 phase.,CAND_0003
CL_0024,DBSCAN_REFINED,ROAD,3,18.745283333333333,73.67676166666666,842.09,16.8,3.0,Joint Cutting Machine; Plate Compactor,63.28,48.693333,8196.6,PENDING,Serviceability is evaluated in the next Step 13 phase.,CAND_0003
CL_0025,DBSCAN_REFINED,ROAD,3,18.712968999999998,73.676776,748.573,25.5,4.0,Joint Cutting Machine; Plate Compactor,60.37,50.216667,11151.19,PENDING,Serviceability is evaluated in the next Step 13 phase.,CAND_0003
CL_0026,DBSCAN_REFINED,ROAD,8,18.708073249999998,73.68621475,811.361,47.1,4.0,Joint Cutting Machine; Plate Compactor,57.62,42.35375,24770.68,PENDING,Serviceability is evaluated in the next Step 13 phase.,CAND_0003
CL_0027,DBSCAN_REFINED,ROAD,5,18.708205200000002,73.6928538,1432.944,20.2,4.0,Joint Cutting Machine; Plate Compactor,55.75,40.086,13152.05,PENDING,Serviceability is evaluated in the next Step 13 phase.,CAND_0003
CL_0028,DBSCAN_REFINED,ROAD,10,18.7343928,73.6803223,1226.685,67.8,4.0,Joint Cutting Machine; Plate Compactor,55.18,42.997,33226.52,PENDING,Serviceability is evaluated in the next Step 13 phase.,CAND_0003
CL_0029,DBSCAN_REFINED,ROAD,9,18.738675555555556,73.67211455555555,1266.178,60.9,4.0,Joint Cutting Machine; Plate Compactor,55.0,46.788889,29388.72,PENDING,Serviceability is evaluated in the next Step 13 phase.,CAND_0003
CL_0030,DBSCAN_REFINED,ROAD,7,18.745153428571427,73.70229857142856,1042.895,39.1,4.0,Joint Cutting Machine; Plate Compactor,54.87,37.295714,20208.72,PENDING,Serviceability is evaluated in the next Step 13 phase.,CAND_0003
CL_0031,DBSCAN_REFINED,ROAD,2,18.749370499999998,73.71319650000001,650.07,22.4,4.0,Joint Cutting Machine; Plate Compactor,51.48,49.28,9879.2,PENDING,Serviceability is evaluated in the next Step 13 phase.,CAND_0003
CL_0032,DBSCAN_REFINED,ROAD,7,18.731348999999998,73.69449499999999,984.042,35.6,4.0,Joint Cutting Machine; Plate Compactor,51.26,42.627143,20433.17,PENDING,Serviceability is evaluated in the next Step 13 phase.,CAND_0003
CL_0033,DBSCAN_REFINED,ROAD,6,18.70170733333333,73.69850116666667,1177.905,65.8,4.0,Joint Cutting Machine; Plate Compactor,50.94,40.598333,27688.91,PENDING,Serviceability is evaluated in the next Step 13 phase.,CAND_0003
CL_0034,DBSCAN_REFINED,ROAD,8,18.741370250000003,73.691023375,1459.2,48.6,4.0,Joint Cutting Machine; Plate Compactor,48.56,40.13375,24976.0,PENDING,Serviceability is evaluated in the next Step 13 phase.,CAND_0003
CL_0035,DBSCAN_REFINED,ROAD,8,18.71394275,73.70563575,1170.529,69.1,4.0,Joint Cutting Machine; Plate Compactor,47.53,36.1275,31202.6,PENDING,Serviceability is evaluated in the next Step 13 phase.,CAND_0003
CL_0036,DBSCAN_REFINED,ROAD,9,18.735740444444446,73.70135744444444,1634.9,62.8,4.0,Joint Cutting Machine; Plate Compactor,45.97,40.324444,29420.59,PENDING,Serviceability is evaluated in the next Step 13 phase.,CAND_0003
CL_0037,DBSCAN_REFINED,ROAD,7,18.724182285714285,73.67771485714286,1705.388,37.2,4.0,Joint Cutting Machine; Plate Compactor,45.21,39.044286,19562.86,PENDING,Serviceability is evaluated in the next Step 13 phase.,CAND_0003
CL_0038,DBSCAN_REFINED,ROAD,9,18.717957999999996,73.68937233333332,1345.648,49.6,4.0,Joint Cutting Machine; Plate Compactor,43.35,37.018889,25520.0,PENDING,Serviceability is evaluated in the next Step 13 phase.,CAND_0003
CL_0039,DBSCAN_REFINED,ROAD,5,18.701518,73.708238,845.57,28.6,4.0,Joint Cutting Machine; Plate Compactor,41.93,33.918,14859.08,PENDING,Serviceability is evaluated in the next Step 13 phase.,CAND_0003
CL_0040,DBSCAN_REFINED,ROAD,8,18.708746375,73.70737825,932.974,46.3,4.0,Joint Cutting Machine; Plate Compactor,41.58,33.19375,24211.93,PENDING,Serviceability is evaluated in the next Step 13 phase.,CAND_0003
CL_0041,DBSCAN_REFINED,ROAD,6,18.718228333333332,73.69980400000001,1016.411,40.7,4.0,Joint Cutting Machine; Plate Compactor,37.31,33.588333,19619.48,PENDING,Serviceability is evaluated in the next Step 13 phase.,CAND_0003
CL_0042,DBSCAN_REFINED,WATER,10,18.724777200000002,73.66779740000001,1504.147,108.2,4.0,Drain Cleaning Tools|Truck 5.5 cum per 10 MT|Water Leakage Repair Tools,67.25,50.453,35476.77,PENDING,Serviceability is evaluated in the next Step 13 phase.,CAND_0004
CL_0043,DBSCAN_REFINED,WATER,10,18.7378729,73.66291349999999,1343.916,83.7,4.0,Drain Cleaning Tools|Truck 5.5 cum per 10 MT|Water Leakage Repair Tools,60.88,44.683,28298.72,PENDING,Serviceability is evaluated in the next Step 13 phase.,CAND_0004
CL_0044,DBSCAN_REFINED,WATER,8,18.730604875,73.664591,615.546,78.7,4.0,Drain Cleaning Tools|Truck 5.5 cum per 10 MT|Water Leakage Repair Tools,59.67,52.9825,26388.87,PENDING,Serviceability is evaluated in the next Step 13 phase.,CAND_0004
CL_0045,DBSCAN_REFINED,WATER,7,18.72481457142857,73.66002514285715,797.704,93.1,4.0,Drain Cleaning Tools|Truck 5.5 cum per 10 MT|Water Leakage Repair Tools,58.94,46.441429,31640.85,PENDING,Serviceability is evaluated in the next Step 13 phase.,CAND_0004
CL_0046,DBSCAN_REFINED,WATER,9,18.741802333333332,73.68747777777777,1045.607,132.4,4.0,Drain Cleaning Tools|Truck 5.5 cum per 10 MT|Water Leakage Repair Tools,55.82,46.596667,43893.13,PENDING,Serviceability is evaluated in the next Step 13 phase.,CAND_0004
CL_0047,DBSCAN_REFINED,WATER,6,18.732211833333334,73.6986305,718.633,103.9,4.0,Drain Cleaning Tools|Truck 5.5 cum per 10 MT|Water Leakage Repair Tools,54.39,45.846667,35560.25,PENDING,Serviceability is evaluated in the next Step 13 phase.,CAND_0004
CL_0048,DBSCAN_REFINED,WATER,9,18.72718811111111,73.67714877777777,906.695,85.6,4.0,Drain Cleaning Tools|Truck 5.5 cum per 10 MT|Water Leakage Repair Tools,54.12,43.242222,27346.78,PENDING,Serviceability is evaluated in the next Step 13 phase.,CAND_0004
CL_0049,DBSCAN_REFINED,WATER,4,18.7431805,73.67026175000001,688.558,52.2,4.0,Drain Cleaning Tools|Truck 5.5 cum per 10 MT|Water Leakage Repair Tools,52.03,40.7125,17778.45,PENDING,Serviceability is evaluated in the next Step 13 phase.,CAND_0004
CL_0050,DBSCAN_REFINED,WATER,5,18.7457364,73.6770044,541.517,81.4,4.0,Drain Cleaning Tools|Truck 5.5 cum per 10 MT|Water Leakage Repair Tools,51.86,48.04,26561.53,PENDING,Serviceability is evaluated in the next Step 13 phase.,CAND_0004
CL_0051,DBSCAN_REFINED,WATER,6,18.73826466666667,73.67868466666665,889.1,36.0,3.0,Drain Cleaning Tools|Truck 5.5 cum per 10 MT|Water Leakage Repair Tools,51.82,42.035,11297.28,PENDING,Serviceability is evaluated in the next Step 13 phase.,CAND_0004
CL_0052,DBSCAN_REFINED,WATER,10,18.7246484,73.6839691,1129.732,112.4,4.0,Drain Cleaning Tools|Truck 5.5 cum per 10 MT|Water Leakage Repair Tools,51.79,43.928,35029.23,PENDING,Serviceability is evaluated in the next Step 13 phase.,CAND_0004
CL_0053,DBSCAN_REFINED,WATER,9,18.713741666666667,73.68385822222223,1370.096,53.2,4.0,Drain Cleaning Tools|Truck 5.5 cum per 10 MT|Water Leakage Repair Tools,51.38,38.272222,18409.75,PENDING,Serviceability is evaluated in the next Step 13 phase.,CAND_0004
CL_0054,DBSCAN_REFINED,WATER,5,18.742889400000003,73.6952352,1062.645,37.4,4.0,Drain Cleaning Tools|Truck 5.5 cum per 10 MT,51.02,35.272,12746.13,PENDING,Serviceability is evaluated in the next Step 13 phase.,CAND_0004
CL_0055,DBSCAN_REFINED,WATER,4,18.7055795,73.69281775,723.186,50.4,4.0,Drain Cleaning Tools|Truck 5.5 cum per 10 MT,48.52,40.055,16279.35,PENDING,Serviceability is evaluated in the next Step 13 phase.,CAND_0004
CL_0056,DBSCAN_REFINED,WATER,6,18.7485445,73.6721965,548.238,40.4,4.0,Drain Cleaning Tools|Truck 5.5 cum per 10 MT|Water Leakage Repair Tools,47.77,39.756667,15514.43,PENDING,Serviceability is evaluated in the next Step 13 phase.,CAND_0004
CL_0057,DBSCAN_REFINED,WATER,8,18.74596025,73.708607875,828.108,88.1,4.0,Truck 5.5 cum per 10 MT|Water Leakage Repair Tools,47.55,39.37375,30479.15,PENDING,Serviceability is evaluated in the next Step 13 phase.,CAND_0004
CL_0058,DBSCAN_REFINED,WATER,10,18.729653099999997,73.69173909999999,1016.708,100.3,4.0,Drain Cleaning Tools|Truck 5.5 cum per 10 MT|Water Leakage Repair Tools,47.19,39.705,32927.58,PENDING,Serviceability is evaluated in the next Step 13 phase.,CAND_0004
CL_0059,DBSCAN_REFINED,WATER,4,18.740294249999998,73.704396,608.558,75.9,4.0,Truck 5.5 cum per 10 MT|Water Leakage Repair Tools,46.96,40.88,26547.2,PENDING,Serviceability is evaluated in the next Step 13 phase.,CAND_0004
CL_0060,DBSCAN_REFINED,WATER,3,18.719173333333334,73.675424,835.172,41.2,4.0,Drain Cleaning Tools|Truck 5.5 cum per 10 MT,46.94,43.726667,14373.33,PENDING,Serviceability is evaluated in the next Step 13 phase.,CAND_0004
CL_0061,DBSCAN_REFINED,WATER,5,18.7025248,73.7000582,856.639,30.0,3.0,Drain Cleaning Tools|Truck 5.5 cum per 10 MT|Water Leakage Repair Tools,46.15,32.828,10068.22,PENDING,Serviceability is evaluated in the next Step 13 phase.,CAND_0004
CL_0062,DBSCAN_REFINED,WATER,7,18.71799842857143,73.69599085714286,1310.842,90.5,4.0,Drain Cleaning Tools|Truck 5.5 cum per 10 MT|Water Leakage Repair Tools,44.02,36.741429,31870.45,PENDING,Serviceability is evaluated in the next Step 13 phase.,CAND_0004
CL_0063,DBSCAN_REFINED,WATER,5,18.725565999999997,73.6977582,1114.07,107.7,4.0,Truck 5.5 cum per 10 MT|Water Leakage Repair Tools,42.98,37.87,36083.37,PENDING,Serviceability is evaluated in the next Step 13 phase.,CAND_0004
CL_0064,DBSCAN_REFINED,WATER,10,18.702113999999998,73.7083513,1198.891,108.8,4.0,Drain Cleaning Tools|Truck 5.5 cum per 10 MT|Water Leakage Repair Tools,42.72,34.401,36606.07,PENDING,Serviceability is evaluated in the next Step 13 phase.,CAND_0004
CL_0065,DBSCAN_REFINED,WATER,8,18.7117985,73.70934125,886.404,100.6,4.0,Drain Cleaning Tools|Truck 5.5 cum per 10 MT|Water Leakage Repair Tools,41.41,33.385,31786.13,PENDING,Serviceability is evaluated in the next Step 13 phase.,CAND_0004
CL_0066,DBSCAN_REFINED,WATER,6,18.708565666666665,73.69980633333333,739.85,76.4,4.0,Drain Cleaning Tools|Truck 5.5 cum per 10 MT|Water Leakage Repair Tools,41.05,35.908333,25269.35,PENDING,Serviceability is evaluated in the next Step 13 phase.,CAND_0004
CL_0067,DBSCAN_REFINED,WATER,4,18.71728475,73.705407,588.441,35.0,4.0,Drain Cleaning Tools|Water Leakage Repair Tools,37.35,31.36,10761.45,PENDING,Serviceability is evaluated in the next Step 13 phase.,CAND_0004
