cluster_id,job_id,complaint_id,sequence_candidate
CL_0001,369,369,1
CL_0001,249,249,2
CL_0001,210,210,3
CL_0001,5,5,4
CL_0001,223,223,5
CL_0001,244,244,6
CL_0002,230,230,1
CL_0002,204,204,2
CL_0002,45,45,3
CL_0002,153,153,4
CL_0002,451,451,5
CL_0002,100,100,6
CL_0002,145,145,7
CL_0002,400,400,8
CL_0003,459,459,1
CL_0003,57,57,2
CL_0003,157,157,3
CL_0003,267,267,4
CL_0003,454,454,5
CL_0003,79,79,6
CL_0004,360,360,1
CL_0004,174,174,2
CL_0004,197,197,3
CL_0004,475,475,4
CL_0004,271,271,5
CL_0005,351,351,1
CL_0005,222,222,2
CL_0005,491,491,3
CL_0005,125,125,4
CL_0005,353,353,5
CL_0005,297,297,6
CL_0005,166,166,7
CL_0005,49,49,8
CL_0006,470,470,1
CL_0006,430,430,2
CL_0006,322,322,3
CL_0006,352,352,4
CL_0007,372,372,1
CL_0007,150,150,2
CL_0007,405,405,3
CL_0007,272,272,4
CL_0007,182,182,5
CL_0007,178,178,6
CL_0007,199,199,7
CL_0008,119,119,1
CL_0008,380,380,2
CL_0008,95,95,3
CL_0008,268,268,4
CL_0008,163,163,5
CL_0009,225,225,1
CL_0009,354,354,2
CL_0009,327,327,3
CL_0009,48,48,4
CL_0009,291,291,5
CL_0009,383,383,6
CL_0009,89,89,7
CL_0010,246,246,1
CL_0010,177,177,2
CL_0010,263,263,3
CL_0010,81,81,4
CL_0010,155,155,5
CL_0010,137,137,6
CL_0010,344,344,7
CL_0010,128,128,8
CL_0010,85,85,9
CL_0011,140,140,1
CL_0011,340,340,2
CL_0012,339,339,1
CL_0012,453,453,2
CL_0012,126,126,3
CL_0013,195,195,1
CL_0013,17,17,2
CL_0013,90,90,3
CL_0013,175,175,4
CL_0013,428,428,5
CL_0014,207,207,1
CL_0014,71,71,2
CL_0014,500,500,3
CL_0014,94,94,4
CL_0014,41,41,5
CL_0014,382,382,6
CL_0014,310,310,7
CL_0014,143,143,8
CL_0014,493,493,9
CL_0015,444,444,1
CL_0015,290,290,2
CL_0015,247,247,3
CL_0015,98,98,4
CL_0015,450,450,5
CL_0015,251,251,6
CL_0015,494,494,7
CL_0015,64,64,8
CL_0015,265,265,9
CL_0016,287,287,1
CL_0016,489,489,2
CL_0016,118,118,3
CL_0016,325,325,4
CL_0016,22,22,5
CL_0017,403,403,1
CL_0017,419,419,2
CL_0017,442,442,3
CL_0017,75,75,4
CL_0017,307,307,5
CL_0017,193,193,6
CL_0018,33,33,1
CL_0018,387,387,2
CL_0018,159,159,3
CL_0018,468,468,4
CL_0018,329,329,5
CL_0018,237,237,6
CL_0018,488,488,7
CL_0018,449,449,8
CL_0019,264,264,1
CL_0019,236,236,2
CL_0019,397,397,3
CL_0019,415,415,4
CL_0019,127,127,5
CL_0019,190,190,6
CL_0020,279,279,1
CL_0020,443,443,2
CL_0020,255,255,3
CL_0020,448,448,4
CL_0021,294,294,1
CL_0021,213,213,2
CL_0021,123,123,3
CL_0021,44,44,4
CL_0021,30,30,5
CL_0021,293,293,6
CL_0021,38,38,7
CL_0021,284,284,8
CL_0022,227,227,1
CL_0022,373,373,2
CL_0022,184,184,3
CL_0023,305,305,1
CL_0023,455,455,2
CL_0023,27,27,3
CL_0023,388,388,4
CL_0023,418,418,5
CL_0023,11,11,6
CL_0023,460,460,7
CL_0023,205,205,8
CL_0023,304,304,9
CL_0023,346,346,10
CL_0024,347,347,1
CL_0024,416,416,2
CL_0024,466,466,3
CL_0025,243,243,1
CL_0025,131,131,2
CL_0025,320,320,3
CL_0026,110,110,1
CL_0026,105,105,2
CL_0026,50,50,3
CL_0026,486,486,4
CL_0026,481,481,5
CL_0026,25,25,6
CL_0026,130,130,7
CL_0026,328,328,8
CL_0027,96,96,1
CL_0027,321,321,2
CL_0027,376,376,3
CL_0027,463,463,4
CL_0027,424,424,5
CL_0028,275,275,1
CL_0028,132,132,2
CL_0028,56,56,3
CL_0028,260,260,4
CL_0028,3,3,5
CL_0028,355,355,6
CL_0028,282,282,7
CL_0028,224,224,8
CL_0028,187,187,9
CL_0028,65,65,10
CL_0029,92,92,1
CL_0029,87,87,2
CL_0029,377,377,3
CL_0029,498,498,4
CL_0029,350,350,5
CL_0029,107,107,6
CL_0029,206,206,7
CL_0029,313,313,8
CL_0029,136,136,9
CL_0030,273,273,1
CL_0030,173,173,2
CL_0030,26,26,3
CL_0030,316,316,4
CL_0030,487,487,5
CL_0030,124,124,6
CL_0030,217,217,7
CL_0031,36,36,1
CL_0031,303,303,2
CL_0032,84,84,1
CL_0032,42,42,2
CL_0032,214,214,3
CL_0032,425,425,4
CL_0032,285,285,5
CL_0032,61,61,6
CL_0032,370,370,7
CL_0033,138,138,1
CL_0033,381,381,2
CL_0033,336,336,3
CL_0033,365,365,4
CL_0033,104,104,5
CL_0033,146,146,6
CL_0034,408,408,1
CL_0034,117,117,2
CL_0034,116,116,3
CL_0034,257,257,4
CL_0034,252,252,5
CL_0034,202,202,6
CL_0034,181,181,7
CL_0034,169,169,8
CL_0035,357,357,1
CL_0035,345,345,2
CL_0035,99,99,3
CL_0035,161,161,4
CL_0035,164,164,5
CL_0035,314,314,6
CL_0035,410,410,7
CL_0035,154,154,8
CL_0036,434,434,1
CL_0036,216,216,2
CL_0036,80,80,3
CL_0036,308,308,4
CL_0036,32,32,5
CL_0036,253,253,6
CL_0036,200,200,7
CL_0036,259,259,8
CL_0036,40,40,9
CL_0037,312,312,1
CL_0037,76,76,2
CL_0037,374,374,3
CL_0037,335,335,4
CL_0037,53,53,5
CL_0037,298,298,6
CL_0037,34,34,7
CL_0038,480,480,1
CL_0038,409,409,2
CL_0038,152,152,3
CL_0038,461,461,4
CL_0038,338,338,5
CL_0038,14,14,6
CL_0038,2,2,7
CL_0038,167,167,8
CL_0038,478,478,9
CL_0039,411,411,1
CL_0039,441,441,2
CL_0039,452,452,3
CL_0039,277,277,4
CL_0039,31,31,5
CL_0040,363,363,1
CL_0040,342,342,2
CL_0040,185,185,3
CL_0040,440,440,4
CL_0040,458,458,5
CL_0040,343,343,6
CL_0040,10,10,7
CL_0040,349,349,8
CL_0041,18,18,1
CL_0041,55,55,2
CL_0041,396,396,3
CL_0041,194,194,4
CL_0041,457,457,5
CL_0041,70,70,6
CL_0042,120,120,1
CL_0042,102,102,2
CL_0042,198,198,3
CL_0042,341,341,4
CL_0042,276,276,5
CL_0042,29,29,6
CL_0042,242,242,7
CL_0042,59,59,8
CL_0042,413,413,9
CL_0042,151,151,10
CL_0043,54,54,1
CL_0043,201,201,2
CL_0043,406,406,3
CL_0043,420,420,4
CL_0043,179,179,5
CL_0043,113,113,6
CL_0043,358,358,7
CL_0043,250,250,8
CL_0043,238,238,9
CL_0043,46,46,10
CL_0044,8,8,1
CL_0044,156,156,2
CL_0044,9,9,3
CL_0044,439,439,4
CL_0044,215,215,5
CL_0044,239,239,6
CL_0044,431,431,7
CL_0044,208,208,8
CL_0045,414,414,1
CL_0045,471,471,2
CL_0045,384,384,3
CL_0045,183,183,4
CL_0045,496,496,5
CL_0045,499,499,6
CL_0045,295,295,7
CL_0046,228,228,1
CL_0046,378,378,2
CL_0046,435,435,3
CL_0046,477,477,4
CL_0046,67,67,5
CL_0046,318,318,6
CL_0046,111,111,7
CL_0046,404,404,8
CL_0046,472,472,9
CL_0047,324,324,1
CL_0047,108,108,2
CL_0047,66,66,3
CL_0047,12,12,4
CL_0047,371,371,5
CL_0047,326,326,6
CL_0048,134,134,1
CL_0048,258,258,2
CL_0048,423,423,3
CL_0048,20,20,4
CL_0048,393,393,5
CL_0048,364,364,6
CL_0048,469,469,7
CL_0048,115,115,8
CL_0048,286,286,9
CL_0049,240,240,1
CL_0049,142,142,2
CL_0049,37,37,3
CL_0049,16,16,4
CL_0050,168,168,1
CL_0050,330,330,2
CL_0050,302,302,3
CL_0050,180,180,4
CL_0050,73,73,5
CL_0051,278,278,1
CL_0051,218,218,2
CL_0051,229,229,3
CL_0051,359,359,4
CL_0051,412,412,5
CL_0051,394,394,6
CL_0052,315,315,1
CL_0052,15,15,2
CL_0052,234,234,3
CL_0052,417,417,4
CL_0052,311,311,5
CL_0052,266,266,6
CL_0052,254,254,7
CL_0052,479,479,8
CL_0052,196,196,9
CL_0052,28,28,10
CL_0053,473,473,1
CL_0053,427,427,2
CL_0053,60,60,3
CL_0053,446,446,4
CL_0053,337,337,5
CL_0053,361,361,6
CL_0053,148,148,7
CL_0053,112,112,8
CL_0053,280,280,9
CL_0054,135,135,1
CL_0054,385,385,2
CL_0054,296,296,3
CL_0054,88,88,4
CL_0054,211,211,5
CL_0055,306,306,1
CL_0055,362,362,2
CL_0055,482,482,3
CL_0055,490,490,4
CL_0056,39,39,1
CL_0056,209,209,2
CL_0056,367,367,3
CL_0056,1,1,4
CL_0056,52,52,5
CL_0056,4,4,6
CL_0057,438,438,1
CL_0057,171,171,2
CL_0057,6,6,3
CL_0057,484,484,4
CL_0057,281,281,5
CL_0057,436,436,6
CL_0057,319,319,7
CL_0057,334,334,8
CL_0058,399,399,1
CL_0058,331,331,2
CL_0058,147,147,3
CL_0058,165,165,4
CL_0058,437,437,5
CL_0058,188,188,6
CL_0058,485,485,7
CL_0058,407,407,8
CL_0058,19,19,9
CL_0058,241,241,10
CL_0059,72,72,1
CL_0059,231,231,2
CL_0059,392,392,3
CL_0059,43,43,4
CL_0060,309,309,1
CL_0060,13,13,2
CL_0060,212,212,3
CL_0061,170,170,1
CL_0061,47,47,2
CL_0061,106,106,3
CL_0061,160,160,4
CL_0061,133,133,5
CL_0062,93,93,1
CL_0062,270,270,2
CL_0062,114,114,3
CL_0062,395,395,4
CL_0062,97,97,5
CL_0062,82,82,6
CL_0062,226,226,7
CL_0063,402,402,1
CL_0063,192,192,2
CL_0063,456,456,3
CL_0063,256,256,4
CL_0063,422,422,5
CL_0064,366,366,1
CL_0064,69,69,2
CL_0064,288,288,3
CL_0064,221,221,4
CL_0064,203,203,5
CL_0064,91,91,6
CL_0064,103,103,7
CL_0064,62,62,8
CL_0064,172,172,9
CL_0064,391,391,10
CL_0065,186,186,1
CL_0065,74,74,2
CL_0065,300,300,3
CL_0065,368,368,4
CL_0065,401,401,5
CL_0065,389,389,6
CL_0065,262,262,7
CL_0065,283,283,8
CL_0066,348,348,1
CL_0066,462,462,2
CL_0066,63,63,3
CL_0066,421,421,4
CL_0066,122,122,5
CL_0066,301,301,6
CL_0067,492,492,1
CL_0067,86,86,2
CL_0067,233,233,3
CL_0067,121,121,4
