cluster_id,cluster_type,work_type,complaint_count,max_internal_distance_m,total_service_duration_hours,max_workers_required,max_single_job_duration_hours,required_equipment,feasible_team_ids,feasible_team_count,required_shift_blocks,shift_hours,hours_fit_one_shift,individual_jobs_fit_one_shift,workers_feasible,equipment_feasible,radius_valid,depot_status,serviceability_status,serviceability_reason,team_failure_notes,travel_time_included,priority_max,priority_mean,estimated_cost_total
CL_0001,DBSCAN_REFINED,ELECTRICITY,6,1667.029,15.0,4.0,3.0,electrical_maintenance_tools,T004,1,2,9.0,False,True,True,True,True,TO_BE_CONFIGURED,SPLIT,Cluster total service duration is 15.00 h > 9.00 h. Split into approximately 2 shift-sized execution blocks before scheduling.,,False,63.89,44.783333,6665.0
CL_0002,DBSCAN_REFINED,ELECTRICITY,8,1184.687,19.0,4.0,3.0,electrical_maintenance_tools,T004,1,3,9.0,False,True,True,True,True,TO_BE_CONFIGURED,SPLIT,Cluster total service duration is 19.00 h > 9.00 h. Split into approximately 3 shift-sized execution blocks before scheduling.,,False,55.16,41.9875,8233.0
CL_0003,DBSCAN_REFINED,ELECTRICITY,6,1832.281,15.0,4.0,3.0,electrical_maintenance_tools,T004,1,2,9.0,False,True,True,True,True,TO_BE_CONFIGURED,SPLIT,Cluster total service duration is 15.00 h > 9.00 h. Split into approximately 2 shift-sized execution blocks before scheduling.,,False,54.71,40.178333,6511.5
CL_0004,DBSCAN_REFINED,ELECTRICITY,5,810.929,12.0,4.0,3.0,electrical_maintenance_tools,T004,1,2,9.0,False,True,True,True,True,TO_BE_CONFIGURED,SPLIT,Cluster total service duration is 12.00 h > 9.00 h. Split into approximately 2 shift-sized execution blocks before scheduling.,,False,54.32,44.026,5278.5
CL_0005,DBSCAN_REFINED,ELECTRICITY,8,1524.59,19.0,4.0,3.0,electrical_maintenance_tools,T004,1,3,9.0,False,True,True,True,True,TO_BE_CONFIGURED,SPLIT,Cluster total service duration is 19.00 h > 9.00 h. Split into approximately 3 shift-sized execution blocks before scheduling.,,False,52.35,43.8025,8540.0
CL_0006,DBSCAN_REFINED,ELECTRICITY,4,891.307,8.0,3.0,2.0,electrical_maintenance_tools,T004,1,1,9.0,True,True,True,True,True,TO_BE_CONFIGURED,SERVICEABLE,"Compatible active team, worker capacity and equipment are available and the cluster fits within one prototype shift before travel time.",,False,49.35,35.5975,3289.5
CL_0007,DBSCAN_REFINED,ELECTRICITY,7,1796.764,17.0,4.0,3.0,electrical_maintenance_tools,T004,1,2,9.0,False,True,True,True,True,TO_BE_CONFIGURED,SPLIT,Cluster total service duration is 17.00 h > 9.00 h. Split into approximately 2 shift-sized execution blocks before scheduling.,,False,49.16,43.621429,7602.5
CL_0008,DBSCAN_REFINED,ELECTRICITY,5,992.146,10.0,3.0,2.0,electrical_maintenance_tools,T004,1,2,9.0,False,True,True,True,True,TO_BE_CONFIGURED,SPLIT,Cluster total service duration is 10.00 h > 9.00 h. Split into approximately 2 shift-sized execution blocks before scheduling.,,False,46.13,41.722,4380.5
CL_0009,DBSCAN_REFINED,ELECTRICITY,7,1507.948,19.0,4.0,3.0,electrical_maintenance_tools,T004,1,3,9.0,False,True,True,True,True,TO_BE_CONFIGURED,SPLIT,Cluster total service duration is 19.00 h > 9.00 h. Split into approximately 3 shift-sized execution blocks before scheduling.,,False,43.58,39.784286,8807.5
CL_0010,DBSCAN_REFINED,ELECTRICITY,9,1625.85,21.0,4.0,3.0,electrical_maintenance_tools,T004,1,3,9.0,False,True,True,True,True,TO_BE_CONFIGURED,SPLIT,Cluster total service duration is 21.00 h > 9.00 h. Split into approximately 3 shift-sized execution blocks before scheduling.,,False,41.28,34.173333,9631.0
CL_0011,DBSCAN_REFINED,ELECTRICITY,2,1215.246,4.0,3.0,2.0,electrical_maintenance_tools,T004,1,1,9.0,True,True,True,True,True,TO_BE_CONFIGURED,SERVICEABLE,"Compatible active team, worker capacity and equipment are available and the cluster fits within one prototype shift before travel time.",,False,38.44,35.685,1721.5
CL_0012,DBSCAN_REFINED,GARBAGE,3,1435.852,38.7,4.0,14.8,manual_garbage_collection_tools,T003,1,5,9.0,False,False,True,True,True,TO_BE_CONFIGURED,SCHEDULE_LATER,At least one member job exceeds the single 09-hour prototype shift; explicit multi-shift/deferred scheduling is required.,,False,58.68,53.353333,12935.85
CL_0013,DBSCAN_REFINED,GARBAGE,5,1667.446,42.6,4.0,15.0,manual_garbage_collection_tools,T003,1,5,9.0,False,False,True,True,True,TO_BE_CONFIGURED,SCHEDULE_LATER,At least one member job exceeds the single 09-hour prototype shift; explicit multi-shift/deferred scheduling is required.,,False,56.51,47.518,13683.77
CL_0014,DBSCAN_REFINED,GARBAGE,9,1415.497,55.3,4.0,14.3,manual_garbage_collection_tools,T003,1,7,9.0,False,False,True,True,True,TO_BE_CONFIGURED,SCHEDULE_LATER,At least one member job exceeds the single 09-hour prototype shift; explicit multi-shift/deferred scheduling is required.,,False,56.07,39.204444,16850.16
CL_0015,DBSCAN_REFINED,GARBAGE,9,1406.805,60.4,4.0,12.8,manual_garbage_collection_tools,T003,1,7,9.0,False,False,True,True,True,TO_BE_CONFIGURED,SCHEDULE_LATER,At least one member job exceeds the single 09-hour prototype shift; explicit multi-shift/deferred scheduling is required.,,False,54.35,42.606667,18894.44
CL_0016,DBSCAN_REFINED,GARBAGE,5,1260.8,34.1,4.0,17.5,manual_garbage_collection_tools,T003,1,4,9.0,False,False,True,True,True,TO_BE_CONFIGURED,SCHEDULE_LATER,At least one member job exceeds the single 09-hour prototype shift; explicit multi-shift/deferred scheduling is required.,,False,51.37,47.08,10588.73
CL_0017,DBSCAN_REFINED,GARBAGE,6,1812.183,32.2,4.0,13.9,manual_garbage_collection_tools,T003,1,4,9.0,False,False,True,True,True,TO_BE_CONFIGURED,SCHEDULE_LATER,At least one member job exceeds the single 09-hour prototype shift; explicit multi-shift/deferred scheduling is required.,,False,48.68,42.525,10289.35
CL_0018,DBSCAN_REFINED,GARBAGE,8,1991.902,94.6,4.0,18.0,manual_garbage_collection_tools,T003,1,11,9.0,False,False,True,True,True,TO_BE_CONFIGURED,SCHEDULE_LATER,At least one member job exceeds the single 09-hour prototype shift; explicit multi-shift/deferred scheduling is required.,,False,48.62,38.6125,30473.01
CL_0019,DBSCAN_REFINED,GARBAGE,6,1371.219,32.7,4.0,15.2,manual_garbage_collection_tools,T003,1,4,9.0,False,False,True,True,True,TO_BE_CONFIGURED,SCHEDULE_LATER,At least one member job exceeds the single 09-hour prototype shift; explicit multi-shift/deferred scheduling is required.,,False,48.57,40.665,10582.92
CL_0020,DBSCAN_REFINED,GARBAGE,4,1398.753,35.2,4.0,13.6,manual_garbage_collection_tools,T003,1,4,9.0,False,False,True,True,True,TO_BE_CONFIGURED,SCHEDULE_LATER,At least one member job exceeds the single 09-hour prototype shift; explicit multi-shift/deferred scheduling is required.,,False,46.01,40.995,11396.18
CL_0021,DBSCAN_REFINED,GARBAGE,8,1804.688,74.6,4.0,14.5,manual_garbage_collection_tools,T003,1,9,9.0,False,False,True,True,True,TO_BE_CONFIGURED,SCHEDULE_LATER,At least one member job exceeds the single 09-hour prototype shift; explicit multi-shift/deferred scheduling is required.,,False,45.18,37.05625,24064.16
CL_0022,DBSCAN_REFINED,GARBAGE,3,1279.95,10.9,3.0,6.5,manual_garbage_collection_tools,T003,1,2,9.0,False,True,True,True,True,TO_BE_CONFIGURED,SPLIT,Cluster total service duration is 10.90 h > 9.00 h. Split into approximately 2 shift-sized execution blocks before scheduling.,,False,39.16,33.036667,3546.68
CL_0023,DBSCAN_REFINED,ROAD,10,1820.367,46.8,4.0,11.4,joint_cutting_machine|plate_compactor,T001,1,6,9.0,False,False,True,True,True,TO_BE_CONFIGURED,SCHEDULE_LATER,At least one member job exceeds the single 09-hour prototype shift; explicit multi-shift/deferred scheduling is required.,,False,64.89,43.756,25992.57
CL_0024,DBSCAN_REFINED,ROAD,3,842.09,16.8,3.0,8.1,joint_cutting_machine|plate_compactor,T001,1,2,9.0,False,True,True,True,True,TO_BE_CONFIGURED,SPLIT,Cluster total service duration is 16.80 h > 9.00 h. Split into approximately 2 shift-sized execution blocks before scheduling.,,False,63.28,48.693333,8196.6
CL_0025,DBSCAN_REFINED,ROAD,3,748.573,25.5,4.0,8.9,joint_cutting_machine|plate_compactor,T001,1,3,9.0,False,True,True,True,True,TO_BE_CONFIGURED,SPLIT,Cluster total service duration is 25.50 h > 9.00 h. Split into approximately 3 shift-sized execution blocks before scheduling.,,False,60.37,50.216667,11151.19
CL_0026,DBSCAN_REFINED,ROAD,8,811.361,47.1,4.0,21.8,joint_cutting_machine|plate_compactor,T001,1,6,9.0,False,False,True,True,True,TO_BE_CONFIGURED,SCHEDULE_LATER,At least one member job exceeds the single 09-hour prototype shift; explicit multi-shift/deferred scheduling is required.,,False,57.62,42.35375,24770.68
CL_0027,DBSCAN_REFINED,ROAD,5,1432.944,20.2,4.0,7.1,joint_cutting_machine|plate_compactor,T001,1,3,9.0,False,True,True,True,True,TO_BE_CONFIGURED,SPLIT,Cluster total service duration is 20.20 h > 9.00 h. Split into approximately 3 shift-sized execution blocks before scheduling.,,False,55.75,40.086,13152.05
CL_0028,DBSCAN_REFINED,ROAD,10,1226.685,67.8,4.0,19.7,joint_cutting_machine|plate_compactor,T001,1,8,9.0,False,False,True,True,True,TO_BE_CONFIGURED,SCHEDULE_LATER,At least one member job exceeds the single 09-hour prototype shift; explicit multi-shift/deferred scheduling is required.,,False,55.18,42.997,33226.52
CL_0029,DBSCAN_REFINED,ROAD,9,1266.178,60.9,4.0,17.8,joint_cutting_machine|plate_compactor,T001,1,7,9.0,False,False,True,True,True,TO_BE_CONFIGURED,SCHEDULE_LATER,At least one member job exceeds the single 09-hour prototype shift; explicit multi-shift/deferred scheduling is required.,,False,55.0,46.788889,29388.72
CL_0030,DBSCAN_REFINED,ROAD,7,1042.895,39.1,4.0,14.9,joint_cutting_machine|plate_compactor,T001,1,5,9.0,False,False,True,True,True,TO_BE_CONFIGURED,SCHEDULE_LATER,At least one member job exceeds the single 09-hour prototype shift; explicit multi-shift/deferred scheduling is required.,,False,54.87,37.295714,20208.72
CL_0031,DBSCAN_REFINED,ROAD,2,650.07,22.4,4.0,16.3,joint_cutting_machine|plate_compactor,T001,1,3,9.0,False,False,True,True,True,TO_BE_CONFIGURED,SCHEDULE_LATER,At least one member job exceeds the single 09-hour prototype shift; explicit multi-shift/deferred scheduling is required.,,False,51.48,49.28,9879.2
CL_0032,DBSCAN_REFINED,ROAD,7,984.042,35.6,4.0,8.2,joint_cutting_machine|plate_compactor,T001,1,4,9.0,False,True,True,True,True,TO_BE_CONFIGURED,SPLIT,Cluster total service duration is 35.60 h > 9.00 h. Split into approximately 4 shift-sized execution blocks before scheduling.,,False,51.26,42.627143,20433.17
CL_0033,DBSCAN_REFINED,ROAD,6,1177.905,65.8,4.0,17.8,joint_cutting_machine|plate_compactor,T001,1,8,9.0,False,False,True,True,True,TO_BE_CONFIGURED,SCHEDULE_LATER,At least one member job exceeds the single 09-hour prototype shift; explicit multi-shift/deferred scheduling is required.,,False,50.94,40.598333,27688.91
CL_0034,DBSCAN_REFINED,ROAD,8,1459.2,48.6,4.0,10.9,joint_cutting_machine|plate_compactor,T001,1,6,9.0,False,False,True,True,True,TO_BE_CONFIGURED,SCHEDULE_LATER,At least one member job exceeds the single 09-hour prototype shift; explicit multi-shift/deferred scheduling is required.,,False,48.56,40.13375,24976.0
CL_0035,DBSCAN_REFINED,ROAD,8,1170.529,69.1,4.0,20.7,joint_cutting_machine|plate_compactor,T001,1,8,9.0,False,False,True,True,True,TO_BE_CONFIGURED,SCHEDULE_LATER,At least one member job exceeds the single 09-hour prototype shift; explicit multi-shift/deferred scheduling is required.,,False,47.53,36.1275,31202.6
CL_0036,DBSCAN_REFINED,ROAD,9,1634.9,62.8,4.0,21.6,joint_cutting_machine|plate_compactor,T001,1,7,9.0,False,False,True,True,True,TO_BE_CONFIGURED,SCHEDULE_LATER,At least one member job exceeds the single 09-hour prototype shift; explicit multi-shift/deferred scheduling is required.,,False,45.97,40.324444,29420.59
CL_0037,DBSCAN_REFINED,ROAD,7,1705.388,37.2,4.0,9.7,joint_cutting_machine|plate_compactor,T001,1,5,9.0,False,False,True,True,True,TO_BE_CONFIGURED,SCHEDULE_LATER,At least one member job exceeds the single 09-hour prototype shift; explicit multi-shift/deferred scheduling is required.,,False,45.21,39.044286,19562.86
CL_0038,DBSCAN_REFINED,ROAD,9,1345.648,49.6,4.0,7.4,joint_cutting_machine|plate_compactor,T001,1,6,9.0,False,True,True,True,True,TO_BE_CONFIGURED,SPLIT,Cluster total service duration is 49.60 h > 9.00 h. Split into approximately 6 shift-sized execution blocks before scheduling.,,False,43.35,37.018889,25520.0
CL_0039,DBSCAN_REFINED,ROAD,5,845.57,28.6,4.0,8.1,joint_cutting_machine|plate_compactor,T001,1,4,9.0,False,True,True,True,True,TO_BE_CONFIGURED,SPLIT,Cluster total service duration is 28.60 h > 9.00 h. Split into approximately 4 shift-sized execution blocks before scheduling.,,False,41.93,33.918,14859.08
CL_0040,DBSCAN_REFINED,ROAD,8,932.974,46.3,4.0,14.2,joint_cutting_machine|plate_compactor,T001,1,6,9.0,False,False,True,True,True,TO_BE_CONFIGURED,SCHEDULE_LATER,At least one member job exceeds the single 09-hour prototype shift; explicit multi-shift/deferred scheduling is required.,,False,41.58,33.19375,24211.93
CL_0041,DBSCAN_REFINED,ROAD,6,1016.411,40.7,4.0,14.8,joint_cutting_machine|plate_compactor,T001,1,5,9.0,False,False,True,True,True,TO_BE_CONFIGURED,SCHEDULE_LATER,At least one member job exceeds the single 09-hour prototype shift; explicit multi-shift/deferred scheduling is required.,,False,37.31,33.588333,19619.48
CL_0042,DBSCAN_REFINED,WATER,10,1504.147,108.2,4.0,24.1,drain_cleaning_tools|truck_5_5_cum_per_10_mt|water_leakage_repair_tools,T002,1,13,9.0,False,False,True,True,True,TO_BE_CONFIGURED,SCHEDULE_LATER,At least one member job exceeds the single 09-hour prototype shift; explicit multi-shift/deferred scheduling is required.,,False,67.25,50.453,35476.77
CL_0043,DBSCAN_REFINED,WATER,10,1343.916,83.7,4.0,17.4,drain_cleaning_tools|truck_5_5_cum_per_10_mt|water_leakage_repair_tools,T002,1,10,9.0,False,False,True,True,True,TO_BE_CONFIGURED,SCHEDULE_LATER,At least one member job exceeds the single 09-hour prototype shift; explicit multi-shift/deferred scheduling is required.,,False,60.88,44.683,28298.72
CL_0044,DBSCAN_REFINED,WATER,8,615.546,78.7,4.0,32.3,drain_cleaning_tools|truck_5_5_cum_per_10_mt|water_leakage_repair_tools,T002,1,9,9.0,False,False,True,True,True,TO_BE_CONFIGURED,SCHEDULE_LATER,At least one member job exceeds the single 09-hour prototype shift; explicit multi-shift/deferred scheduling is required.,,False,59.67,52.9825,26388.87
CL_0045,DBSCAN_REFINED,WATER,7,797.704,93.1,4.0,31.4,drain_cleaning_tools|truck_5_5_cum_per_10_mt|water_leakage_repair_tools,T002,1,11,9.0,False,False,True,True,True,TO_BE_CONFIGURED,SCHEDULE_LATER,At least one member job exceeds the single 09-hour prototype shift; explicit multi-shift/deferred scheduling is required.,,False,58.94,46.441429,31640.85
CL_0046,DBSCAN_REFINED,WATER,9,1045.607,132.4,4.0,41.4,drain_cleaning_tools|truck_5_5_cum_per_10_mt|water_leakage_repair_tools,T002,1,15,9.0,False,False,True,True,True,TO_BE_CONFIGURED,SCHEDULE_LATER,At least one member job exceeds the single 09-hour prototype shift; explicit multi-shift/deferred scheduling is required.,,False,55.82,46.596667,43893.13
CL_0047,DBSCAN_REFINED,WATER,6,718.633,103.9,4.0,34.8,drain_cleaning_tools|truck_5_5_cum_per_10_mt|water_leakage_repair_tools,T002,1,12,9.0,False,False,True,True,True,TO_BE_CONFIGURED,SCHEDULE_LATER,At least one member job exceeds the single 09-hour prototype shift; explicit multi-shift/deferred scheduling is required.,,False,54.39,45.846667,35560.25
CL_0048,DBSCAN_REFINED,WATER,9,906.695,85.6,4.0,20.8,drain_cleaning_tools|truck_5_5_cum_per_10_mt|water_leakage_repair_tools,T002,1,10,9.0,False,False,True,True,True,TO_BE_CONFIGURED,SCHEDULE_LATER,At least one member job exceeds the single 09-hour prototype shift; explicit multi-shift/deferred scheduling is required.,,False,54.12,43.242222,27346.78
CL_0049,DBSCAN_REFINED,WATER,4,688.558,52.2,4.0,40.3,drain_cleaning_tools|truck_5_5_cum_per_10_mt|water_leakage_repair_tools,T002,1,6,9.0,False,False,True,True,True,TO_BE_CONFIGURED,SCHEDULE_LATER,At least one member job exceeds the single 09-hour prototype shift; explicit multi-shift/deferred scheduling is required.,,False,52.03,40.7125,17778.45
CL_0050,DBSCAN_REFINED,WATER,5,541.517,81.4,4.0,42.0,drain_cleaning_tools|truck_5_5_cum_per_10_mt|water_leakage_repair_tools,T002,1,10,9.0,False,False,True,True,True,TO_BE_CONFIGURED,SCHEDULE_LATER,At least one member job exceeds the single 09-hour prototype shift; explicit multi-shift/deferred scheduling is required.,,False,51.86,48.04,26561.53
CL_0051,DBSCAN_REFINED,WATER,6,889.1,36.0,3.0,13.3,drain_cleaning_tools|truck_5_5_cum_per_10_mt|water_leakage_repair_tools,T002,1,4,9.0,False,False,True,True,True,TO_BE_CONFIGURED,SCHEDULE_LATER,At least one member job exceeds the single 09-hour prototype shift; explicit multi-shift/deferred scheduling is required.,,False,51.82,42.035,11297.28
CL_0052,DBSCAN_REFINED,WATER,10,1129.732,112.4,4.0,21.0,drain_cleaning_tools|truck_5_5_cum_per_10_mt|water_leakage_repair_tools,T002,1,13,9.0,False,False,True,True,True,TO_BE_CONFIGURED,SCHEDULE_LATER,At least one member job exceeds the single 09-hour prototype shift; explicit multi-shift/deferred scheduling is required.,,False,51.79,43.928,35029.23
CL_0053,DBSCAN_REFINED,WATER,9,1370.096,53.2,4.0,12.8,drain_cleaning_tools|truck_5_5_cum_per_10_mt|water_leakage_repair_tools,T002,1,6,9.0,False,False,True,True,True,TO_BE_CONFIGURED,SCHEDULE_LATER,At least one member job exceeds the single 09-hour prototype shift; explicit multi-shift/deferred scheduling is required.,,False,51.38,38.272222,18409.75
CL_0054,DBSCAN_REFINED,WATER,5,1062.645,37.4,4.0,15.5,drain_cleaning_tools|truck_5_5_cum_per_10_mt,T002,1,5,9.0,False,False,True,True,True,TO_BE_CONFIGURED,SCHEDULE_LATER,At least one member job exceeds the single 09-hour prototype shift; explicit multi-shift/deferred scheduling is required.,,False,51.02,35.272,12746.13
CL_0055,DBSCAN_REFINED,WATER,4,723.186,50.4,4.0,31.6,drain_cleaning_tools|truck_5_5_cum_per_10_mt,T002,1,6,9.0,False,False,True,True,True,TO_BE_CONFIGURED,SCHEDULE_LATER,At least one member job exceeds the single 09-hour prototype shift; explicit multi-shift/deferred scheduling is required.,,False,48.52,40.055,16279.35
CL_0056,DBSCAN_REFINED,WATER,6,548.238,40.4,4.0,12.1,drain_cleaning_tools|truck_5_5_cum_per_10_mt|water_leakage_repair_tools,T002,1,5,9.0,False,False,True,True,True,TO_BE_CONFIGURED,SCHEDULE_LATER,At least one member job exceeds the single 09-hour prototype shift; explicit multi-shift/deferred scheduling is required.,,False,47.77,39.756667,15514.43
CL_0057,DBSCAN_REFINED,WATER,8,828.108,88.1,4.0,38.9,truck_5_5_cum_per_10_mt|water_leakage_repair_tools,T002,1,10,9.0,False,False,True,True,True,TO_BE_CONFIGURED,SCHEDULE_LATER,At least one member job exceeds the single 09-hour prototype shift; explicit multi-shift/deferred scheduling is required.,,False,47.55,39.37375,30479.15
CL_0058,DBSCAN_REFINED,WATER,10,1016.708,100.3,4.0,23.3,drain_cleaning_tools|truck_5_5_cum_per_10_mt|water_leakage_repair_tools,T002,1,12,9.0,False,False,True,True,True,TO_BE_CONFIGURED,SCHEDULE_LATER,At least one member job exceeds the single 09-hour prototype shift; explicit multi-shift/deferred scheduling is required.,,False,47.19,39.705,32927.58
CL_0059,DBSCAN_REFINED,WATER,4,608.558,75.9,4.0,40.1,truck_5_5_cum_per_10_mt|water_leakage_repair_tools,T002,1,9,9.0,False,False,True,True,True,TO_BE_CONFIGURED,SCHEDULE_LATER,At least one member job exceeds the single 09-hour prototype shift; explicit multi-shift/deferred scheduling is required.,,False,46.96,40.88,26547.2
CL_0060,DBSCAN_REFINED,WATER,3,835.172,41.2,4.0,24.3,drain_cleaning_tools|truck_5_5_cum_per_10_mt,T002,1,5,9.0,False,False,True,True,True,TO_BE_CONFIGURED,SCHEDULE_LATER,At least one member job exceeds the single 09-hour prototype shift; explicit multi-shift/deferred scheduling is required.,,False,46.94,43.726667,14373.33
CL_0061,DBSCAN_REFINED,WATER,5,856.639,30.0,3.0,8.4,drain_cleaning_tools|truck_5_5_cum_per_10_mt|water_leakage_repair_tools,T002,1,4,9.0,False,True,True,True,True,TO_BE_CONFIGURED,SPLIT,Cluster total service duration is 30.00 h > 9.00 h. Split into approximately 4 shift-sized execution blocks before scheduling.,,False,46.15,32.828,10068.22
CL_0062,DBSCAN_REFINED,WATER,7,1310.842,90.5,4.0,39.9,drain_cleaning_tools|truck_5_5_cum_per_10_mt|water_leakage_repair_tools,T002,1,11,9.0,False,False,True,True,True,TO_BE_CONFIGURED,SCHEDULE_LATER,At least one member job exceeds the single 09-hour prototype shift; explicit multi-shift/deferred scheduling is required.,,False,44.02,36.741429,31870.45
CL_0063,DBSCAN_REFINED,WATER,5,1114.07,107.7,4.0,39.4,truck_5_5_cum_per_10_mt|water_leakage_repair_tools,T002,1,12,9.0,False,False,True,True,True,TO_BE_CONFIGURED,SCHEDULE_LATER,At least one member job exceeds the single 09-hour prototype shift; explicit multi-shift/deferred scheduling is required.,,False,42.98,37.87,36083.37
CL_0064,DBSCAN_REFINED,WATER,10,1198.891,108.8,4.0,24.4,drain_cleaning_tools|truck_5_5_cum_per_10_mt|water_leakage_repair_tools,T002,1,13,9.0,False,False,True,True,True,TO_BE_CONFIGURED,SCHEDULE_LATER,At least one member job exceeds the single 09-hour prototype shift; explicit multi-shift/deferred scheduling is required.,,False,42.72,34.401,36606.07
CL_0065,DBSCAN_REFINED,WATER,8,886.404,100.6,4.0,20.5,drain_cleaning_tools|truck_5_5_cum_per_10_mt|water_leakage_repair_tools,T002,1,12,9.0,False,False,True,True,True,TO_BE_CONFIGURED,SCHEDULE_LATER,At least one member job exceeds the single 09-hour prototype shift; explicit multi-shift/deferred scheduling is required.,,False,41.41,33.385,31786.13
CL_0066,DBSCAN_REFINED,WATER,6,739.85,76.4,4.0,31.9,drain_cleaning_tools|truck_5_5_cum_per_10_mt|water_leakage_repair_tools,T002,1,9,9.0,False,False,True,True,True,TO_BE_CONFIGURED,SCHEDULE_LATER,At least one member job exceeds the single 09-hour prototype shift; explicit multi-shift/deferred scheduling is required.,,False,41.05,35.908333,25269.35
CL_0067,DBSCAN_REFINED,WATER,4,588.441,35.0,4.0,16.5,drain_cleaning_tools|water_leakage_repair_tools,T002,1,4,9.0,False,False,True,True,True,TO_BE_CONFIGURED,SCHEDULE_LATER,At least one member job exceeds the single 09-hour prototype shift; explicit multi-shift/deferred scheduling is required.,,False,37.35,31.36,10761.45
